place,state,climate,zone,tags,month,overview
Belconnen,ACT,cool,9a,inland,January,"Summer is milder. Growth steady but cool nights limit heat-lovers. Keep picking.

Start brassica and lettuce seedlings indoors. Direct-sow carrots, beetroot, silverbeet, kale.

Water deeply morning. Mulch heavily."
Belconnen,ACT,cool,9a,inland,February,"Summer is milder. Growth steady but cool nights limit heat-lovers. Keep picking.

Start brassica and lettuce seedlings indoors. Direct-sow carrots, beetroot, silverbeet, kale.

Water deeply morning. Mulch heavily."
Belconnen,ACT,cool,9a,inland,March,"Autumn transitions fast. Cool nights arrive, autumn crops thrive.

Plant brassicas, lettuce, leeks, onions. Direct-sow roots, peas, spinach, beans. Garlic in April.

Clear summer crops promptly. Empty beds need compost."
Belconnen,ACT,cool,9a,inland,April,"Autumn transitions fast. Cool nights arrive, autumn crops thrive.

Plant brassicas, lettuce, leeks, onions. Direct-sow roots, peas, spinach, beans. Garlic in April.

Clear summer crops promptly. Empty beds need compost."
Belconnen,ACT,cool,9a,inland,May,"Autumn transitions fast. Cool nights arrive, autumn crops thrive.

Plant brassicas, lettuce, leeks, onions. Direct-sow roots, peas, spinach, beans. Garlic in April.

Clear summer crops promptly. Empty beds need compost."
Belconnen,ACT,cool,9a,inland,June,"Winter is cool but manageable. Occasional frosts, not constant.

Winter crops grow steadily. Spinach, kale, peas, beans, brassicas, roots produce regular harvest.

Start spring seedlings by August. Use quiet winter for planning."
Belconnen,ACT,cool,9a,inland,July,"Winter is cool but manageable. Occasional frosts, not constant.

Winter crops grow steadily. Spinach, kale, peas, beans, brassicas, roots produce regular harvest.

Start spring seedlings by August. Use quiet winter for planning."
Belconnen,ACT,cool,9a,inland,August,"Winter is cool but manageable. Occasional frosts, not constant.

Winter crops grow steadily. Spinach, kale, peas, beans, brassicas, roots produce regular harvest.

Start spring seedlings by August. Use quiet winter for planning."
Belconnen,ACT,cool,9a,inland,September,"Spring arrives progressively. Early spring carries frost risk but warmth increases.

Plant tender crops by late October after frost passes. Sow: carrots, lettuce, roots. Succession sow.

Growth accelerates week by week."
Belconnen,ACT,cool,9a,inland,October,"Spring arrives progressively. Early spring carries frost risk but warmth increases.

Plant tender crops by late October after frost passes. Sow: carrots, lettuce, roots. Succession sow.

Growth accelerates week by week."
Belconnen,ACT,cool,9a,inland,November,"Spring arrives progressively. Early spring carries frost risk but warmth increases.

Plant tender crops by late October after frost passes. Sow: carrots, lettuce, roots. Succession sow.

Growth accelerates week by week."
Belconnen,ACT,cool,9a,inland,December,"Summer is milder. Growth steady but cool nights limit heat-lovers. Keep picking.

Start brassica and lettuce seedlings indoors. Direct-sow carrots, beetroot, silverbeet, kale.

Water deeply morning. Mulch heavily."
Braddon,ACT,cool,9a,inland,January,"Summer is milder. Growth steady but cool nights limit heat-lovers. Keep picking.

Start brassica and lettuce seedlings indoors. Direct-sow carrots, beetroot, silverbeet, kale.

Water deeply morning. Mulch heavily."
Braddon,ACT,cool,9a,inland,February,"Summer is milder. Growth steady but cool nights limit heat-lovers. Keep picking.

Start brassica and lettuce seedlings indoors. Direct-sow carrots, beetroot, silverbeet, kale.

Water deeply morning. Mulch heavily."
Braddon,ACT,cool,9a,inland,March,"Autumn transitions fast. Cool nights arrive, autumn crops thrive.

Plant brassicas, lettuce, leeks, onions. Direct-sow roots, peas, spinach, beans. Garlic in April.

Clear summer crops promptly. Empty beds need compost."
Braddon,ACT,cool,9a,inland,April,"Autumn transitions fast. Cool nights arrive, autumn crops thrive.

Plant brassicas, lettuce, leeks, onions. Direct-sow roots, peas, spinach, beans. Garlic in April.

Clear summer crops promptly. Empty beds need compost."
Braddon,ACT,cool,9a,inland,May,"Autumn transitions fast. Cool nights arrive, autumn crops thrive.

Plant brassicas, lettuce, leeks, onions. Direct-sow roots, peas, spinach, beans. Garlic in April.

Clear summer crops promptly. Empty beds need compost."
Braddon,ACT,cool,9a,inland,June,"Winter is cool but manageable. Occasional frosts, not constant.

Winter crops grow steadily. Spinach, kale, peas, beans, brassicas, roots produce regular harvest.

Start spring seedlings by August. Use quiet winter for planning."
Braddon,ACT,cool,9a,inland,July,"Winter is cool but manageable. Occasional frosts, not constant.

Winter crops grow steadily. Spinach, kale, peas, beans, brassicas, roots produce regular harvest.

Start spring seedlings by August. Use quiet winter for planning."
Braddon,ACT,cool,9a,inland,August,"Winter is cool but manageable. Occasional frosts, not constant.

Winter crops grow steadily. Spinach, kale, peas, beans, brassicas, roots produce regular harvest.

Start spring seedlings by August. Use quiet winter for planning."
Braddon,ACT,cool,9a,inland,September,"Spring arrives progressively. Early spring carries frost risk but warmth increases.

Plant tender crops by late October after frost passes. Sow: carrots, lettuce, roots. Succession sow.

Growth accelerates week by week."
Braddon,ACT,cool,9a,inland,October,"Spring arrives progressively. Early spring carries frost risk but warmth increases.

Plant tender crops by late October after frost passes. Sow: carrots, lettuce, roots. Succession sow.

Growth accelerates week by week."
Braddon,ACT,cool,9a,inland,November,"Spring arrives progressively. Early spring carries frost risk but warmth increases.

Plant tender crops by late October after frost passes. Sow: carrots, lettuce, roots. Succession sow.

Growth accelerates week by week."
Braddon,ACT,cool,9a,inland,December,"Summer is milder. Growth steady but cool nights limit heat-lovers. Keep picking.

Start brassica and lettuce seedlings indoors. Direct-sow carrots, beetroot, silverbeet, kale.

Water deeply morning. Mulch heavily."
Canberra,ACT,cool,9a,inland,January,"Summer is milder. Growth steady but cool nights limit heat-lovers. Keep picking.

Start brassica and lettuce seedlings indoors. Direct-sow carrots, beetroot, silverbeet, kale.

Water deeply morning. Mulch heavily."
Canberra,ACT,cool,9a,inland,February,"Summer is milder. Growth steady but cool nights limit heat-lovers. Keep picking.

Start brassica and lettuce seedlings indoors. Direct-sow carrots, beetroot, silverbeet, kale.

Water deeply morning. Mulch heavily."
Canberra,ACT,cool,9a,inland,March,"Autumn transitions fast. Cool nights arrive, autumn crops thrive.

Plant brassicas, lettuce, leeks, onions. Direct-sow roots, peas, spinach, beans. Garlic in April.

Clear summer crops promptly. Empty beds need compost."
Canberra,ACT,cool,9a,inland,April,"Autumn transitions fast. Cool nights arrive, autumn crops thrive.

Plant brassicas, lettuce, leeks, onions. Direct-sow roots, peas, spinach, beans. Garlic in April.

Clear summer crops promptly. Empty beds need compost."
Canberra,ACT,cool,9a,inland,May,"Autumn transitions fast. Cool nights arrive, autumn crops thrive.

Plant brassicas, lettuce, leeks, onions. Direct-sow roots, peas, spinach, beans. Garlic in April.

Clear summer crops promptly. Empty beds need compost."
Canberra,ACT,cool,9a,inland,June,"Winter is cool but manageable. Occasional frosts, not constant.

Winter crops grow steadily. Spinach, kale, peas, beans, brassicas, roots produce regular harvest.

Start spring seedlings by August. Use quiet winter for planning."
Canberra,ACT,cool,9a,inland,July,"Winter is cool but manageable. Occasional frosts, not constant.

Winter crops grow steadily. Spinach, kale, peas, beans, brassicas, roots produce regular harvest.

Start spring seedlings by August. Use quiet winter for planning."
Canberra,ACT,cool,9a,inland,August,"Winter is cool but manageable. Occasional frosts, not constant.

Winter crops grow steadily. Spinach, kale, peas, beans, brassicas, roots produce regular harvest.

Start spring seedlings by August. Use quiet winter for planning."
Canberra,ACT,cool,9a,inland,September,"Spring arrives progressively. Early spring carries frost risk but warmth increases.

Plant tender crops by late October after frost passes. Sow: carrots, lettuce, roots. Succession sow.

Growth accelerates week by week."
Canberra,ACT,cool,9a,inland,October,"Spring arrives progressively. Early spring carries frost risk but warmth increases.

Plant tender crops by late October after frost passes. Sow: carrots, lettuce, roots. Succession sow.

Growth accelerates week by week."
Canberra,ACT,cool,9a,inland,November,"Spring arrives progressively. Early spring carries frost risk but warmth increases.

Plant tender crops by late October after frost passes. Sow: carrots, lettuce, roots. Succession sow.

Growth accelerates week by week."
Canberra,ACT,cool,9a,inland,December,"Summer is milder. Growth steady but cool nights limit heat-lovers. Keep picking.

Start brassica and lettuce seedlings indoors. Direct-sow carrots, beetroot, silverbeet, kale.

Water deeply morning. Mulch heavily."
Civic,ACT,cool,9a,inland,January,"Summer is milder. Growth steady but cool nights limit heat-lovers. Keep picking.

Start brassica and lettuce seedlings indoors. Direct-sow carrots, beetroot, silverbeet, kale.

Water deeply morning. Mulch heavily."
Civic,ACT,cool,9a,inland,February,"Summer is milder. Growth steady but cool nights limit heat-lovers. Keep picking.

Start brassica and lettuce seedlings indoors. Direct-sow carrots, beetroot, silverbeet, kale.

Water deeply morning. Mulch heavily."
Civic,ACT,cool,9a,inland,March,"Autumn transitions fast. Cool nights arrive, autumn crops thrive.

Plant brassicas, lettuce, leeks, onions. Direct-sow roots, peas, spinach, beans. Garlic in April.

Clear summer crops promptly. Empty beds need compost."
Civic,ACT,cool,9a,inland,April,"Autumn transitions fast. Cool nights arrive, autumn crops thrive.

Plant brassicas, lettuce, leeks, onions. Direct-sow roots, peas, spinach, beans. Garlic in April.

Clear summer crops promptly. Empty beds need compost."
Civic,ACT,cool,9a,inland,May,"Autumn transitions fast. Cool nights arrive, autumn crops thrive.

Plant brassicas, lettuce, leeks, onions. Direct-sow roots, peas, spinach, beans. Garlic in April.

Clear summer crops promptly. Empty beds need compost."
Civic,ACT,cool,9a,inland,June,"Winter is cool but manageable. Occasional frosts, not constant.

Winter crops grow steadily. Spinach, kale, peas, beans, brassicas, roots produce regular harvest.

Start spring seedlings by August. Use quiet winter for planning."
Civic,ACT,cool,9a,inland,July,"Winter is cool but manageable. Occasional frosts, not constant.

Winter crops grow steadily. Spinach, kale, peas, beans, brassicas, roots produce regular harvest.

Start spring seedlings by August. Use quiet winter for planning."
Civic,ACT,cool,9a,inland,August,"Winter is cool but manageable. Occasional frosts, not constant.

Winter crops grow steadily. Spinach, kale, peas, beans, brassicas, roots produce regular harvest.

Start spring seedlings by August. Use quiet winter for planning."
Civic,ACT,cool,9a,inland,September,"Spring arrives progressively. Early spring carries frost risk but warmth increases.

Plant tender crops by late October after frost passes. Sow: carrots, lettuce, roots. Succession sow.

Growth accelerates week by week."
Civic,ACT,cool,9a,inland,October,"Spring arrives progressively. Early spring carries frost risk but warmth increases.

Plant tender crops by late October after frost passes. Sow: carrots, lettuce, roots. Succession sow.

Growth accelerates week by week."
Civic,ACT,cool,9a,inland,November,"Spring arrives progressively. Early spring carries frost risk but warmth increases.

Plant tender crops by late October after frost passes. Sow: carrots, lettuce, roots. Succession sow.

Growth accelerates week by week."
Civic,ACT,cool,9a,inland,December,"Summer is milder. Growth steady but cool nights limit heat-lovers. Keep picking.

Start brassica and lettuce seedlings indoors. Direct-sow carrots, beetroot, silverbeet, kale.

Water deeply morning. Mulch heavily."
Dickson,ACT,cool,9a,inland,January,"Summer is milder. Growth steady but cool nights limit heat-lovers. Keep picking.

Start brassica and lettuce seedlings indoors. Direct-sow carrots, beetroot, silverbeet, kale.

Water deeply morning. Mulch heavily."
Dickson,ACT,cool,9a,inland,February,"Summer is milder. Growth steady but cool nights limit heat-lovers. Keep picking.

Start brassica and lettuce seedlings indoors. Direct-sow carrots, beetroot, silverbeet, kale.

Water deeply morning. Mulch heavily."
Dickson,ACT,cool,9a,inland,March,"Autumn transitions fast. Cool nights arrive, autumn crops thrive.

Plant brassicas, lettuce, leeks, onions. Direct-sow roots, peas, spinach, beans. Garlic in April.

Clear summer crops promptly. Empty beds need compost."
Dickson,ACT,cool,9a,inland,April,"Autumn transitions fast. Cool nights arrive, autumn crops thrive.

Plant brassicas, lettuce, leeks, onions. Direct-sow roots, peas, spinach, beans. Garlic in April.

Clear summer crops promptly. Empty beds need compost."
Dickson,ACT,cool,9a,inland,May,"Autumn transitions fast. Cool nights arrive, autumn crops thrive.

Plant brassicas, lettuce, leeks, onions. Direct-sow roots, peas, spinach, beans. Garlic in April.

Clear summer crops promptly. Empty beds need compost."
Dickson,ACT,cool,9a,inland,June,"Winter is cool but manageable. Occasional frosts, not constant.

Winter crops grow steadily. Spinach, kale, peas, beans, brassicas, roots produce regular harvest.

Start spring seedlings by August. Use quiet winter for planning."
Dickson,ACT,cool,9a,inland,July,"Winter is cool but manageable. Occasional frosts, not constant.

Winter crops grow steadily. Spinach, kale, peas, beans, brassicas, roots produce regular harvest.

Start spring seedlings by August. Use quiet winter for planning."
Dickson,ACT,cool,9a,inland,August,"Winter is cool but manageable. Occasional frosts, not constant.

Winter crops grow steadily. Spinach, kale, peas, beans, brassicas, roots produce regular harvest.

Start spring seedlings by August. Use quiet winter for planning."
Dickson,ACT,cool,9a,inland,September,"Spring arrives progressively. Early spring carries frost risk but warmth increases.

Plant tender crops by late October after frost passes. Sow: carrots, lettuce, roots. Succession sow.

Growth accelerates week by week."
Dickson,ACT,cool,9a,inland,October,"Spring arrives progressively. Early spring carries frost risk but warmth increases.

Plant tender crops by late October after frost passes. Sow: carrots, lettuce, roots. Succession sow.

Growth accelerates week by week."
Dickson,ACT,cool,9a,inland,November,"Spring arrives progressively. Early spring carries frost risk but warmth increases.

Plant tender crops by late October after frost passes. Sow: carrots, lettuce, roots. Succession sow.

Growth accelerates week by week."
Dickson,ACT,cool,9a,inland,December,"Summer is milder. Growth steady but cool nights limit heat-lovers. Keep picking.

Start brassica and lettuce seedlings indoors. Direct-sow carrots, beetroot, silverbeet, kale.

Water deeply morning. Mulch heavily."
Fyshwick,ACT,cool,9a,inland,January,"Summer is milder. Growth steady but cool nights limit heat-lovers. Keep picking.

Start brassica and lettuce seedlings indoors. Direct-sow carrots, beetroot, silverbeet, kale.

Water deeply morning. Mulch heavily."
Fyshwick,ACT,cool,9a,inland,February,"Summer is milder. Growth steady but cool nights limit heat-lovers. Keep picking.

Start brassica and lettuce seedlings indoors. Direct-sow carrots, beetroot, silverbeet, kale.

Water deeply morning. Mulch heavily."
Fyshwick,ACT,cool,9a,inland,March,"Autumn transitions fast. Cool nights arrive, autumn crops thrive.

Plant brassicas, lettuce, leeks, onions. Direct-sow roots, peas, spinach, beans. Garlic in April.

Clear summer crops promptly. Empty beds need compost."
Fyshwick,ACT,cool,9a,inland,April,"Autumn transitions fast. Cool nights arrive, autumn crops thrive.

Plant brassicas, lettuce, leeks, onions. Direct-sow roots, peas, spinach, beans. Garlic in April.

Clear summer crops promptly. Empty beds need compost."
Fyshwick,ACT,cool,9a,inland,May,"Autumn transitions fast. Cool nights arrive, autumn crops thrive.

Plant brassicas, lettuce, leeks, onions. Direct-sow roots, peas, spinach, beans. Garlic in April.

Clear summer crops promptly. Empty beds need compost."
Fyshwick,ACT,cool,9a,inland,June,"Winter is cool but manageable. Occasional frosts, not constant.

Winter crops grow steadily. Spinach, kale, peas, beans, brassicas, roots produce regular harvest.

Start spring seedlings by August. Use quiet winter for planning."
Fyshwick,ACT,cool,9a,inland,July,"Winter is cool but manageable. Occasional frosts, not constant.

Winter crops grow steadily. Spinach, kale, peas, beans, brassicas, roots produce regular harvest.

Start spring seedlings by August. Use quiet winter for planning."
Fyshwick,ACT,cool,9a,inland,August,"Winter is cool but manageable. Occasional frosts, not constant.

Winter crops grow steadily. Spinach, kale, peas, beans, brassicas, roots produce regular harvest.

Start spring seedlings by August. Use quiet winter for planning."
Fyshwick,ACT,cool,9a,inland,September,"Spring arrives progressively. Early spring carries frost risk but warmth increases.

Plant tender crops by late October after frost passes. Sow: carrots, lettuce, roots. Succession sow.

Growth accelerates week by week."
Fyshwick,ACT,cool,9a,inland,October,"Spring arrives progressively. Early spring carries frost risk but warmth increases.

Plant tender crops by late October after frost passes. Sow: carrots, lettuce, roots. Succession sow.

Growth accelerates week by week."
Fyshwick,ACT,cool,9a,inland,November,"Spring arrives progressively. Early spring carries frost risk but warmth increases.

Plant tender crops by late October after frost passes. Sow: carrots, lettuce, roots. Succession sow.

Growth accelerates week by week."
Fyshwick,ACT,cool,9a,inland,December,"Summer is milder. Growth steady but cool nights limit heat-lovers. Keep picking.

Start brassica and lettuce seedlings indoors. Direct-sow carrots, beetroot, silverbeet, kale.

Water deeply morning. Mulch heavily."
Gungahlin,ACT,cool,9a,inland,January,"Summer is milder. Growth steady but cool nights limit heat-lovers. Keep picking.

Start brassica and lettuce seedlings indoors. Direct-sow carrots, beetroot, silverbeet, kale.

Water deeply morning. Mulch heavily."
Gungahlin,ACT,cool,9a,inland,February,"Summer is milder. Growth steady but cool nights limit heat-lovers. Keep picking.

Start brassica and lettuce seedlings indoors. Direct-sow carrots, beetroot, silverbeet, kale.

Water deeply morning. Mulch heavily."
Gungahlin,ACT,cool,9a,inland,March,"Autumn transitions fast. Cool nights arrive, autumn crops thrive.

Plant brassicas, lettuce, leeks, onions. Direct-sow roots, peas, spinach, beans. Garlic in April.

Clear summer crops promptly. Empty beds need compost."
Gungahlin,ACT,cool,9a,inland,April,"Autumn transitions fast. Cool nights arrive, autumn crops thrive.

Plant brassicas, lettuce, leeks, onions. Direct-sow roots, peas, spinach, beans. Garlic in April.

Clear summer crops promptly. Empty beds need compost."
Gungahlin,ACT,cool,9a,inland,May,"Autumn transitions fast. Cool nights arrive, autumn crops thrive.

Plant brassicas, lettuce, leeks, onions. Direct-sow roots, peas, spinach, beans. Garlic in April.

Clear summer crops promptly. Empty beds need compost."
Gungahlin,ACT,cool,9a,inland,June,"Winter is cool but manageable. Occasional frosts, not constant.

Winter crops grow steadily. Spinach, kale, peas, beans, brassicas, roots produce regular harvest.

Start spring seedlings by August. Use quiet winter for planning."
Gungahlin,ACT,cool,9a,inland,July,"Winter is cool but manageable. Occasional frosts, not constant.

Winter crops grow steadily. Spinach, kale, peas, beans, brassicas, roots produce regular harvest.

Start spring seedlings by August. Use quiet winter for planning."
Gungahlin,ACT,cool,9a,inland,August,"Winter is cool but manageable. Occasional frosts, not constant.

Winter crops grow steadily. Spinach, kale, peas, beans, brassicas, roots produce regular harvest.

Start spring seedlings by August. Use quiet winter for planning."
Gungahlin,ACT,cool,9a,inland,September,"Spring arrives progressively. Early spring carries frost risk but warmth increases.

Plant tender crops by late October after frost passes. Sow: carrots, lettuce, roots. Succession sow.

Growth accelerates week by week."
Gungahlin,ACT,cool,9a,inland,October,"Spring arrives progressively. Early spring carries frost risk but warmth increases.

Plant tender crops by late October after frost passes. Sow: carrots, lettuce, roots. Succession sow.

Growth accelerates week by week."
Gungahlin,ACT,cool,9a,inland,November,"Spring arrives progressively. Early spring carries frost risk but warmth increases.

Plant tender crops by late October after frost passes. Sow: carrots, lettuce, roots. Succession sow.

Growth accelerates week by week."
Gungahlin,ACT,cool,9a,inland,December,"Summer is milder. Growth steady but cool nights limit heat-lovers. Keep picking.

Start brassica and lettuce seedlings indoors. Direct-sow carrots, beetroot, silverbeet, kale.

Water deeply morning. Mulch heavily."
Tuggeranong,ACT,cool,9a,inland,January,"Summer is milder. Growth steady but cool nights limit heat-lovers. Keep picking.

Start brassica and lettuce seedlings indoors. Direct-sow carrots, beetroot, silverbeet, kale.

Water deeply morning. Mulch heavily."
Tuggeranong,ACT,cool,9a,inland,February,"Summer is milder. Growth steady but cool nights limit heat-lovers. Keep picking.

Start brassica and lettuce seedlings indoors. Direct-sow carrots, beetroot, silverbeet, kale.

Water deeply morning. Mulch heavily."
Tuggeranong,ACT,cool,9a,inland,March,"Autumn transitions fast. Cool nights arrive, autumn crops thrive.

Plant brassicas, lettuce, leeks, onions. Direct-sow roots, peas, spinach, beans. Garlic in April.

Clear summer crops promptly. Empty beds need compost."
Tuggeranong,ACT,cool,9a,inland,April,"Autumn transitions fast. Cool nights arrive, autumn crops thrive.

Plant brassicas, lettuce, leeks, onions. Direct-sow roots, peas, spinach, beans. Garlic in April.

Clear summer crops promptly. Empty beds need compost."
Tuggeranong,ACT,cool,9a,inland,May,"Autumn transitions fast. Cool nights arrive, autumn crops thrive.

Plant brassicas, lettuce, leeks, onions. Direct-sow roots, peas, spinach, beans. Garlic in April.

Clear summer crops promptly. Empty beds need compost."
Tuggeranong,ACT,cool,9a,inland,June,"Winter is cool but manageable. Occasional frosts, not constant.

Winter crops grow steadily. Spinach, kale, peas, beans, brassicas, roots produce regular harvest.

Start spring seedlings by August. Use quiet winter for planning."
Tuggeranong,ACT,cool,9a,inland,July,"Winter is cool but manageable. Occasional frosts, not constant.

Winter crops grow steadily. Spinach, kale, peas, beans, brassicas, roots produce regular harvest.

Start spring seedlings by August. Use quiet winter for planning."
Tuggeranong,ACT,cool,9a,inland,August,"Winter is cool but manageable. Occasional frosts, not constant.

Winter crops grow steadily. Spinach, kale, peas, beans, brassicas, roots produce regular harvest.

Start spring seedlings by August. Use quiet winter for planning."
Tuggeranong,ACT,cool,9a,inland,September,"Spring arrives progressively. Early spring carries frost risk but warmth increases.

Plant tender crops by late October after frost passes. Sow: carrots, lettuce, roots. Succession sow.

Growth accelerates week by week."
Tuggeranong,ACT,cool,9a,inland,October,"Spring arrives progressively. Early spring carries frost risk but warmth increases.

Plant tender crops by late October after frost passes. Sow: carrots, lettuce, roots. Succession sow.

Growth accelerates week by week."
Tuggeranong,ACT,cool,9a,inland,November,"Spring arrives progressively. Early spring carries frost risk but warmth increases.

Plant tender crops by late October after frost passes. Sow: carrots, lettuce, roots. Succession sow.

Growth accelerates week by week."
Tuggeranong,ACT,cool,9a,inland,December,"Summer is milder. Growth steady but cool nights limit heat-lovers. Keep picking.

Start brassica and lettuce seedlings indoors. Direct-sow carrots, beetroot, silverbeet, kale.

Water deeply morning. Mulch heavily."
Woden Valley,ACT,cool,9a,inland,January,"Summer is milder. Growth steady but cool nights limit heat-lovers. Keep picking.

Start brassica and lettuce seedlings indoors. Direct-sow carrots, beetroot, silverbeet, kale.

Water deeply morning. Mulch heavily."
Woden Valley,ACT,cool,9a,inland,February,"Summer is milder. Growth steady but cool nights limit heat-lovers. Keep picking.

Start brassica and lettuce seedlings indoors. Direct-sow carrots, beetroot, silverbeet, kale.

Water deeply morning. Mulch heavily."
Woden Valley,ACT,cool,9a,inland,March,"Autumn transitions fast. Cool nights arrive, autumn crops thrive.

Plant brassicas, lettuce, leeks, onions. Direct-sow roots, peas, spinach, beans. Garlic in April.

Clear summer crops promptly. Empty beds need compost."
Woden Valley,ACT,cool,9a,inland,April,"Autumn transitions fast. Cool nights arrive, autumn crops thrive.

Plant brassicas, lettuce, leeks, onions. Direct-sow roots, peas, spinach, beans. Garlic in April.

Clear summer crops promptly. Empty beds need compost."
Woden Valley,ACT,cool,9a,inland,May,"Autumn transitions fast. Cool nights arrive, autumn crops thrive.

Plant brassicas, lettuce, leeks, onions. Direct-sow roots, peas, spinach, beans. Garlic in April.

Clear summer crops promptly. Empty beds need compost."
Woden Valley,ACT,cool,9a,inland,June,"Winter is cool but manageable. Occasional frosts, not constant.

Winter crops grow steadily. Spinach, kale, peas, beans, brassicas, roots produce regular harvest.

Start spring seedlings by August. Use quiet winter for planning."
Woden Valley,ACT,cool,9a,inland,July,"Winter is cool but manageable. Occasional frosts, not constant.

Winter crops grow steadily. Spinach, kale, peas, beans, brassicas, roots produce regular harvest.

Start spring seedlings by August. Use quiet winter for planning."
Woden Valley,ACT,cool,9a,inland,August,"Winter is cool but manageable. Occasional frosts, not constant.

Winter crops grow steadily. Spinach, kale, peas, beans, brassicas, roots produce regular harvest.

Start spring seedlings by August. Use quiet winter for planning."
Woden Valley,ACT,cool,9a,inland,September,"Spring arrives progressively. Early spring carries frost risk but warmth increases.

Plant tender crops by late October after frost passes. Sow: carrots, lettuce, roots. Succession sow.

Growth accelerates week by week."
Woden Valley,ACT,cool,9a,inland,October,"Spring arrives progressively. Early spring carries frost risk but warmth increases.

Plant tender crops by late October after frost passes. Sow: carrots, lettuce, roots. Succession sow.

Growth accelerates week by week."
Woden Valley,ACT,cool,9a,inland,November,"Spring arrives progressively. Early spring carries frost risk but warmth increases.

Plant tender crops by late October after frost passes. Sow: carrots, lettuce, roots. Succession sow.

Growth accelerates week by week."
Woden Valley,ACT,cool,9a,inland,December,"Summer is milder. Growth steady but cool nights limit heat-lovers. Keep picking.

Start brassica and lettuce seedlings indoors. Direct-sow carrots, beetroot, silverbeet, kale.

Water deeply morning. Mulch heavily."
Albury,NSW,cool,9b,inland,January,"Summer is milder. Growth steady but cool nights limit heat-lovers. Keep picking.

Start brassica and lettuce seedlings indoors. Direct-sow carrots, beetroot, silverbeet, kale.

Water deeply morning. Mulch heavily."
Albury,NSW,cool,9b,inland,February,"Summer is milder. Growth steady but cool nights limit heat-lovers. Keep picking.

Start brassica and lettuce seedlings indoors. Direct-sow carrots, beetroot, silverbeet, kale.

Water deeply morning. Mulch heavily."
Albury,NSW,cool,9b,inland,March,"Autumn transitions fast. Cool nights arrive, autumn crops thrive.

Plant brassicas, lettuce, leeks, onions. Direct-sow roots, peas, spinach, beans. Garlic in April.

Clear summer crops promptly. Empty beds need compost."
Albury,NSW,cool,9b,inland,April,"Autumn transitions fast. Cool nights arrive, autumn crops thrive.

Plant brassicas, lettuce, leeks, onions. Direct-sow roots, peas, spinach, beans. Garlic in April.

Clear summer crops promptly. Empty beds need compost."
Albury,NSW,cool,9b,inland,May,"Autumn transitions fast. Cool nights arrive, autumn crops thrive.

Plant brassicas, lettuce, leeks, onions. Direct-sow roots, peas, spinach, beans. Garlic in April.

Clear summer crops promptly. Empty beds need compost."
Albury,NSW,cool,9b,inland,June,"Winter is cool but manageable. Occasional frosts, not constant.

Winter crops grow steadily. Spinach, kale, peas, beans, brassicas, roots produce regular harvest.

Start spring seedlings by August. Use quiet winter for planning."
Albury,NSW,cool,9b,inland,July,"Winter is cool but manageable. Occasional frosts, not constant.

Winter crops grow steadily. Spinach, kale, peas, beans, brassicas, roots produce regular harvest.

Start spring seedlings by August. Use quiet winter for planning."
Albury,NSW,cool,9b,inland,August,"Winter is cool but manageable. Occasional frosts, not constant.

Winter crops grow steadily. Spinach, kale, peas, beans, brassicas, roots produce regular harvest.

Start spring seedlings by August. Use quiet winter for planning."
Albury,NSW,cool,9b,inland,September,"Spring arrives progressively. Early spring carries frost risk but warmth increases.

Plant tender crops by late October after frost passes. Sow: carrots, lettuce, roots. Succession sow.

Growth accelerates week by week."
Albury,NSW,cool,9b,inland,October,"Spring arrives progressively. Early spring carries frost risk but warmth increases.

Plant tender crops by late October after frost passes. Sow: carrots, lettuce, roots. Succession sow.

Growth accelerates week by week."
Albury,NSW,cool,9b,inland,November,"Spring arrives progressively. Early spring carries frost risk but warmth increases.

Plant tender crops by late October after frost passes. Sow: carrots, lettuce, roots. Succession sow.

Growth accelerates week by week."
Albury,NSW,cool,9b,inland,December,"Summer is milder. Growth steady but cool nights limit heat-lovers. Keep picking.

Start brassica and lettuce seedlings indoors. Direct-sow carrots, beetroot, silverbeet, kale.

Water deeply morning. Mulch heavily."
Alexandria,NSW,temperate,10b,coastal,January,"Summer production solid. Tomatoes, beans, cucumbers, zucchini, pumpkins grow well with consistent water. Pick regularly.

Sow autumn crops in warm soil: carrots, beets, brassicas, lettuce establish quickly.

Water deeply morning. Mulch moderates temperature."
Alexandria,NSW,temperate,10b,coastal,February,"Summer production solid. Tomatoes, beans, cucumbers, zucchini, pumpkins grow well with consistent water. Pick regularly.

Sow autumn crops in warm soil: carrots, beets, brassicas, lettuce establish quickly.

Water deeply morning. Mulch moderates temperature."
Alexandria,NSW,temperate,10b,coastal,March,"Autumn established. Prime time for cool-season crops: brassicas, lettuce, roots, peas, beans.

Plant seedlings and direct-sow freely. Garlic in April. Everything grows steadily as temperatures cool.

Clear summer crops. Empty beds should be mulched."
Alexandria,NSW,temperate,10b,coastal,April,"Autumn established. Prime time for cool-season crops: brassicas, lettuce, roots, peas, beans.

Plant seedlings and direct-sow freely. Garlic in April. Everything grows steadily as temperatures cool.

Clear summer crops. Empty beds should be mulched."
Alexandria,NSW,temperate,10b,coastal,May,"Autumn established. Prime time for cool-season crops: brassicas, lettuce, roots, peas, beans.

Plant seedlings and direct-sow freely. Garlic in April. Everything grows steadily as temperatures cool.

Clear summer crops. Empty beds should be mulched."
Alexandria,NSW,temperate,10b,coastal,June,"Winter is cool to cold. Frosts vary by location.

Winter crops provide steady harvest. Kale, spinach, peas, beans, roots produce. Protect tender plantings.

Start spring seedlings indoors. Prepare beds."
Alexandria,NSW,temperate,10b,coastal,July,"Winter is cool to cold. Frosts vary by location.

Winter crops provide steady harvest. Kale, spinach, peas, beans, roots produce. Protect tender plantings.

Start spring seedlings indoors. Prepare beds."
Alexandria,NSW,temperate,10b,coastal,August,"Winter is cool to cold. Frosts vary by location.

Winter crops provide steady harvest. Kale, spinach, peas, beans, roots produce. Protect tender plantings.

Start spring seedlings indoors. Prepare beds."
Alexandria,NSW,temperate,10b,coastal,September,"Spring arrives progressively. Frost risk decreases but may linger into early October.

Plant tender crops after last frost. Sow: carrots, lettuce, roots, herbs. Succession sow.

Growth accelerates through spring."
Alexandria,NSW,temperate,10b,coastal,October,"Spring arrives progressively. Frost risk decreases but may linger into early October.

Plant tender crops after last frost. Sow: carrots, lettuce, roots, herbs. Succession sow.

Growth accelerates through spring."
Alexandria,NSW,temperate,10b,coastal,November,"Spring arrives progressively. Frost risk decreases but may linger into early October.

Plant tender crops after last frost. Sow: carrots, lettuce, roots, herbs. Succession sow.

Growth accelerates through spring."
Alexandria,NSW,temperate,10b,coastal,December,"Summer production solid. Tomatoes, beans, cucumbers, zucchini, pumpkins grow well with consistent water. Pick regularly.

Sow autumn crops in warm soil: carrots, beets, brassicas, lettuce establish quickly.

Water deeply morning. Mulch moderates temperature."
Armidale,NSW,cool,9b,alpine_highland|inland,January,"Summer is milder. Growth steady but cool nights limit heat-lovers. Keep picking.

Start brassica and lettuce seedlings indoors. Direct-sow carrots, beetroot, silverbeet, kale.

Water deeply morning. Mulch heavily."
Armidale,NSW,cool,9b,alpine_highland|inland,February,"Summer is milder. Growth steady but cool nights limit heat-lovers. Keep picking.

Start brassica and lettuce seedlings indoors. Direct-sow carrots, beetroot, silverbeet, kale.

Water deeply morning. Mulch heavily."
Armidale,NSW,cool,9b,alpine_highland|inland,March,"Autumn transitions fast. Cool nights arrive, autumn crops thrive.

Plant brassicas, lettuce, leeks, onions. Direct-sow roots, peas, spinach, beans. Garlic in April.

Clear summer crops promptly. Empty beds need compost."
Armidale,NSW,cool,9b,alpine_highland|inland,April,"Autumn transitions fast. Cool nights arrive, autumn crops thrive.

Plant brassicas, lettuce, leeks, onions. Direct-sow roots, peas, spinach, beans. Garlic in April.

Clear summer crops promptly. Empty beds need compost."
Armidale,NSW,cool,9b,alpine_highland|inland,May,"Autumn transitions fast. Cool nights arrive, autumn crops thrive.

Plant brassicas, lettuce, leeks, onions. Direct-sow roots, peas, spinach, beans. Garlic in April.

Clear summer crops promptly. Empty beds need compost."
Armidale,NSW,cool,9b,alpine_highland|inland,June,"Winter is cool but manageable. Occasional frosts, not constant.

Winter crops grow steadily. Spinach, kale, peas, beans, brassicas, roots produce regular harvest.

Start spring seedlings by August. Use quiet winter for planning."
Armidale,NSW,cool,9b,alpine_highland|inland,July,"Winter is cool but manageable. Occasional frosts, not constant.

Winter crops grow steadily. Spinach, kale, peas, beans, brassicas, roots produce regular harvest.

Start spring seedlings by August. Use quiet winter for planning."
Armidale,NSW,cool,9b,alpine_highland|inland,August,"Winter is cool but manageable. Occasional frosts, not constant.

Winter crops grow steadily. Spinach, kale, peas, beans, brassicas, roots produce regular harvest.

Start spring seedlings by August. Use quiet winter for planning."
Armidale,NSW,cool,9b,alpine_highland|inland,September,"Spring arrives progressively. Early spring carries frost risk but warmth increases.

Plant tender crops by late October after frost passes. Sow: carrots, lettuce, roots. Succession sow.

Growth accelerates week by week."
Armidale,NSW,cool,9b,alpine_highland|inland,October,"Spring arrives progressively. Early spring carries frost risk but warmth increases.

Plant tender crops by late October after frost passes. Sow: carrots, lettuce, roots. Succession sow.

Growth accelerates week by week."
Armidale,NSW,cool,9b,alpine_highland|inland,November,"Spring arrives progressively. Early spring carries frost risk but warmth increases.

Plant tender crops by late October after frost passes. Sow: carrots, lettuce, roots. Succession sow.

Growth accelerates week by week."
Armidale,NSW,cool,9b,alpine_highland|inland,December,"Summer is milder. Growth steady but cool nights limit heat-lovers. Keep picking.

Start brassica and lettuce seedlings indoors. Direct-sow carrots, beetroot, silverbeet, kale.

Water deeply morning. Mulch heavily."
Ashfield,NSW,temperate,10b,coastal,January,"Summer production solid. Tomatoes, beans, cucumbers, zucchini, pumpkins grow well with consistent water. Pick regularly.

Sow autumn crops in warm soil: carrots, beets, brassicas, lettuce establish quickly.

Water deeply morning. Mulch moderates temperature."
Ashfield,NSW,temperate,10b,coastal,February,"Summer production solid. Tomatoes, beans, cucumbers, zucchini, pumpkins grow well with consistent water. Pick regularly.

Sow autumn crops in warm soil: carrots, beets, brassicas, lettuce establish quickly.

Water deeply morning. Mulch moderates temperature."
Ashfield,NSW,temperate,10b,coastal,March,"Autumn established. Prime time for cool-season crops: brassicas, lettuce, roots, peas, beans.

Plant seedlings and direct-sow freely. Garlic in April. Everything grows steadily as temperatures cool.

Clear summer crops. Empty beds should be mulched."
Ashfield,NSW,temperate,10b,coastal,April,"Autumn established. Prime time for cool-season crops: brassicas, lettuce, roots, peas, beans.

Plant seedlings and direct-sow freely. Garlic in April. Everything grows steadily as temperatures cool.

Clear summer crops. Empty beds should be mulched."
Ashfield,NSW,temperate,10b,coastal,May,"Autumn established. Prime time for cool-season crops: brassicas, lettuce, roots, peas, beans.

Plant seedlings and direct-sow freely. Garlic in April. Everything grows steadily as temperatures cool.

Clear summer crops. Empty beds should be mulched."
Ashfield,NSW,temperate,10b,coastal,June,"Winter is cool to cold. Frosts vary by location.

Winter crops provide steady harvest. Kale, spinach, peas, beans, roots produce. Protect tender plantings.

Start spring seedlings indoors. Prepare beds."
Ashfield,NSW,temperate,10b,coastal,July,"Winter is cool to cold. Frosts vary by location.

Winter crops provide steady harvest. Kale, spinach, peas, beans, roots produce. Protect tender plantings.

Start spring seedlings indoors. Prepare beds."
Ashfield,NSW,temperate,10b,coastal,August,"Winter is cool to cold. Frosts vary by location.

Winter crops provide steady harvest. Kale, spinach, peas, beans, roots produce. Protect tender plantings.

Start spring seedlings indoors. Prepare beds."
Ashfield,NSW,temperate,10b,coastal,September,"Spring arrives progressively. Frost risk decreases but may linger into early October.

Plant tender crops after last frost. Sow: carrots, lettuce, roots, herbs. Succession sow.

Growth accelerates through spring."
Ashfield,NSW,temperate,10b,coastal,October,"Spring arrives progressively. Frost risk decreases but may linger into early October.

Plant tender crops after last frost. Sow: carrots, lettuce, roots, herbs. Succession sow.

Growth accelerates through spring."
Ashfield,NSW,temperate,10b,coastal,November,"Spring arrives progressively. Frost risk decreases but may linger into early October.

Plant tender crops after last frost. Sow: carrots, lettuce, roots, herbs. Succession sow.

Growth accelerates through spring."
Ashfield,NSW,temperate,10b,coastal,December,"Summer production solid. Tomatoes, beans, cucumbers, zucchini, pumpkins grow well with consistent water. Pick regularly.

Sow autumn crops in warm soil: carrots, beets, brassicas, lettuce establish quickly.

Water deeply morning. Mulch moderates temperature."
Auburn,NSW,temperate,10b,inland,January,"Summer production solid. Tomatoes, beans, cucumbers, zucchini, pumpkins grow well with consistent water. Pick regularly.

Sow autumn crops in warm soil: carrots, beets, brassicas, lettuce establish quickly.

Water deeply morning. Mulch moderates temperature."
Auburn,NSW,temperate,10b,inland,February,"Summer production solid. Tomatoes, beans, cucumbers, zucchini, pumpkins grow well with consistent water. Pick regularly.

Sow autumn crops in warm soil: carrots, beets, brassicas, lettuce establish quickly.

Water deeply morning. Mulch moderates temperature."
Auburn,NSW,temperate,10b,inland,March,"Autumn established. Prime time for cool-season crops: brassicas, lettuce, roots, peas, beans.

Plant seedlings and direct-sow freely. Garlic in April. Everything grows steadily as temperatures cool.

Clear summer crops. Empty beds should be mulched."
Auburn,NSW,temperate,10b,inland,April,"Autumn established. Prime time for cool-season crops: brassicas, lettuce, roots, peas, beans.

Plant seedlings and direct-sow freely. Garlic in April. Everything grows steadily as temperatures cool.

Clear summer crops. Empty beds should be mulched."
Auburn,NSW,temperate,10b,inland,May,"Autumn established. Prime time for cool-season crops: brassicas, lettuce, roots, peas, beans.

Plant seedlings and direct-sow freely. Garlic in April. Everything grows steadily as temperatures cool.

Clear summer crops. Empty beds should be mulched."
Auburn,NSW,temperate,10b,inland,June,"Winter is cool to cold. Frosts vary by location.

Winter crops provide steady harvest. Kale, spinach, peas, beans, roots produce. Protect tender plantings.

Start spring seedlings indoors. Prepare beds."
Auburn,NSW,temperate,10b,inland,July,"Winter is cool to cold. Frosts vary by location.

Winter crops provide steady harvest. Kale, spinach, peas, beans, roots produce. Protect tender plantings.

Start spring seedlings indoors. Prepare beds."
Auburn,NSW,temperate,10b,inland,August,"Winter is cool to cold. Frosts vary by location.

Winter crops provide steady harvest. Kale, spinach, peas, beans, roots produce. Protect tender plantings.

Start spring seedlings indoors. Prepare beds."
Auburn,NSW,temperate,10b,inland,September,"Spring arrives progressively. Frost risk decreases but may linger into early October.

Plant tender crops after last frost. Sow: carrots, lettuce, roots, herbs. Succession sow.

Growth accelerates through spring."
Auburn,NSW,temperate,10b,inland,October,"Spring arrives progressively. Frost risk decreases but may linger into early October.

Plant tender crops after last frost. Sow: carrots, lettuce, roots, herbs. Succession sow.

Growth accelerates through spring."
Auburn,NSW,temperate,10b,inland,November,"Spring arrives progressively. Frost risk decreases but may linger into early October.

Plant tender crops after last frost. Sow: carrots, lettuce, roots, herbs. Succession sow.

Growth accelerates through spring."
Auburn,NSW,temperate,10b,inland,December,"Summer production solid. Tomatoes, beans, cucumbers, zucchini, pumpkins grow well with consistent water. Pick regularly.

Sow autumn crops in warm soil: carrots, beets, brassicas, lettuce establish quickly.

Water deeply morning. Mulch moderates temperature."
Balmain,NSW,temperate,10b,coastal,January,"Summer production solid. Tomatoes, beans, cucumbers, zucchini, pumpkins grow well with consistent water. Pick regularly.

Sow autumn crops in warm soil: carrots, beets, brassicas, lettuce establish quickly.

Water deeply morning. Mulch moderates temperature."
Balmain,NSW,temperate,10b,coastal,February,"Summer production solid. Tomatoes, beans, cucumbers, zucchini, pumpkins grow well with consistent water. Pick regularly.

Sow autumn crops in warm soil: carrots, beets, brassicas, lettuce establish quickly.

Water deeply morning. Mulch moderates temperature."
Balmain,NSW,temperate,10b,coastal,March,"Autumn established. Prime time for cool-season crops: brassicas, lettuce, roots, peas, beans.

Plant seedlings and direct-sow freely. Garlic in April. Everything grows steadily as temperatures cool.

Clear summer crops. Empty beds should be mulched."
Balmain,NSW,temperate,10b,coastal,April,"Autumn established. Prime time for cool-season crops: brassicas, lettuce, roots, peas, beans.

Plant seedlings and direct-sow freely. Garlic in April. Everything grows steadily as temperatures cool.

Clear summer crops. Empty beds should be mulched."
Balmain,NSW,temperate,10b,coastal,May,"Autumn established. Prime time for cool-season crops: brassicas, lettuce, roots, peas, beans.

Plant seedlings and direct-sow freely. Garlic in April. Everything grows steadily as temperatures cool.

Clear summer crops. Empty beds should be mulched."
Balmain,NSW,temperate,10b,coastal,June,"Winter is cool to cold. Frosts vary by location.

Winter crops provide steady harvest. Kale, spinach, peas, beans, roots produce. Protect tender plantings.

Start spring seedlings indoors. Prepare beds."
Balmain,NSW,temperate,10b,coastal,July,"Winter is cool to cold. Frosts vary by location.

Winter crops provide steady harvest. Kale, spinach, peas, beans, roots produce. Protect tender plantings.

Start spring seedlings indoors. Prepare beds."
Balmain,NSW,temperate,10b,coastal,August,"Winter is cool to cold. Frosts vary by location.

Winter crops provide steady harvest. Kale, spinach, peas, beans, roots produce. Protect tender plantings.

Start spring seedlings indoors. Prepare beds."
Balmain,NSW,temperate,10b,coastal,September,"Spring arrives progressively. Frost risk decreases but may linger into early October.

Plant tender crops after last frost. Sow: carrots, lettuce, roots, herbs. Succession sow.

Growth accelerates through spring."
Balmain,NSW,temperate,10b,coastal,October,"Spring arrives progressively. Frost risk decreases but may linger into early October.

Plant tender crops after last frost. Sow: carrots, lettuce, roots, herbs. Succession sow.

Growth accelerates through spring."
Balmain,NSW,temperate,10b,coastal,November,"Spring arrives progressively. Frost risk decreases but may linger into early October.

Plant tender crops after last frost. Sow: carrots, lettuce, roots, herbs. Succession sow.

Growth accelerates through spring."
Balmain,NSW,temperate,10b,coastal,December,"Summer production solid. Tomatoes, beans, cucumbers, zucchini, pumpkins grow well with consistent water. Pick regularly.

Sow autumn crops in warm soil: carrots, beets, brassicas, lettuce establish quickly.

Water deeply morning. Mulch moderates temperature."
Bankstown,NSW,temperate,10b,inland,January,"Summer production solid. Tomatoes, beans, cucumbers, zucchini, pumpkins grow well with consistent water. Pick regularly.

Sow autumn crops in warm soil: carrots, beets, brassicas, lettuce establish quickly.

Water deeply morning. Mulch moderates temperature."
Bankstown,NSW,temperate,10b,inland,February,"Summer production solid. Tomatoes, beans, cucumbers, zucchini, pumpkins grow well with consistent water. Pick regularly.

Sow autumn crops in warm soil: carrots, beets, brassicas, lettuce establish quickly.

Water deeply morning. Mulch moderates temperature."
Bankstown,NSW,temperate,10b,inland,March,"Autumn established. Prime time for cool-season crops: brassicas, lettuce, roots, peas, beans.

Plant seedlings and direct-sow freely. Garlic in April. Everything grows steadily as temperatures cool.

Clear summer crops. Empty beds should be mulched."
Bankstown,NSW,temperate,10b,inland,April,"Autumn established. Prime time for cool-season crops: brassicas, lettuce, roots, peas, beans.

Plant seedlings and direct-sow freely. Garlic in April. Everything grows steadily as temperatures cool.

Clear summer crops. Empty beds should be mulched."
Bankstown,NSW,temperate,10b,inland,May,"Autumn established. Prime time for cool-season crops: brassicas, lettuce, roots, peas, beans.

Plant seedlings and direct-sow freely. Garlic in April. Everything grows steadily as temperatures cool.

Clear summer crops. Empty beds should be mulched."
Bankstown,NSW,temperate,10b,inland,June,"Winter is cool to cold. Frosts vary by location.

Winter crops provide steady harvest. Kale, spinach, peas, beans, roots produce. Protect tender plantings.

Start spring seedlings indoors. Prepare beds."
Bankstown,NSW,temperate,10b,inland,July,"Winter is cool to cold. Frosts vary by location.

Winter crops provide steady harvest. Kale, spinach, peas, beans, roots produce. Protect tender plantings.

Start spring seedlings indoors. Prepare beds."
Bankstown,NSW,temperate,10b,inland,August,"Winter is cool to cold. Frosts vary by location.

Winter crops provide steady harvest. Kale, spinach, peas, beans, roots produce. Protect tender plantings.

Start spring seedlings indoors. Prepare beds."
Bankstown,NSW,temperate,10b,inland,September,"Spring arrives progressively. Frost risk decreases but may linger into early October.

Plant tender crops after last frost. Sow: carrots, lettuce, roots, herbs. Succession sow.

Growth accelerates through spring."
Bankstown,NSW,temperate,10b,inland,October,"Spring arrives progressively. Frost risk decreases but may linger into early October.

Plant tender crops after last frost. Sow: carrots, lettuce, roots, herbs. Succession sow.

Growth accelerates through spring."
Bankstown,NSW,temperate,10b,inland,November,"Spring arrives progressively. Frost risk decreases but may linger into early October.

Plant tender crops after last frost. Sow: carrots, lettuce, roots, herbs. Succession sow.

Growth accelerates through spring."
Bankstown,NSW,temperate,10b,inland,December,"Summer production solid. Tomatoes, beans, cucumbers, zucchini, pumpkins grow well with consistent water. Pick regularly.

Sow autumn crops in warm soil: carrots, beets, brassicas, lettuce establish quickly.

Water deeply morning. Mulch moderates temperature."
Batemans Bay,NSW,temperate,10a,inland,January,"Summer production solid. Tomatoes, beans, cucumbers, zucchini, pumpkins grow well with consistent water. Pick regularly.

Sow autumn crops in warm soil: carrots, beets, brassicas, lettuce establish quickly.

Water deeply morning. Mulch moderates temperature."
Batemans Bay,NSW,temperate,10a,inland,February,"Summer production solid. Tomatoes, beans, cucumbers, zucchini, pumpkins grow well with consistent water. Pick regularly.

Sow autumn crops in warm soil: carrots, beets, brassicas, lettuce establish quickly.

Water deeply morning. Mulch moderates temperature."
Batemans Bay,NSW,temperate,10a,inland,March,"Autumn established. Prime time for cool-season crops: brassicas, lettuce, roots, peas, beans.

Plant seedlings and direct-sow freely. Garlic in April. Everything grows steadily as temperatures cool.

Clear summer crops. Empty beds should be mulched."
Batemans Bay,NSW,temperate,10a,inland,April,"Autumn established. Prime time for cool-season crops: brassicas, lettuce, roots, peas, beans.

Plant seedlings and direct-sow freely. Garlic in April. Everything grows steadily as temperatures cool.

Clear summer crops. Empty beds should be mulched."
Batemans Bay,NSW,temperate,10a,inland,May,"Autumn established. Prime time for cool-season crops: brassicas, lettuce, roots, peas, beans.

Plant seedlings and direct-sow freely. Garlic in April. Everything grows steadily as temperatures cool.

Clear summer crops. Empty beds should be mulched."
Batemans Bay,NSW,temperate,10a,inland,June,"Winter is cool to cold. Frosts vary by location.

Winter crops provide steady harvest. Kale, spinach, peas, beans, roots produce. Protect tender plantings.

Start spring seedlings indoors. Prepare beds."
Batemans Bay,NSW,temperate,10a,inland,July,"Winter is cool to cold. Frosts vary by location.

Winter crops provide steady harvest. Kale, spinach, peas, beans, roots produce. Protect tender plantings.

Start spring seedlings indoors. Prepare beds."
Batemans Bay,NSW,temperate,10a,inland,August,"Winter is cool to cold. Frosts vary by location.

Winter crops provide steady harvest. Kale, spinach, peas, beans, roots produce. Protect tender plantings.

Start spring seedlings indoors. Prepare beds."
Batemans Bay,NSW,temperate,10a,inland,September,"Spring arrives progressively. Frost risk decreases but may linger into early October.

Plant tender crops after last frost. Sow: carrots, lettuce, roots, herbs. Succession sow.

Growth accelerates through spring."
Batemans Bay,NSW,temperate,10a,inland,October,"Spring arrives progressively. Frost risk decreases but may linger into early October.

Plant tender crops after last frost. Sow: carrots, lettuce, roots, herbs. Succession sow.

Growth accelerates through spring."
Batemans Bay,NSW,temperate,10a,inland,November,"Spring arrives progressively. Frost risk decreases but may linger into early October.

Plant tender crops after last frost. Sow: carrots, lettuce, roots, herbs. Succession sow.

Growth accelerates through spring."
Batemans Bay,NSW,temperate,10a,inland,December,"Summer production solid. Tomatoes, beans, cucumbers, zucchini, pumpkins grow well with consistent water. Pick regularly.

Sow autumn crops in warm soil: carrots, beets, brassicas, lettuce establish quickly.

Water deeply morning. Mulch moderates temperature."
Bathurst,NSW,cool,9a,alpine_highland|inland,January,"Summer is milder. Growth steady but cool nights limit heat-lovers. Keep picking.

Start brassica and lettuce seedlings indoors. Direct-sow carrots, beetroot, silverbeet, kale.

Water deeply morning. Mulch heavily."
Bathurst,NSW,cool,9a,alpine_highland|inland,February,"Summer is milder. Growth steady but cool nights limit heat-lovers. Keep picking.

Start brassica and lettuce seedlings indoors. Direct-sow carrots, beetroot, silverbeet, kale.

Water deeply morning. Mulch heavily."
Bathurst,NSW,cool,9a,alpine_highland|inland,March,"Autumn transitions fast. Cool nights arrive, autumn crops thrive.

Plant brassicas, lettuce, leeks, onions. Direct-sow roots, peas, spinach, beans. Garlic in April.

Clear summer crops promptly. Empty beds need compost."
Bathurst,NSW,cool,9a,alpine_highland|inland,April,"Autumn transitions fast. Cool nights arrive, autumn crops thrive.

Plant brassicas, lettuce, leeks, onions. Direct-sow roots, peas, spinach, beans. Garlic in April.

Clear summer crops promptly. Empty beds need compost."
Bathurst,NSW,cool,9a,alpine_highland|inland,May,"Autumn transitions fast. Cool nights arrive, autumn crops thrive.

Plant brassicas, lettuce, leeks, onions. Direct-sow roots, peas, spinach, beans. Garlic in April.

Clear summer crops promptly. Empty beds need compost."
Bathurst,NSW,cool,9a,alpine_highland|inland,June,"Winter is cool but manageable. Occasional frosts, not constant.

Winter crops grow steadily. Spinach, kale, peas, beans, brassicas, roots produce regular harvest.

Start spring seedlings by August. Use quiet winter for planning."
Bathurst,NSW,cool,9a,alpine_highland|inland,July,"Winter is cool but manageable. Occasional frosts, not constant.

Winter crops grow steadily. Spinach, kale, peas, beans, brassicas, roots produce regular harvest.

Start spring seedlings by August. Use quiet winter for planning."
Bathurst,NSW,cool,9a,alpine_highland|inland,August,"Winter is cool but manageable. Occasional frosts, not constant.

Winter crops grow steadily. Spinach, kale, peas, beans, brassicas, roots produce regular harvest.

Start spring seedlings by August. Use quiet winter for planning."
Bathurst,NSW,cool,9a,alpine_highland|inland,September,"Spring arrives progressively. Early spring carries frost risk but warmth increases.

Plant tender crops by late October after frost passes. Sow: carrots, lettuce, roots. Succession sow.

Growth accelerates week by week."
Bathurst,NSW,cool,9a,alpine_highland|inland,October,"Spring arrives progressively. Early spring carries frost risk but warmth increases.

Plant tender crops by late October after frost passes. Sow: carrots, lettuce, roots. Succession sow.

Growth accelerates week by week."
Bathurst,NSW,cool,9a,alpine_highland|inland,November,"Spring arrives progressively. Early spring carries frost risk but warmth increases.

Plant tender crops by late October after frost passes. Sow: carrots, lettuce, roots. Succession sow.

Growth accelerates week by week."
Bathurst,NSW,cool,9a,alpine_highland|inland,December,"Summer is milder. Growth steady but cool nights limit heat-lovers. Keep picking.

Start brassica and lettuce seedlings indoors. Direct-sow carrots, beetroot, silverbeet, kale.

Water deeply morning. Mulch heavily."
Bega,NSW,cool,9b,inland,January,"Summer is milder. Growth steady but cool nights limit heat-lovers. Keep picking.

Start brassica and lettuce seedlings indoors. Direct-sow carrots, beetroot, silverbeet, kale.

Water deeply morning. Mulch heavily."
Bega,NSW,cool,9b,inland,February,"Summer is milder. Growth steady but cool nights limit heat-lovers. Keep picking.

Start brassica and lettuce seedlings indoors. Direct-sow carrots, beetroot, silverbeet, kale.

Water deeply morning. Mulch heavily."
Bega,NSW,cool,9b,inland,March,"Autumn transitions fast. Cool nights arrive, autumn crops thrive.

Plant brassicas, lettuce, leeks, onions. Direct-sow roots, peas, spinach, beans. Garlic in April.

Clear summer crops promptly. Empty beds need compost."
Bega,NSW,cool,9b,inland,April,"Autumn transitions fast. Cool nights arrive, autumn crops thrive.

Plant brassicas, lettuce, leeks, onions. Direct-sow roots, peas, spinach, beans. Garlic in April.

Clear summer crops promptly. Empty beds need compost."
Bega,NSW,cool,9b,inland,May,"Autumn transitions fast. Cool nights arrive, autumn crops thrive.

Plant brassicas, lettuce, leeks, onions. Direct-sow roots, peas, spinach, beans. Garlic in April.

Clear summer crops promptly. Empty beds need compost."
Bega,NSW,cool,9b,inland,June,"Winter is cool but manageable. Occasional frosts, not constant.

Winter crops grow steadily. Spinach, kale, peas, beans, brassicas, roots produce regular harvest.

Start spring seedlings by August. Use quiet winter for planning."
Bega,NSW,cool,9b,inland,July,"Winter is cool but manageable. Occasional frosts, not constant.

Winter crops grow steadily. Spinach, kale, peas, beans, brassicas, roots produce regular harvest.

Start spring seedlings by August. Use quiet winter for planning."
Bega,NSW,cool,9b,inland,August,"Winter is cool but manageable. Occasional frosts, not constant.

Winter crops grow steadily. Spinach, kale, peas, beans, brassicas, roots produce regular harvest.

Start spring seedlings by August. Use quiet winter for planning."
Bega,NSW,cool,9b,inland,September,"Spring arrives progressively. Early spring carries frost risk but warmth increases.

Plant tender crops by late October after frost passes. Sow: carrots, lettuce, roots. Succession sow.

Growth accelerates week by week."
Bega,NSW,cool,9b,inland,October,"Spring arrives progressively. Early spring carries frost risk but warmth increases.

Plant tender crops by late October after frost passes. Sow: carrots, lettuce, roots. Succession sow.

Growth accelerates week by week."
Bega,NSW,cool,9b,inland,November,"Spring arrives progressively. Early spring carries frost risk but warmth increases.

Plant tender crops by late October after frost passes. Sow: carrots, lettuce, roots. Succession sow.

Growth accelerates week by week."
Bega,NSW,cool,9b,inland,December,"Summer is milder. Growth steady but cool nights limit heat-lovers. Keep picking.

Start brassica and lettuce seedlings indoors. Direct-sow carrots, beetroot, silverbeet, kale.

Water deeply morning. Mulch heavily."
Blackheath,NSW,cool,9a,alpine_highland|inland,January,"Summer is milder. Growth steady but cool nights limit heat-lovers. Keep picking.

Start brassica and lettuce seedlings indoors. Direct-sow carrots, beetroot, silverbeet, kale.

Water deeply morning. Mulch heavily."
Blackheath,NSW,cool,9a,alpine_highland|inland,February,"Summer is milder. Growth steady but cool nights limit heat-lovers. Keep picking.

Start brassica and lettuce seedlings indoors. Direct-sow carrots, beetroot, silverbeet, kale.

Water deeply morning. Mulch heavily."
Blackheath,NSW,cool,9a,alpine_highland|inland,March,"Autumn transitions fast. Cool nights arrive, autumn crops thrive.

Plant brassicas, lettuce, leeks, onions. Direct-sow roots, peas, spinach, beans. Garlic in April.

Clear summer crops promptly. Empty beds need compost."
Blackheath,NSW,cool,9a,alpine_highland|inland,April,"Autumn transitions fast. Cool nights arrive, autumn crops thrive.

Plant brassicas, lettuce, leeks, onions. Direct-sow roots, peas, spinach, beans. Garlic in April.

Clear summer crops promptly. Empty beds need compost."
Blackheath,NSW,cool,9a,alpine_highland|inland,May,"Autumn transitions fast. Cool nights arrive, autumn crops thrive.

Plant brassicas, lettuce, leeks, onions. Direct-sow roots, peas, spinach, beans. Garlic in April.

Clear summer crops promptly. Empty beds need compost."
Blackheath,NSW,cool,9a,alpine_highland|inland,June,"Winter is cool but manageable. Occasional frosts, not constant.

Winter crops grow steadily. Spinach, kale, peas, beans, brassicas, roots produce regular harvest.

Start spring seedlings by August. Use quiet winter for planning."
Blackheath,NSW,cool,9a,alpine_highland|inland,July,"Winter is cool but manageable. Occasional frosts, not constant.

Winter crops grow steadily. Spinach, kale, peas, beans, brassicas, roots produce regular harvest.

Start spring seedlings by August. Use quiet winter for planning."
Blackheath,NSW,cool,9a,alpine_highland|inland,August,"Winter is cool but manageable. Occasional frosts, not constant.

Winter crops grow steadily. Spinach, kale, peas, beans, brassicas, roots produce regular harvest.

Start spring seedlings by August. Use quiet winter for planning."
Blackheath,NSW,cool,9a,alpine_highland|inland,September,"Spring arrives progressively. Early spring carries frost risk but warmth increases.

Plant tender crops by late October after frost passes. Sow: carrots, lettuce, roots. Succession sow.

Growth accelerates week by week."
Blackheath,NSW,cool,9a,alpine_highland|inland,October,"Spring arrives progressively. Early spring carries frost risk but warmth increases.

Plant tender crops by late October after frost passes. Sow: carrots, lettuce, roots. Succession sow.

Growth accelerates week by week."
Blackheath,NSW,cool,9a,alpine_highland|inland,November,"Spring arrives progressively. Early spring carries frost risk but warmth increases.

Plant tender crops by late October after frost passes. Sow: carrots, lettuce, roots. Succession sow.

Growth accelerates week by week."
Blackheath,NSW,cool,9a,alpine_highland|inland,December,"Summer is milder. Growth steady but cool nights limit heat-lovers. Keep picking.

Start brassica and lettuce seedlings indoors. Direct-sow carrots, beetroot, silverbeet, kale.

Water deeply morning. Mulch heavily."
Blacktown,NSW,temperate,10a,inland,January,"Summer production solid. Tomatoes, beans, cucumbers, zucchini, pumpkins grow well with consistent water. Pick regularly.

Sow autumn crops in warm soil: carrots, beets, brassicas, lettuce establish quickly.

Water deeply morning. Mulch moderates temperature."
Blacktown,NSW,temperate,10a,inland,February,"Summer production solid. Tomatoes, beans, cucumbers, zucchini, pumpkins grow well with consistent water. Pick regularly.

Sow autumn crops in warm soil: carrots, beets, brassicas, lettuce establish quickly.

Water deeply morning. Mulch moderates temperature."
Blacktown,NSW,temperate,10a,inland,March,"Autumn established. Prime time for cool-season crops: brassicas, lettuce, roots, peas, beans.

Plant seedlings and direct-sow freely. Garlic in April. Everything grows steadily as temperatures cool.

Clear summer crops. Empty beds should be mulched."
Blacktown,NSW,temperate,10a,inland,April,"Autumn established. Prime time for cool-season crops: brassicas, lettuce, roots, peas, beans.

Plant seedlings and direct-sow freely. Garlic in April. Everything grows steadily as temperatures cool.

Clear summer crops. Empty beds should be mulched."
Blacktown,NSW,temperate,10a,inland,May,"Autumn established. Prime time for cool-season crops: brassicas, lettuce, roots, peas, beans.

Plant seedlings and direct-sow freely. Garlic in April. Everything grows steadily as temperatures cool.

Clear summer crops. Empty beds should be mulched."
Blacktown,NSW,temperate,10a,inland,June,"Winter is cool to cold. Frosts vary by location.

Winter crops provide steady harvest. Kale, spinach, peas, beans, roots produce. Protect tender plantings.

Start spring seedlings indoors. Prepare beds."
Blacktown,NSW,temperate,10a,inland,July,"Winter is cool to cold. Frosts vary by location.

Winter crops provide steady harvest. Kale, spinach, peas, beans, roots produce. Protect tender plantings.

Start spring seedlings indoors. Prepare beds."
Blacktown,NSW,temperate,10a,inland,August,"Winter is cool to cold. Frosts vary by location.

Winter crops provide steady harvest. Kale, spinach, peas, beans, roots produce. Protect tender plantings.

Start spring seedlings indoors. Prepare beds."
Blacktown,NSW,temperate,10a,inland,September,"Spring arrives progressively. Frost risk decreases but may linger into early October.

Plant tender crops after last frost. Sow: carrots, lettuce, roots, herbs. Succession sow.

Growth accelerates through spring."
Blacktown,NSW,temperate,10a,inland,October,"Spring arrives progressively. Frost risk decreases but may linger into early October.

Plant tender crops after last frost. Sow: carrots, lettuce, roots, herbs. Succession sow.

Growth accelerates through spring."
Blacktown,NSW,temperate,10a,inland,November,"Spring arrives progressively. Frost risk decreases but may linger into early October.

Plant tender crops after last frost. Sow: carrots, lettuce, roots, herbs. Succession sow.

Growth accelerates through spring."
Blacktown,NSW,temperate,10a,inland,December,"Summer production solid. Tomatoes, beans, cucumbers, zucchini, pumpkins grow well with consistent water. Pick regularly.

Sow autumn crops in warm soil: carrots, beets, brassicas, lettuce establish quickly.

Water deeply morning. Mulch moderates temperature."
Bondi,NSW,temperate,10b,coastal,January,"Summer production solid. Tomatoes, beans, cucumbers, zucchini, pumpkins grow well with consistent water. Pick regularly.

Sow autumn crops in warm soil: carrots, beets, brassicas, lettuce establish quickly.

Water deeply morning. Mulch moderates temperature."
Bondi,NSW,temperate,10b,coastal,February,"Summer production solid. Tomatoes, beans, cucumbers, zucchini, pumpkins grow well with consistent water. Pick regularly.

Sow autumn crops in warm soil: carrots, beets, brassicas, lettuce establish quickly.

Water deeply morning. Mulch moderates temperature."
Bondi,NSW,temperate,10b,coastal,March,"Autumn established. Prime time for cool-season crops: brassicas, lettuce, roots, peas, beans.

Plant seedlings and direct-sow freely. Garlic in April. Everything grows steadily as temperatures cool.

Clear summer crops. Empty beds should be mulched."
Bondi,NSW,temperate,10b,coastal,April,"Autumn established. Prime time for cool-season crops: brassicas, lettuce, roots, peas, beans.

Plant seedlings and direct-sow freely. Garlic in April. Everything grows steadily as temperatures cool.

Clear summer crops. Empty beds should be mulched."
Bondi,NSW,temperate,10b,coastal,May,"Autumn established. Prime time for cool-season crops: brassicas, lettuce, roots, peas, beans.

Plant seedlings and direct-sow freely. Garlic in April. Everything grows steadily as temperatures cool.

Clear summer crops. Empty beds should be mulched."
Bondi,NSW,temperate,10b,coastal,June,"Winter is cool to cold. Frosts vary by location.

Winter crops provide steady harvest. Kale, spinach, peas, beans, roots produce. Protect tender plantings.

Start spring seedlings indoors. Prepare beds."
Bondi,NSW,temperate,10b,coastal,July,"Winter is cool to cold. Frosts vary by location.

Winter crops provide steady harvest. Kale, spinach, peas, beans, roots produce. Protect tender plantings.

Start spring seedlings indoors. Prepare beds."
Bondi,NSW,temperate,10b,coastal,August,"Winter is cool to cold. Frosts vary by location.

Winter crops provide steady harvest. Kale, spinach, peas, beans, roots produce. Protect tender plantings.

Start spring seedlings indoors. Prepare beds."
Bondi,NSW,temperate,10b,coastal,September,"Spring arrives progressively. Frost risk decreases but may linger into early October.

Plant tender crops after last frost. Sow: carrots, lettuce, roots, herbs. Succession sow.

Growth accelerates through spring."
Bondi,NSW,temperate,10b,coastal,October,"Spring arrives progressively. Frost risk decreases but may linger into early October.

Plant tender crops after last frost. Sow: carrots, lettuce, roots, herbs. Succession sow.

Growth accelerates through spring."
Bondi,NSW,temperate,10b,coastal,November,"Spring arrives progressively. Frost risk decreases but may linger into early October.

Plant tender crops after last frost. Sow: carrots, lettuce, roots, herbs. Succession sow.

Growth accelerates through spring."
Bondi,NSW,temperate,10b,coastal,December,"Summer production solid. Tomatoes, beans, cucumbers, zucchini, pumpkins grow well with consistent water. Pick regularly.

Sow autumn crops in warm soil: carrots, beets, brassicas, lettuce establish quickly.

Water deeply morning. Mulch moderates temperature."
Broken Hill,NSW,temperate,10b,inland,January,"Summer production solid. Tomatoes, beans, cucumbers, zucchini, pumpkins grow well with consistent water. Pick regularly.

Sow autumn crops in warm soil: carrots, beets, brassicas, lettuce establish quickly.

Water deeply morning. Mulch moderates temperature."
Broken Hill,NSW,temperate,10b,inland,February,"Summer production solid. Tomatoes, beans, cucumbers, zucchini, pumpkins grow well with consistent water. Pick regularly.

Sow autumn crops in warm soil: carrots, beets, brassicas, lettuce establish quickly.

Water deeply morning. Mulch moderates temperature."
Broken Hill,NSW,temperate,10b,inland,March,"Autumn established. Prime time for cool-season crops: brassicas, lettuce, roots, peas, beans.

Plant seedlings and direct-sow freely. Garlic in April. Everything grows steadily as temperatures cool.

Clear summer crops. Empty beds should be mulched."
Broken Hill,NSW,temperate,10b,inland,April,"Autumn established. Prime time for cool-season crops: brassicas, lettuce, roots, peas, beans.

Plant seedlings and direct-sow freely. Garlic in April. Everything grows steadily as temperatures cool.

Clear summer crops. Empty beds should be mulched."
Broken Hill,NSW,temperate,10b,inland,May,"Autumn established. Prime time for cool-season crops: brassicas, lettuce, roots, peas, beans.

Plant seedlings and direct-sow freely. Garlic in April. Everything grows steadily as temperatures cool.

Clear summer crops. Empty beds should be mulched."
Broken Hill,NSW,temperate,10b,inland,June,"Winter is cool to cold. Frosts vary by location.

Winter crops provide steady harvest. Kale, spinach, peas, beans, roots produce. Protect tender plantings.

Start spring seedlings indoors. Prepare beds."
Broken Hill,NSW,temperate,10b,inland,July,"Winter is cool to cold. Frosts vary by location.

Winter crops provide steady harvest. Kale, spinach, peas, beans, roots produce. Protect tender plantings.

Start spring seedlings indoors. Prepare beds."
Broken Hill,NSW,temperate,10b,inland,August,"Winter is cool to cold. Frosts vary by location.

Winter crops provide steady harvest. Kale, spinach, peas, beans, roots produce. Protect tender plantings.

Start spring seedlings indoors. Prepare beds."
Broken Hill,NSW,temperate,10b,inland,September,"Spring arrives progressively. Frost risk decreases but may linger into early October.

Plant tender crops after last frost. Sow: carrots, lettuce, roots, herbs. Succession sow.

Growth accelerates through spring."
Broken Hill,NSW,temperate,10b,inland,October,"Spring arrives progressively. Frost risk decreases but may linger into early October.

Plant tender crops after last frost. Sow: carrots, lettuce, roots, herbs. Succession sow.

Growth accelerates through spring."
Broken Hill,NSW,temperate,10b,inland,November,"Spring arrives progressively. Frost risk decreases but may linger into early October.

Plant tender crops after last frost. Sow: carrots, lettuce, roots, herbs. Succession sow.

Growth accelerates through spring."
Broken Hill,NSW,temperate,10b,inland,December,"Summer production solid. Tomatoes, beans, cucumbers, zucchini, pumpkins grow well with consistent water. Pick regularly.

Sow autumn crops in warm soil: carrots, beets, brassicas, lettuce establish quickly.

Water deeply morning. Mulch moderates temperature."
Burwood,NSW,temperate,10b,coastal,January,"Summer production solid. Tomatoes, beans, cucumbers, zucchini, pumpkins grow well with consistent water. Pick regularly.

Sow autumn crops in warm soil: carrots, beets, brassicas, lettuce establish quickly.

Water deeply morning. Mulch moderates temperature."
Burwood,NSW,temperate,10b,coastal,February,"Summer production solid. Tomatoes, beans, cucumbers, zucchini, pumpkins grow well with consistent water. Pick regularly.

Sow autumn crops in warm soil: carrots, beets, brassicas, lettuce establish quickly.

Water deeply morning. Mulch moderates temperature."
Burwood,NSW,temperate,10b,coastal,March,"Autumn established. Prime time for cool-season crops: brassicas, lettuce, roots, peas, beans.

Plant seedlings and direct-sow freely. Garlic in April. Everything grows steadily as temperatures cool.

Clear summer crops. Empty beds should be mulched."
Burwood,NSW,temperate,10b,coastal,April,"Autumn established. Prime time for cool-season crops: brassicas, lettuce, roots, peas, beans.

Plant seedlings and direct-sow freely. Garlic in April. Everything grows steadily as temperatures cool.

Clear summer crops. Empty beds should be mulched."
Burwood,NSW,temperate,10b,coastal,May,"Autumn established. Prime time for cool-season crops: brassicas, lettuce, roots, peas, beans.

Plant seedlings and direct-sow freely. Garlic in April. Everything grows steadily as temperatures cool.

Clear summer crops. Empty beds should be mulched."
Burwood,NSW,temperate,10b,coastal,June,"Winter is cool to cold. Frosts vary by location.

Winter crops provide steady harvest. Kale, spinach, peas, beans, roots produce. Protect tender plantings.

Start spring seedlings indoors. Prepare beds."
Burwood,NSW,temperate,10b,coastal,July,"Winter is cool to cold. Frosts vary by location.

Winter crops provide steady harvest. Kale, spinach, peas, beans, roots produce. Protect tender plantings.

Start spring seedlings indoors. Prepare beds."
Burwood,NSW,temperate,10b,coastal,August,"Winter is cool to cold. Frosts vary by location.

Winter crops provide steady harvest. Kale, spinach, peas, beans, roots produce. Protect tender plantings.

Start spring seedlings indoors. Prepare beds."
Burwood,NSW,temperate,10b,coastal,September,"Spring arrives progressively. Frost risk decreases but may linger into early October.

Plant tender crops after last frost. Sow: carrots, lettuce, roots, herbs. Succession sow.

Growth accelerates through spring."
Burwood,NSW,temperate,10b,coastal,October,"Spring arrives progressively. Frost risk decreases but may linger into early October.

Plant tender crops after last frost. Sow: carrots, lettuce, roots, herbs. Succession sow.

Growth accelerates through spring."
Burwood,NSW,temperate,10b,coastal,November,"Spring arrives progressively. Frost risk decreases but may linger into early October.

Plant tender crops after last frost. Sow: carrots, lettuce, roots, herbs. Succession sow.

Growth accelerates through spring."
Burwood,NSW,temperate,10b,coastal,December,"Summer production solid. Tomatoes, beans, cucumbers, zucchini, pumpkins grow well with consistent water. Pick regularly.

Sow autumn crops in warm soil: carrots, beets, brassicas, lettuce establish quickly.

Water deeply morning. Mulch moderates temperature."
Byron Bay,NSW,warm,11a,coastal|subtropical_humid,January,"Summer warm but coastal moderation helps. Regular growth with good water management.

Sow autumn crops in warm soil. Carrots, beets, brassicas, lettuce establish quickly.

Deep early morning watering prevents stress."
Byron Bay,NSW,warm,11a,coastal|subtropical_humid,February,"Summer warm but coastal moderation helps. Regular growth with good water management.

Sow autumn crops in warm soil. Carrots, beets, brassicas, lettuce establish quickly.

Deep early morning watering prevents stress."
Byron Bay,NSW,warm,11a,coastal|subtropical_humid,March,"Autumn mild and extended by coastal protection. Excellent for cool-weather crops.

Plant brassicas, lettuce, onions, leeks, roots. Direct-sow peas, beans, Asian greens. Garlic in April.

Autumn is prime season."
Byron Bay,NSW,warm,11a,coastal|subtropical_humid,April,"Autumn mild and extended by coastal protection. Excellent for cool-weather crops.

Plant brassicas, lettuce, onions, leeks, roots. Direct-sow peas, beans, Asian greens. Garlic in April.

Autumn is prime season."
Byron Bay,NSW,warm,11a,coastal|subtropical_humid,May,"Autumn mild and extended by coastal protection. Excellent for cool-weather crops.

Plant brassicas, lettuce, onions, leeks, roots. Direct-sow peas, beans, Asian greens. Garlic in April.

Autumn is prime season."
Byron Bay,NSW,warm,11a,coastal|subtropical_humid,June,"Winter mild. Frosts rare. Growth continues steadily.

Winter crops produce heavily. Brassicas, lettuce, spinach, peas, roots thrive.

Start spring seedlings by August."
Byron Bay,NSW,warm,11a,coastal|subtropical_humid,July,"Winter mild. Frosts rare. Growth continues steadily.

Winter crops produce heavily. Brassicas, lettuce, spinach, peas, roots thrive.

Start spring seedlings by August."
Byron Bay,NSW,warm,11a,coastal|subtropical_humid,August,"Winter mild. Frosts rare. Growth continues steadily.

Winter crops produce heavily. Brassicas, lettuce, spinach, peas, roots thrive.

Start spring seedlings by August."
Byron Bay,NSW,warm,11a,coastal|subtropical_humid,September,"Spring arrives gradually, moderated by coast. Growth accelerates steadily.

Plant tender crops: tomatoes, capsicums, beans. Sow lettuce, herbs, quick crops. Succession sow.

Spring is extended and rewarding."
Byron Bay,NSW,warm,11a,coastal|subtropical_humid,October,"Spring arrives gradually, moderated by coast. Growth accelerates steadily.

Plant tender crops: tomatoes, capsicums, beans. Sow lettuce, herbs, quick crops. Succession sow.

Spring is extended and rewarding."
Byron Bay,NSW,warm,11a,coastal|subtropical_humid,November,"Spring arrives gradually, moderated by coast. Growth accelerates steadily.

Plant tender crops: tomatoes, capsicums, beans. Sow lettuce, herbs, quick crops. Succession sow.

Spring is extended and rewarding."
Byron Bay,NSW,warm,11a,coastal|subtropical_humid,December,"Summer warm but coastal moderation helps. Regular growth with good water management.

Sow autumn crops in warm soil. Carrots, beets, brassicas, lettuce establish quickly.

Deep early morning watering prevents stress."
Campbelltown,NSW,temperate,10a,inland,January,"Summer production solid. Tomatoes, beans, cucumbers, zucchini, pumpkins grow well with consistent water. Pick regularly.

Sow autumn crops in warm soil: carrots, beets, brassicas, lettuce establish quickly.

Water deeply morning. Mulch moderates temperature."
Campbelltown,NSW,temperate,10a,inland,February,"Summer production solid. Tomatoes, beans, cucumbers, zucchini, pumpkins grow well with consistent water. Pick regularly.

Sow autumn crops in warm soil: carrots, beets, brassicas, lettuce establish quickly.

Water deeply morning. Mulch moderates temperature."
Campbelltown,NSW,temperate,10a,inland,March,"Autumn established. Prime time for cool-season crops: brassicas, lettuce, roots, peas, beans.

Plant seedlings and direct-sow freely. Garlic in April. Everything grows steadily as temperatures cool.

Clear summer crops. Empty beds should be mulched."
Campbelltown,NSW,temperate,10a,inland,April,"Autumn established. Prime time for cool-season crops: brassicas, lettuce, roots, peas, beans.

Plant seedlings and direct-sow freely. Garlic in April. Everything grows steadily as temperatures cool.

Clear summer crops. Empty beds should be mulched."
Campbelltown,NSW,temperate,10a,inland,May,"Autumn established. Prime time for cool-season crops: brassicas, lettuce, roots, peas, beans.

Plant seedlings and direct-sow freely. Garlic in April. Everything grows steadily as temperatures cool.

Clear summer crops. Empty beds should be mulched."
Campbelltown,NSW,temperate,10a,inland,June,"Winter is cool to cold. Frosts vary by location.

Winter crops provide steady harvest. Kale, spinach, peas, beans, roots produce. Protect tender plantings.

Start spring seedlings indoors. Prepare beds."
Campbelltown,NSW,temperate,10a,inland,July,"Winter is cool to cold. Frosts vary by location.

Winter crops provide steady harvest. Kale, spinach, peas, beans, roots produce. Protect tender plantings.

Start spring seedlings indoors. Prepare beds."
Campbelltown,NSW,temperate,10a,inland,August,"Winter is cool to cold. Frosts vary by location.

Winter crops provide steady harvest. Kale, spinach, peas, beans, roots produce. Protect tender plantings.

Start spring seedlings indoors. Prepare beds."
Campbelltown,NSW,temperate,10a,inland,September,"Spring arrives progressively. Frost risk decreases but may linger into early October.

Plant tender crops after last frost. Sow: carrots, lettuce, roots, herbs. Succession sow.

Growth accelerates through spring."
Campbelltown,NSW,temperate,10a,inland,October,"Spring arrives progressively. Frost risk decreases but may linger into early October.

Plant tender crops after last frost. Sow: carrots, lettuce, roots, herbs. Succession sow.

Growth accelerates through spring."
Campbelltown,NSW,temperate,10a,inland,November,"Spring arrives progressively. Frost risk decreases but may linger into early October.

Plant tender crops after last frost. Sow: carrots, lettuce, roots, herbs. Succession sow.

Growth accelerates through spring."
Campbelltown,NSW,temperate,10a,inland,December,"Summer production solid. Tomatoes, beans, cucumbers, zucchini, pumpkins grow well with consistent water. Pick regularly.

Sow autumn crops in warm soil: carrots, beets, brassicas, lettuce establish quickly.

Water deeply morning. Mulch moderates temperature."
Castle Hill,NSW,temperate,10a,inland,January,"Summer production solid. Tomatoes, beans, cucumbers, zucchini, pumpkins grow well with consistent water. Pick regularly.

Sow autumn crops in warm soil: carrots, beets, brassicas, lettuce establish quickly.

Water deeply morning. Mulch moderates temperature."
Castle Hill,NSW,temperate,10a,inland,February,"Summer production solid. Tomatoes, beans, cucumbers, zucchini, pumpkins grow well with consistent water. Pick regularly.

Sow autumn crops in warm soil: carrots, beets, brassicas, lettuce establish quickly.

Water deeply morning. Mulch moderates temperature."
Castle Hill,NSW,temperate,10a,inland,March,"Autumn established. Prime time for cool-season crops: brassicas, lettuce, roots, peas, beans.

Plant seedlings and direct-sow freely. Garlic in April. Everything grows steadily as temperatures cool.

Clear summer crops. Empty beds should be mulched."
Castle Hill,NSW,temperate,10a,inland,April,"Autumn established. Prime time for cool-season crops: brassicas, lettuce, roots, peas, beans.

Plant seedlings and direct-sow freely. Garlic in April. Everything grows steadily as temperatures cool.

Clear summer crops. Empty beds should be mulched."
Castle Hill,NSW,temperate,10a,inland,May,"Autumn established. Prime time for cool-season crops: brassicas, lettuce, roots, peas, beans.

Plant seedlings and direct-sow freely. Garlic in April. Everything grows steadily as temperatures cool.

Clear summer crops. Empty beds should be mulched."
Castle Hill,NSW,temperate,10a,inland,June,"Winter is cool to cold. Frosts vary by location.

Winter crops provide steady harvest. Kale, spinach, peas, beans, roots produce. Protect tender plantings.

Start spring seedlings indoors. Prepare beds."
Castle Hill,NSW,temperate,10a,inland,July,"Winter is cool to cold. Frosts vary by location.

Winter crops provide steady harvest. Kale, spinach, peas, beans, roots produce. Protect tender plantings.

Start spring seedlings indoors. Prepare beds."
Castle Hill,NSW,temperate,10a,inland,August,"Winter is cool to cold. Frosts vary by location.

Winter crops provide steady harvest. Kale, spinach, peas, beans, roots produce. Protect tender plantings.

Start spring seedlings indoors. Prepare beds."
Castle Hill,NSW,temperate,10a,inland,September,"Spring arrives progressively. Frost risk decreases but may linger into early October.

Plant tender crops after last frost. Sow: carrots, lettuce, roots, herbs. Succession sow.

Growth accelerates through spring."
Castle Hill,NSW,temperate,10a,inland,October,"Spring arrives progressively. Frost risk decreases but may linger into early October.

Plant tender crops after last frost. Sow: carrots, lettuce, roots, herbs. Succession sow.

Growth accelerates through spring."
Castle Hill,NSW,temperate,10a,inland,November,"Spring arrives progressively. Frost risk decreases but may linger into early October.

Plant tender crops after last frost. Sow: carrots, lettuce, roots, herbs. Succession sow.

Growth accelerates through spring."
Castle Hill,NSW,temperate,10a,inland,December,"Summer production solid. Tomatoes, beans, cucumbers, zucchini, pumpkins grow well with consistent water. Pick regularly.

Sow autumn crops in warm soil: carrots, beets, brassicas, lettuce establish quickly.

Water deeply morning. Mulch moderates temperature."
Chatswood,NSW,temperate,10b,inland,January,"Summer production solid. Tomatoes, beans, cucumbers, zucchini, pumpkins grow well with consistent water. Pick regularly.

Sow autumn crops in warm soil: carrots, beets, brassicas, lettuce establish quickly.

Water deeply morning. Mulch moderates temperature."
Chatswood,NSW,temperate,10b,inland,February,"Summer production solid. Tomatoes, beans, cucumbers, zucchini, pumpkins grow well with consistent water. Pick regularly.

Sow autumn crops in warm soil: carrots, beets, brassicas, lettuce establish quickly.

Water deeply morning. Mulch moderates temperature."
Chatswood,NSW,temperate,10b,inland,March,"Autumn established. Prime time for cool-season crops: brassicas, lettuce, roots, peas, beans.

Plant seedlings and direct-sow freely. Garlic in April. Everything grows steadily as temperatures cool.

Clear summer crops. Empty beds should be mulched."
Chatswood,NSW,temperate,10b,inland,April,"Autumn established. Prime time for cool-season crops: brassicas, lettuce, roots, peas, beans.

Plant seedlings and direct-sow freely. Garlic in April. Everything grows steadily as temperatures cool.

Clear summer crops. Empty beds should be mulched."
Chatswood,NSW,temperate,10b,inland,May,"Autumn established. Prime time for cool-season crops: brassicas, lettuce, roots, peas, beans.

Plant seedlings and direct-sow freely. Garlic in April. Everything grows steadily as temperatures cool.

Clear summer crops. Empty beds should be mulched."
Chatswood,NSW,temperate,10b,inland,June,"Winter is cool to cold. Frosts vary by location.

Winter crops provide steady harvest. Kale, spinach, peas, beans, roots produce. Protect tender plantings.

Start spring seedlings indoors. Prepare beds."
Chatswood,NSW,temperate,10b,inland,July,"Winter is cool to cold. Frosts vary by location.

Winter crops provide steady harvest. Kale, spinach, peas, beans, roots produce. Protect tender plantings.

Start spring seedlings indoors. Prepare beds."
Chatswood,NSW,temperate,10b,inland,August,"Winter is cool to cold. Frosts vary by location.

Winter crops provide steady harvest. Kale, spinach, peas, beans, roots produce. Protect tender plantings.

Start spring seedlings indoors. Prepare beds."
Chatswood,NSW,temperate,10b,inland,September,"Spring arrives progressively. Frost risk decreases but may linger into early October.

Plant tender crops after last frost. Sow: carrots, lettuce, roots, herbs. Succession sow.

Growth accelerates through spring."
Chatswood,NSW,temperate,10b,inland,October,"Spring arrives progressively. Frost risk decreases but may linger into early October.

Plant tender crops after last frost. Sow: carrots, lettuce, roots, herbs. Succession sow.

Growth accelerates through spring."
Chatswood,NSW,temperate,10b,inland,November,"Spring arrives progressively. Frost risk decreases but may linger into early October.

Plant tender crops after last frost. Sow: carrots, lettuce, roots, herbs. Succession sow.

Growth accelerates through spring."
Chatswood,NSW,temperate,10b,inland,December,"Summer production solid. Tomatoes, beans, cucumbers, zucchini, pumpkins grow well with consistent water. Pick regularly.

Sow autumn crops in warm soil: carrots, beets, brassicas, lettuce establish quickly.

Water deeply morning. Mulch moderates temperature."
Coffs Harbour,NSW,warm,11a,coastal,January,"Summer warm but coastal moderation helps. Regular growth with good water management.

Sow autumn crops in warm soil. Carrots, beets, brassicas, lettuce establish quickly.

Deep early morning watering prevents stress."
Coffs Harbour,NSW,warm,11a,coastal,February,"Summer warm but coastal moderation helps. Regular growth with good water management.

Sow autumn crops in warm soil. Carrots, beets, brassicas, lettuce establish quickly.

Deep early morning watering prevents stress."
Coffs Harbour,NSW,warm,11a,coastal,March,"Autumn mild and extended by coastal protection. Excellent for cool-weather crops.

Plant brassicas, lettuce, onions, leeks, roots. Direct-sow peas, beans, Asian greens. Garlic in April.

Autumn is prime season."
Coffs Harbour,NSW,warm,11a,coastal,April,"Autumn mild and extended by coastal protection. Excellent for cool-weather crops.

Plant brassicas, lettuce, onions, leeks, roots. Direct-sow peas, beans, Asian greens. Garlic in April.

Autumn is prime season."
Coffs Harbour,NSW,warm,11a,coastal,May,"Autumn mild and extended by coastal protection. Excellent for cool-weather crops.

Plant brassicas, lettuce, onions, leeks, roots. Direct-sow peas, beans, Asian greens. Garlic in April.

Autumn is prime season."
Coffs Harbour,NSW,warm,11a,coastal,June,"Winter mild. Frosts rare. Growth continues steadily.

Winter crops produce heavily. Brassicas, lettuce, spinach, peas, roots thrive.

Start spring seedlings by August."
Coffs Harbour,NSW,warm,11a,coastal,July,"Winter mild. Frosts rare. Growth continues steadily.

Winter crops produce heavily. Brassicas, lettuce, spinach, peas, roots thrive.

Start spring seedlings by August."
Coffs Harbour,NSW,warm,11a,coastal,August,"Winter mild. Frosts rare. Growth continues steadily.

Winter crops produce heavily. Brassicas, lettuce, spinach, peas, roots thrive.

Start spring seedlings by August."
Coffs Harbour,NSW,warm,11a,coastal,September,"Spring arrives gradually, moderated by coast. Growth accelerates steadily.

Plant tender crops: tomatoes, capsicums, beans. Sow lettuce, herbs, quick crops. Succession sow.

Spring is extended and rewarding."
Coffs Harbour,NSW,warm,11a,coastal,October,"Spring arrives gradually, moderated by coast. Growth accelerates steadily.

Plant tender crops: tomatoes, capsicums, beans. Sow lettuce, herbs, quick crops. Succession sow.

Spring is extended and rewarding."
Coffs Harbour,NSW,warm,11a,coastal,November,"Spring arrives gradually, moderated by coast. Growth accelerates steadily.

Plant tender crops: tomatoes, capsicums, beans. Sow lettuce, herbs, quick crops. Succession sow.

Spring is extended and rewarding."
Coffs Harbour,NSW,warm,11a,coastal,December,"Summer warm but coastal moderation helps. Regular growth with good water management.

Sow autumn crops in warm soil. Carrots, beets, brassicas, lettuce establish quickly.

Deep early morning watering prevents stress."
Coogee,NSW,temperate,10b,coastal,January,"Summer production solid. Tomatoes, beans, cucumbers, zucchini, pumpkins grow well with consistent water. Pick regularly.

Sow autumn crops in warm soil: carrots, beets, brassicas, lettuce establish quickly.

Water deeply morning. Mulch moderates temperature."
Coogee,NSW,temperate,10b,coastal,February,"Summer production solid. Tomatoes, beans, cucumbers, zucchini, pumpkins grow well with consistent water. Pick regularly.

Sow autumn crops in warm soil: carrots, beets, brassicas, lettuce establish quickly.

Water deeply morning. Mulch moderates temperature."
Coogee,NSW,temperate,10b,coastal,March,"Autumn established. Prime time for cool-season crops: brassicas, lettuce, roots, peas, beans.

Plant seedlings and direct-sow freely. Garlic in April. Everything grows steadily as temperatures cool.

Clear summer crops. Empty beds should be mulched."
Coogee,NSW,temperate,10b,coastal,April,"Autumn established. Prime time for cool-season crops: brassicas, lettuce, roots, peas, beans.

Plant seedlings and direct-sow freely. Garlic in April. Everything grows steadily as temperatures cool.

Clear summer crops. Empty beds should be mulched."
Coogee,NSW,temperate,10b,coastal,May,"Autumn established. Prime time for cool-season crops: brassicas, lettuce, roots, peas, beans.

Plant seedlings and direct-sow freely. Garlic in April. Everything grows steadily as temperatures cool.

Clear summer crops. Empty beds should be mulched."
Coogee,NSW,temperate,10b,coastal,June,"Winter is cool to cold. Frosts vary by location.

Winter crops provide steady harvest. Kale, spinach, peas, beans, roots produce. Protect tender plantings.

Start spring seedlings indoors. Prepare beds."
Coogee,NSW,temperate,10b,coastal,July,"Winter is cool to cold. Frosts vary by location.

Winter crops provide steady harvest. Kale, spinach, peas, beans, roots produce. Protect tender plantings.

Start spring seedlings indoors. Prepare beds."
Coogee,NSW,temperate,10b,coastal,August,"Winter is cool to cold. Frosts vary by location.

Winter crops provide steady harvest. Kale, spinach, peas, beans, roots produce. Protect tender plantings.

Start spring seedlings indoors. Prepare beds."
Coogee,NSW,temperate,10b,coastal,September,"Spring arrives progressively. Frost risk decreases but may linger into early October.

Plant tender crops after last frost. Sow: carrots, lettuce, roots, herbs. Succession sow.

Growth accelerates through spring."
Coogee,NSW,temperate,10b,coastal,October,"Spring arrives progressively. Frost risk decreases but may linger into early October.

Plant tender crops after last frost. Sow: carrots, lettuce, roots, herbs. Succession sow.

Growth accelerates through spring."
Coogee,NSW,temperate,10b,coastal,November,"Spring arrives progressively. Frost risk decreases but may linger into early October.

Plant tender crops after last frost. Sow: carrots, lettuce, roots, herbs. Succession sow.

Growth accelerates through spring."
Coogee,NSW,temperate,10b,coastal,December,"Summer production solid. Tomatoes, beans, cucumbers, zucchini, pumpkins grow well with consistent water. Pick regularly.

Sow autumn crops in warm soil: carrots, beets, brassicas, lettuce establish quickly.

Water deeply morning. Mulch moderates temperature."
Corowa,NSW,cool,9b,inland,January,"Summer is milder. Growth steady but cool nights limit heat-lovers. Keep picking.

Start brassica and lettuce seedlings indoors. Direct-sow carrots, beetroot, silverbeet, kale.

Water deeply morning. Mulch heavily."
Corowa,NSW,cool,9b,inland,February,"Summer is milder. Growth steady but cool nights limit heat-lovers. Keep picking.

Start brassica and lettuce seedlings indoors. Direct-sow carrots, beetroot, silverbeet, kale.

Water deeply morning. Mulch heavily."
Corowa,NSW,cool,9b,inland,March,"Autumn transitions fast. Cool nights arrive, autumn crops thrive.

Plant brassicas, lettuce, leeks, onions. Direct-sow roots, peas, spinach, beans. Garlic in April.

Clear summer crops promptly. Empty beds need compost."
Corowa,NSW,cool,9b,inland,April,"Autumn transitions fast. Cool nights arrive, autumn crops thrive.

Plant brassicas, lettuce, leeks, onions. Direct-sow roots, peas, spinach, beans. Garlic in April.

Clear summer crops promptly. Empty beds need compost."
Corowa,NSW,cool,9b,inland,May,"Autumn transitions fast. Cool nights arrive, autumn crops thrive.

Plant brassicas, lettuce, leeks, onions. Direct-sow roots, peas, spinach, beans. Garlic in April.

Clear summer crops promptly. Empty beds need compost."
Corowa,NSW,cool,9b,inland,June,"Winter is cool but manageable. Occasional frosts, not constant.

Winter crops grow steadily. Spinach, kale, peas, beans, brassicas, roots produce regular harvest.

Start spring seedlings by August. Use quiet winter for planning."
Corowa,NSW,cool,9b,inland,July,"Winter is cool but manageable. Occasional frosts, not constant.

Winter crops grow steadily. Spinach, kale, peas, beans, brassicas, roots produce regular harvest.

Start spring seedlings by August. Use quiet winter for planning."
Corowa,NSW,cool,9b,inland,August,"Winter is cool but manageable. Occasional frosts, not constant.

Winter crops grow steadily. Spinach, kale, peas, beans, brassicas, roots produce regular harvest.

Start spring seedlings by August. Use quiet winter for planning."
Corowa,NSW,cool,9b,inland,September,"Spring arrives progressively. Early spring carries frost risk but warmth increases.

Plant tender crops by late October after frost passes. Sow: carrots, lettuce, roots. Succession sow.

Growth accelerates week by week."
Corowa,NSW,cool,9b,inland,October,"Spring arrives progressively. Early spring carries frost risk but warmth increases.

Plant tender crops by late October after frost passes. Sow: carrots, lettuce, roots. Succession sow.

Growth accelerates week by week."
Corowa,NSW,cool,9b,inland,November,"Spring arrives progressively. Early spring carries frost risk but warmth increases.

Plant tender crops by late October after frost passes. Sow: carrots, lettuce, roots. Succession sow.

Growth accelerates week by week."
Corowa,NSW,cool,9b,inland,December,"Summer is milder. Growth steady but cool nights limit heat-lovers. Keep picking.

Start brassica and lettuce seedlings indoors. Direct-sow carrots, beetroot, silverbeet, kale.

Water deeply morning. Mulch heavily."
Cowra,NSW,cool,9b,inland,January,"Summer is milder. Growth steady but cool nights limit heat-lovers. Keep picking.

Start brassica and lettuce seedlings indoors. Direct-sow carrots, beetroot, silverbeet, kale.

Water deeply morning. Mulch heavily."
Cowra,NSW,cool,9b,inland,February,"Summer is milder. Growth steady but cool nights limit heat-lovers. Keep picking.

Start brassica and lettuce seedlings indoors. Direct-sow carrots, beetroot, silverbeet, kale.

Water deeply morning. Mulch heavily."
Cowra,NSW,cool,9b,inland,March,"Autumn transitions fast. Cool nights arrive, autumn crops thrive.

Plant brassicas, lettuce, leeks, onions. Direct-sow roots, peas, spinach, beans. Garlic in April.

Clear summer crops promptly. Empty beds need compost."
Cowra,NSW,cool,9b,inland,April,"Autumn transitions fast. Cool nights arrive, autumn crops thrive.

Plant brassicas, lettuce, leeks, onions. Direct-sow roots, peas, spinach, beans. Garlic in April.

Clear summer crops promptly. Empty beds need compost."
Cowra,NSW,cool,9b,inland,May,"Autumn transitions fast. Cool nights arrive, autumn crops thrive.

Plant brassicas, lettuce, leeks, onions. Direct-sow roots, peas, spinach, beans. Garlic in April.

Clear summer crops promptly. Empty beds need compost."
Cowra,NSW,cool,9b,inland,June,"Winter is cool but manageable. Occasional frosts, not constant.

Winter crops grow steadily. Spinach, kale, peas, beans, brassicas, roots produce regular harvest.

Start spring seedlings by August. Use quiet winter for planning."
Cowra,NSW,cool,9b,inland,July,"Winter is cool but manageable. Occasional frosts, not constant.

Winter crops grow steadily. Spinach, kale, peas, beans, brassicas, roots produce regular harvest.

Start spring seedlings by August. Use quiet winter for planning."
Cowra,NSW,cool,9b,inland,August,"Winter is cool but manageable. Occasional frosts, not constant.

Winter crops grow steadily. Spinach, kale, peas, beans, brassicas, roots produce regular harvest.

Start spring seedlings by August. Use quiet winter for planning."
Cowra,NSW,cool,9b,inland,September,"Spring arrives progressively. Early spring carries frost risk but warmth increases.

Plant tender crops by late October after frost passes. Sow: carrots, lettuce, roots. Succession sow.

Growth accelerates week by week."
Cowra,NSW,cool,9b,inland,October,"Spring arrives progressively. Early spring carries frost risk but warmth increases.

Plant tender crops by late October after frost passes. Sow: carrots, lettuce, roots. Succession sow.

Growth accelerates week by week."
Cowra,NSW,cool,9b,inland,November,"Spring arrives progressively. Early spring carries frost risk but warmth increases.

Plant tender crops by late October after frost passes. Sow: carrots, lettuce, roots. Succession sow.

Growth accelerates week by week."
Cowra,NSW,cool,9b,inland,December,"Summer is milder. Growth steady but cool nights limit heat-lovers. Keep picking.

Start brassica and lettuce seedlings indoors. Direct-sow carrots, beetroot, silverbeet, kale.

Water deeply morning. Mulch heavily."
Cronulla,NSW,temperate,10b,coastal,January,"Summer production solid. Tomatoes, beans, cucumbers, zucchini, pumpkins grow well with consistent water. Pick regularly.

Sow autumn crops in warm soil: carrots, beets, brassicas, lettuce establish quickly.

Water deeply morning. Mulch moderates temperature."
Cronulla,NSW,temperate,10b,coastal,February,"Summer production solid. Tomatoes, beans, cucumbers, zucchini, pumpkins grow well with consistent water. Pick regularly.

Sow autumn crops in warm soil: carrots, beets, brassicas, lettuce establish quickly.

Water deeply morning. Mulch moderates temperature."
Cronulla,NSW,temperate,10b,coastal,March,"Autumn established. Prime time for cool-season crops: brassicas, lettuce, roots, peas, beans.

Plant seedlings and direct-sow freely. Garlic in April. Everything grows steadily as temperatures cool.

Clear summer crops. Empty beds should be mulched."
Cronulla,NSW,temperate,10b,coastal,April,"Autumn established. Prime time for cool-season crops: brassicas, lettuce, roots, peas, beans.

Plant seedlings and direct-sow freely. Garlic in April. Everything grows steadily as temperatures cool.

Clear summer crops. Empty beds should be mulched."
Cronulla,NSW,temperate,10b,coastal,May,"Autumn established. Prime time for cool-season crops: brassicas, lettuce, roots, peas, beans.

Plant seedlings and direct-sow freely. Garlic in April. Everything grows steadily as temperatures cool.

Clear summer crops. Empty beds should be mulched."
Cronulla,NSW,temperate,10b,coastal,June,"Winter is cool to cold. Frosts vary by location.

Winter crops provide steady harvest. Kale, spinach, peas, beans, roots produce. Protect tender plantings.

Start spring seedlings indoors. Prepare beds."
Cronulla,NSW,temperate,10b,coastal,July,"Winter is cool to cold. Frosts vary by location.

Winter crops provide steady harvest. Kale, spinach, peas, beans, roots produce. Protect tender plantings.

Start spring seedlings indoors. Prepare beds."
Cronulla,NSW,temperate,10b,coastal,August,"Winter is cool to cold. Frosts vary by location.

Winter crops provide steady harvest. Kale, spinach, peas, beans, roots produce. Protect tender plantings.

Start spring seedlings indoors. Prepare beds."
Cronulla,NSW,temperate,10b,coastal,September,"Spring arrives progressively. Frost risk decreases but may linger into early October.

Plant tender crops after last frost. Sow: carrots, lettuce, roots, herbs. Succession sow.

Growth accelerates through spring."
Cronulla,NSW,temperate,10b,coastal,October,"Spring arrives progressively. Frost risk decreases but may linger into early October.

Plant tender crops after last frost. Sow: carrots, lettuce, roots, herbs. Succession sow.

Growth accelerates through spring."
Cronulla,NSW,temperate,10b,coastal,November,"Spring arrives progressively. Frost risk decreases but may linger into early October.

Plant tender crops after last frost. Sow: carrots, lettuce, roots, herbs. Succession sow.

Growth accelerates through spring."
Cronulla,NSW,temperate,10b,coastal,December,"Summer production solid. Tomatoes, beans, cucumbers, zucchini, pumpkins grow well with consistent water. Pick regularly.

Sow autumn crops in warm soil: carrots, beets, brassicas, lettuce establish quickly.

Water deeply morning. Mulch moderates temperature."
Deniliquin,NSW,temperate,10a,inland,January,"Summer production solid. Tomatoes, beans, cucumbers, zucchini, pumpkins grow well with consistent water. Pick regularly.

Sow autumn crops in warm soil: carrots, beets, brassicas, lettuce establish quickly.

Water deeply morning. Mulch moderates temperature."
Deniliquin,NSW,temperate,10a,inland,February,"Summer production solid. Tomatoes, beans, cucumbers, zucchini, pumpkins grow well with consistent water. Pick regularly.

Sow autumn crops in warm soil: carrots, beets, brassicas, lettuce establish quickly.

Water deeply morning. Mulch moderates temperature."
Deniliquin,NSW,temperate,10a,inland,March,"Autumn established. Prime time for cool-season crops: brassicas, lettuce, roots, peas, beans.

Plant seedlings and direct-sow freely. Garlic in April. Everything grows steadily as temperatures cool.

Clear summer crops. Empty beds should be mulched."
Deniliquin,NSW,temperate,10a,inland,April,"Autumn established. Prime time for cool-season crops: brassicas, lettuce, roots, peas, beans.

Plant seedlings and direct-sow freely. Garlic in April. Everything grows steadily as temperatures cool.

Clear summer crops. Empty beds should be mulched."
Deniliquin,NSW,temperate,10a,inland,May,"Autumn established. Prime time for cool-season crops: brassicas, lettuce, roots, peas, beans.

Plant seedlings and direct-sow freely. Garlic in April. Everything grows steadily as temperatures cool.

Clear summer crops. Empty beds should be mulched."
Deniliquin,NSW,temperate,10a,inland,June,"Winter is cool to cold. Frosts vary by location.

Winter crops provide steady harvest. Kale, spinach, peas, beans, roots produce. Protect tender plantings.

Start spring seedlings indoors. Prepare beds."
Deniliquin,NSW,temperate,10a,inland,July,"Winter is cool to cold. Frosts vary by location.

Winter crops provide steady harvest. Kale, spinach, peas, beans, roots produce. Protect tender plantings.

Start spring seedlings indoors. Prepare beds."
Deniliquin,NSW,temperate,10a,inland,August,"Winter is cool to cold. Frosts vary by location.

Winter crops provide steady harvest. Kale, spinach, peas, beans, roots produce. Protect tender plantings.

Start spring seedlings indoors. Prepare beds."
Deniliquin,NSW,temperate,10a,inland,September,"Spring arrives progressively. Frost risk decreases but may linger into early October.

Plant tender crops after last frost. Sow: carrots, lettuce, roots, herbs. Succession sow.

Growth accelerates through spring."
Deniliquin,NSW,temperate,10a,inland,October,"Spring arrives progressively. Frost risk decreases but may linger into early October.

Plant tender crops after last frost. Sow: carrots, lettuce, roots, herbs. Succession sow.

Growth accelerates through spring."
Deniliquin,NSW,temperate,10a,inland,November,"Spring arrives progressively. Frost risk decreases but may linger into early October.

Plant tender crops after last frost. Sow: carrots, lettuce, roots, herbs. Succession sow.

Growth accelerates through spring."
Deniliquin,NSW,temperate,10a,inland,December,"Summer production solid. Tomatoes, beans, cucumbers, zucchini, pumpkins grow well with consistent water. Pick regularly.

Sow autumn crops in warm soil: carrots, beets, brassicas, lettuce establish quickly.

Water deeply morning. Mulch moderates temperature."
Drummoyne,NSW,temperate,10b,coastal,January,"Summer production solid. Tomatoes, beans, cucumbers, zucchini, pumpkins grow well with consistent water. Pick regularly.

Sow autumn crops in warm soil: carrots, beets, brassicas, lettuce establish quickly.

Water deeply morning. Mulch moderates temperature."
Drummoyne,NSW,temperate,10b,coastal,February,"Summer production solid. Tomatoes, beans, cucumbers, zucchini, pumpkins grow well with consistent water. Pick regularly.

Sow autumn crops in warm soil: carrots, beets, brassicas, lettuce establish quickly.

Water deeply morning. Mulch moderates temperature."
Drummoyne,NSW,temperate,10b,coastal,March,"Autumn established. Prime time for cool-season crops: brassicas, lettuce, roots, peas, beans.

Plant seedlings and direct-sow freely. Garlic in April. Everything grows steadily as temperatures cool.

Clear summer crops. Empty beds should be mulched."
Drummoyne,NSW,temperate,10b,coastal,April,"Autumn established. Prime time for cool-season crops: brassicas, lettuce, roots, peas, beans.

Plant seedlings and direct-sow freely. Garlic in April. Everything grows steadily as temperatures cool.

Clear summer crops. Empty beds should be mulched."
Drummoyne,NSW,temperate,10b,coastal,May,"Autumn established. Prime time for cool-season crops: brassicas, lettuce, roots, peas, beans.

Plant seedlings and direct-sow freely. Garlic in April. Everything grows steadily as temperatures cool.

Clear summer crops. Empty beds should be mulched."
Drummoyne,NSW,temperate,10b,coastal,June,"Winter is cool to cold. Frosts vary by location.

Winter crops provide steady harvest. Kale, spinach, peas, beans, roots produce. Protect tender plantings.

Start spring seedlings indoors. Prepare beds."
Drummoyne,NSW,temperate,10b,coastal,July,"Winter is cool to cold. Frosts vary by location.

Winter crops provide steady harvest. Kale, spinach, peas, beans, roots produce. Protect tender plantings.

Start spring seedlings indoors. Prepare beds."
Drummoyne,NSW,temperate,10b,coastal,August,"Winter is cool to cold. Frosts vary by location.

Winter crops provide steady harvest. Kale, spinach, peas, beans, roots produce. Protect tender plantings.

Start spring seedlings indoors. Prepare beds."
Drummoyne,NSW,temperate,10b,coastal,September,"Spring arrives progressively. Frost risk decreases but may linger into early October.

Plant tender crops after last frost. Sow: carrots, lettuce, roots, herbs. Succession sow.

Growth accelerates through spring."
Drummoyne,NSW,temperate,10b,coastal,October,"Spring arrives progressively. Frost risk decreases but may linger into early October.

Plant tender crops after last frost. Sow: carrots, lettuce, roots, herbs. Succession sow.

Growth accelerates through spring."
Drummoyne,NSW,temperate,10b,coastal,November,"Spring arrives progressively. Frost risk decreases but may linger into early October.

Plant tender crops after last frost. Sow: carrots, lettuce, roots, herbs. Succession sow.

Growth accelerates through spring."
Drummoyne,NSW,temperate,10b,coastal,December,"Summer production solid. Tomatoes, beans, cucumbers, zucchini, pumpkins grow well with consistent water. Pick regularly.

Sow autumn crops in warm soil: carrots, beets, brassicas, lettuce establish quickly.

Water deeply morning. Mulch moderates temperature."
Dubbo,NSW,temperate,10a,inland|arid_inland,January,"Summer production solid. Tomatoes, beans, cucumbers, zucchini, pumpkins grow well with consistent water. Pick regularly.

Sow autumn crops in warm soil: carrots, beets, brassicas, lettuce establish quickly.

Water deeply morning. Mulch moderates temperature."
Dubbo,NSW,temperate,10a,inland|arid_inland,February,"Summer production solid. Tomatoes, beans, cucumbers, zucchini, pumpkins grow well with consistent water. Pick regularly.

Sow autumn crops in warm soil: carrots, beets, brassicas, lettuce establish quickly.

Water deeply morning. Mulch moderates temperature."
Dubbo,NSW,temperate,10a,inland|arid_inland,March,"Autumn established. Prime time for cool-season crops: brassicas, lettuce, roots, peas, beans.

Plant seedlings and direct-sow freely. Garlic in April. Everything grows steadily as temperatures cool.

Clear summer crops. Empty beds should be mulched."
Dubbo,NSW,temperate,10a,inland|arid_inland,April,"Autumn established. Prime time for cool-season crops: brassicas, lettuce, roots, peas, beans.

Plant seedlings and direct-sow freely. Garlic in April. Everything grows steadily as temperatures cool.

Clear summer crops. Empty beds should be mulched."
Dubbo,NSW,temperate,10a,inland|arid_inland,May,"Autumn established. Prime time for cool-season crops: brassicas, lettuce, roots, peas, beans.

Plant seedlings and direct-sow freely. Garlic in April. Everything grows steadily as temperatures cool.

Clear summer crops. Empty beds should be mulched."
Dubbo,NSW,temperate,10a,inland|arid_inland,June,"Winter is cool to cold. Frosts vary by location.

Winter crops provide steady harvest. Kale, spinach, peas, beans, roots produce. Protect tender plantings.

Start spring seedlings indoors. Prepare beds."
Dubbo,NSW,temperate,10a,inland|arid_inland,July,"Winter is cool to cold. Frosts vary by location.

Winter crops provide steady harvest. Kale, spinach, peas, beans, roots produce. Protect tender plantings.

Start spring seedlings indoors. Prepare beds."
Dubbo,NSW,temperate,10a,inland|arid_inland,August,"Winter is cool to cold. Frosts vary by location.

Winter crops provide steady harvest. Kale, spinach, peas, beans, roots produce. Protect tender plantings.

Start spring seedlings indoors. Prepare beds."
Dubbo,NSW,temperate,10a,inland|arid_inland,September,"Spring arrives progressively. Frost risk decreases but may linger into early October.

Plant tender crops after last frost. Sow: carrots, lettuce, roots, herbs. Succession sow.

Growth accelerates through spring."
Dubbo,NSW,temperate,10a,inland|arid_inland,October,"Spring arrives progressively. Frost risk decreases but may linger into early October.

Plant tender crops after last frost. Sow: carrots, lettuce, roots, herbs. Succession sow.

Growth accelerates through spring."
Dubbo,NSW,temperate,10a,inland|arid_inland,November,"Spring arrives progressively. Frost risk decreases but may linger into early October.

Plant tender crops after last frost. Sow: carrots, lettuce, roots, herbs. Succession sow.

Growth accelerates through spring."
Dubbo,NSW,temperate,10a,inland|arid_inland,December,"Summer production solid. Tomatoes, beans, cucumbers, zucchini, pumpkins grow well with consistent water. Pick regularly.

Sow autumn crops in warm soil: carrots, beets, brassicas, lettuce establish quickly.

Water deeply morning. Mulch moderates temperature."
Epping,NSW,temperate,10b,inland,January,"Summer production solid. Tomatoes, beans, cucumbers, zucchini, pumpkins grow well with consistent water. Pick regularly.

Sow autumn crops in warm soil: carrots, beets, brassicas, lettuce establish quickly.

Water deeply morning. Mulch moderates temperature."
Epping,NSW,temperate,10b,inland,February,"Summer production solid. Tomatoes, beans, cucumbers, zucchini, pumpkins grow well with consistent water. Pick regularly.

Sow autumn crops in warm soil: carrots, beets, brassicas, lettuce establish quickly.

Water deeply morning. Mulch moderates temperature."
Epping,NSW,temperate,10b,inland,March,"Autumn established. Prime time for cool-season crops: brassicas, lettuce, roots, peas, beans.

Plant seedlings and direct-sow freely. Garlic in April. Everything grows steadily as temperatures cool.

Clear summer crops. Empty beds should be mulched."
Epping,NSW,temperate,10b,inland,April,"Autumn established. Prime time for cool-season crops: brassicas, lettuce, roots, peas, beans.

Plant seedlings and direct-sow freely. Garlic in April. Everything grows steadily as temperatures cool.

Clear summer crops. Empty beds should be mulched."
Epping,NSW,temperate,10b,inland,May,"Autumn established. Prime time for cool-season crops: brassicas, lettuce, roots, peas, beans.

Plant seedlings and direct-sow freely. Garlic in April. Everything grows steadily as temperatures cool.

Clear summer crops. Empty beds should be mulched."
Epping,NSW,temperate,10b,inland,June,"Winter is cool to cold. Frosts vary by location.

Winter crops provide steady harvest. Kale, spinach, peas, beans, roots produce. Protect tender plantings.

Start spring seedlings indoors. Prepare beds."
Epping,NSW,temperate,10b,inland,July,"Winter is cool to cold. Frosts vary by location.

Winter crops provide steady harvest. Kale, spinach, peas, beans, roots produce. Protect tender plantings.

Start spring seedlings indoors. Prepare beds."
Epping,NSW,temperate,10b,inland,August,"Winter is cool to cold. Frosts vary by location.

Winter crops provide steady harvest. Kale, spinach, peas, beans, roots produce. Protect tender plantings.

Start spring seedlings indoors. Prepare beds."
Epping,NSW,temperate,10b,inland,September,"Spring arrives progressively. Frost risk decreases but may linger into early October.

Plant tender crops after last frost. Sow: carrots, lettuce, roots, herbs. Succession sow.

Growth accelerates through spring."
Epping,NSW,temperate,10b,inland,October,"Spring arrives progressively. Frost risk decreases but may linger into early October.

Plant tender crops after last frost. Sow: carrots, lettuce, roots, herbs. Succession sow.

Growth accelerates through spring."
Epping,NSW,temperate,10b,inland,November,"Spring arrives progressively. Frost risk decreases but may linger into early October.

Plant tender crops after last frost. Sow: carrots, lettuce, roots, herbs. Succession sow.

Growth accelerates through spring."
Epping,NSW,temperate,10b,inland,December,"Summer production solid. Tomatoes, beans, cucumbers, zucchini, pumpkins grow well with consistent water. Pick regularly.

Sow autumn crops in warm soil: carrots, beets, brassicas, lettuce establish quickly.

Water deeply morning. Mulch moderates temperature."
Fairfield,NSW,temperate,10a,inland,January,"Summer production solid. Tomatoes, beans, cucumbers, zucchini, pumpkins grow well with consistent water. Pick regularly.

Sow autumn crops in warm soil: carrots, beets, brassicas, lettuce establish quickly.

Water deeply morning. Mulch moderates temperature."
Fairfield,NSW,temperate,10a,inland,February,"Summer production solid. Tomatoes, beans, cucumbers, zucchini, pumpkins grow well with consistent water. Pick regularly.

Sow autumn crops in warm soil: carrots, beets, brassicas, lettuce establish quickly.

Water deeply morning. Mulch moderates temperature."
Fairfield,NSW,temperate,10a,inland,March,"Autumn established. Prime time for cool-season crops: brassicas, lettuce, roots, peas, beans.

Plant seedlings and direct-sow freely. Garlic in April. Everything grows steadily as temperatures cool.

Clear summer crops. Empty beds should be mulched."
Fairfield,NSW,temperate,10a,inland,April,"Autumn established. Prime time for cool-season crops: brassicas, lettuce, roots, peas, beans.

Plant seedlings and direct-sow freely. Garlic in April. Everything grows steadily as temperatures cool.

Clear summer crops. Empty beds should be mulched."
Fairfield,NSW,temperate,10a,inland,May,"Autumn established. Prime time for cool-season crops: brassicas, lettuce, roots, peas, beans.

Plant seedlings and direct-sow freely. Garlic in April. Everything grows steadily as temperatures cool.

Clear summer crops. Empty beds should be mulched."
Fairfield,NSW,temperate,10a,inland,June,"Winter is cool to cold. Frosts vary by location.

Winter crops provide steady harvest. Kale, spinach, peas, beans, roots produce. Protect tender plantings.

Start spring seedlings indoors. Prepare beds."
Fairfield,NSW,temperate,10a,inland,July,"Winter is cool to cold. Frosts vary by location.

Winter crops provide steady harvest. Kale, spinach, peas, beans, roots produce. Protect tender plantings.

Start spring seedlings indoors. Prepare beds."
Fairfield,NSW,temperate,10a,inland,August,"Winter is cool to cold. Frosts vary by location.

Winter crops provide steady harvest. Kale, spinach, peas, beans, roots produce. Protect tender plantings.

Start spring seedlings indoors. Prepare beds."
Fairfield,NSW,temperate,10a,inland,September,"Spring arrives progressively. Frost risk decreases but may linger into early October.

Plant tender crops after last frost. Sow: carrots, lettuce, roots, herbs. Succession sow.

Growth accelerates through spring."
Fairfield,NSW,temperate,10a,inland,October,"Spring arrives progressively. Frost risk decreases but may linger into early October.

Plant tender crops after last frost. Sow: carrots, lettuce, roots, herbs. Succession sow.

Growth accelerates through spring."
Fairfield,NSW,temperate,10a,inland,November,"Spring arrives progressively. Frost risk decreases but may linger into early October.

Plant tender crops after last frost. Sow: carrots, lettuce, roots, herbs. Succession sow.

Growth accelerates through spring."
Fairfield,NSW,temperate,10a,inland,December,"Summer production solid. Tomatoes, beans, cucumbers, zucchini, pumpkins grow well with consistent water. Pick regularly.

Sow autumn crops in warm soil: carrots, beets, brassicas, lettuce establish quickly.

Water deeply morning. Mulch moderates temperature."
Forster,NSW,temperate,10b,inland,January,"Summer production solid. Tomatoes, beans, cucumbers, zucchini, pumpkins grow well with consistent water. Pick regularly.

Sow autumn crops in warm soil: carrots, beets, brassicas, lettuce establish quickly.

Water deeply morning. Mulch moderates temperature."
Forster,NSW,temperate,10b,inland,February,"Summer production solid. Tomatoes, beans, cucumbers, zucchini, pumpkins grow well with consistent water. Pick regularly.

Sow autumn crops in warm soil: carrots, beets, brassicas, lettuce establish quickly.

Water deeply morning. Mulch moderates temperature."
Forster,NSW,temperate,10b,inland,March,"Autumn established. Prime time for cool-season crops: brassicas, lettuce, roots, peas, beans.

Plant seedlings and direct-sow freely. Garlic in April. Everything grows steadily as temperatures cool.

Clear summer crops. Empty beds should be mulched."
Forster,NSW,temperate,10b,inland,April,"Autumn established. Prime time for cool-season crops: brassicas, lettuce, roots, peas, beans.

Plant seedlings and direct-sow freely. Garlic in April. Everything grows steadily as temperatures cool.

Clear summer crops. Empty beds should be mulched."
Forster,NSW,temperate,10b,inland,May,"Autumn established. Prime time for cool-season crops: brassicas, lettuce, roots, peas, beans.

Plant seedlings and direct-sow freely. Garlic in April. Everything grows steadily as temperatures cool.

Clear summer crops. Empty beds should be mulched."
Forster,NSW,temperate,10b,inland,June,"Winter is cool to cold. Frosts vary by location.

Winter crops provide steady harvest. Kale, spinach, peas, beans, roots produce. Protect tender plantings.

Start spring seedlings indoors. Prepare beds."
Forster,NSW,temperate,10b,inland,July,"Winter is cool to cold. Frosts vary by location.

Winter crops provide steady harvest. Kale, spinach, peas, beans, roots produce. Protect tender plantings.

Start spring seedlings indoors. Prepare beds."
Forster,NSW,temperate,10b,inland,August,"Winter is cool to cold. Frosts vary by location.

Winter crops provide steady harvest. Kale, spinach, peas, beans, roots produce. Protect tender plantings.

Start spring seedlings indoors. Prepare beds."
Forster,NSW,temperate,10b,inland,September,"Spring arrives progressively. Frost risk decreases but may linger into early October.

Plant tender crops after last frost. Sow: carrots, lettuce, roots, herbs. Succession sow.

Growth accelerates through spring."
Forster,NSW,temperate,10b,inland,October,"Spring arrives progressively. Frost risk decreases but may linger into early October.

Plant tender crops after last frost. Sow: carrots, lettuce, roots, herbs. Succession sow.

Growth accelerates through spring."
Forster,NSW,temperate,10b,inland,November,"Spring arrives progressively. Frost risk decreases but may linger into early October.

Plant tender crops after last frost. Sow: carrots, lettuce, roots, herbs. Succession sow.

Growth accelerates through spring."
Forster,NSW,temperate,10b,inland,December,"Summer production solid. Tomatoes, beans, cucumbers, zucchini, pumpkins grow well with consistent water. Pick regularly.

Sow autumn crops in warm soil: carrots, beets, brassicas, lettuce establish quickly.

Water deeply morning. Mulch moderates temperature."
Gosford,NSW,temperate,10b,inland,January,"Summer production solid. Tomatoes, beans, cucumbers, zucchini, pumpkins grow well with consistent water. Pick regularly.

Sow autumn crops in warm soil: carrots, beets, brassicas, lettuce establish quickly.

Water deeply morning. Mulch moderates temperature."
Gosford,NSW,temperate,10b,inland,February,"Summer production solid. Tomatoes, beans, cucumbers, zucchini, pumpkins grow well with consistent water. Pick regularly.

Sow autumn crops in warm soil: carrots, beets, brassicas, lettuce establish quickly.

Water deeply morning. Mulch moderates temperature."
Gosford,NSW,temperate,10b,inland,March,"Autumn established. Prime time for cool-season crops: brassicas, lettuce, roots, peas, beans.

Plant seedlings and direct-sow freely. Garlic in April. Everything grows steadily as temperatures cool.

Clear summer crops. Empty beds should be mulched."
Gosford,NSW,temperate,10b,inland,April,"Autumn established. Prime time for cool-season crops: brassicas, lettuce, roots, peas, beans.

Plant seedlings and direct-sow freely. Garlic in April. Everything grows steadily as temperatures cool.

Clear summer crops. Empty beds should be mulched."
Gosford,NSW,temperate,10b,inland,May,"Autumn established. Prime time for cool-season crops: brassicas, lettuce, roots, peas, beans.

Plant seedlings and direct-sow freely. Garlic in April. Everything grows steadily as temperatures cool.

Clear summer crops. Empty beds should be mulched."
Gosford,NSW,temperate,10b,inland,June,"Winter is cool to cold. Frosts vary by location.

Winter crops provide steady harvest. Kale, spinach, peas, beans, roots produce. Protect tender plantings.

Start spring seedlings indoors. Prepare beds."
Gosford,NSW,temperate,10b,inland,July,"Winter is cool to cold. Frosts vary by location.

Winter crops provide steady harvest. Kale, spinach, peas, beans, roots produce. Protect tender plantings.

Start spring seedlings indoors. Prepare beds."
Gosford,NSW,temperate,10b,inland,August,"Winter is cool to cold. Frosts vary by location.

Winter crops provide steady harvest. Kale, spinach, peas, beans, roots produce. Protect tender plantings.

Start spring seedlings indoors. Prepare beds."
Gosford,NSW,temperate,10b,inland,September,"Spring arrives progressively. Frost risk decreases but may linger into early October.

Plant tender crops after last frost. Sow: carrots, lettuce, roots, herbs. Succession sow.

Growth accelerates through spring."
Gosford,NSW,temperate,10b,inland,October,"Spring arrives progressively. Frost risk decreases but may linger into early October.

Plant tender crops after last frost. Sow: carrots, lettuce, roots, herbs. Succession sow.

Growth accelerates through spring."
Gosford,NSW,temperate,10b,inland,November,"Spring arrives progressively. Frost risk decreases but may linger into early October.

Plant tender crops after last frost. Sow: carrots, lettuce, roots, herbs. Succession sow.

Growth accelerates through spring."
Gosford,NSW,temperate,10b,inland,December,"Summer production solid. Tomatoes, beans, cucumbers, zucchini, pumpkins grow well with consistent water. Pick regularly.

Sow autumn crops in warm soil: carrots, beets, brassicas, lettuce establish quickly.

Water deeply morning. Mulch moderates temperature."
Goulburn,NSW,cool,9b,inland,January,"Summer is milder. Growth steady but cool nights limit heat-lovers. Keep picking.

Start brassica and lettuce seedlings indoors. Direct-sow carrots, beetroot, silverbeet, kale.

Water deeply morning. Mulch heavily."
Goulburn,NSW,cool,9b,inland,February,"Summer is milder. Growth steady but cool nights limit heat-lovers. Keep picking.

Start brassica and lettuce seedlings indoors. Direct-sow carrots, beetroot, silverbeet, kale.

Water deeply morning. Mulch heavily."
Goulburn,NSW,cool,9b,inland,March,"Autumn transitions fast. Cool nights arrive, autumn crops thrive.

Plant brassicas, lettuce, leeks, onions. Direct-sow roots, peas, spinach, beans. Garlic in April.

Clear summer crops promptly. Empty beds need compost."
Goulburn,NSW,cool,9b,inland,April,"Autumn transitions fast. Cool nights arrive, autumn crops thrive.

Plant brassicas, lettuce, leeks, onions. Direct-sow roots, peas, spinach, beans. Garlic in April.

Clear summer crops promptly. Empty beds need compost."
Goulburn,NSW,cool,9b,inland,May,"Autumn transitions fast. Cool nights arrive, autumn crops thrive.

Plant brassicas, lettuce, leeks, onions. Direct-sow roots, peas, spinach, beans. Garlic in April.

Clear summer crops promptly. Empty beds need compost."
Goulburn,NSW,cool,9b,inland,June,"Winter is cool but manageable. Occasional frosts, not constant.

Winter crops grow steadily. Spinach, kale, peas, beans, brassicas, roots produce regular harvest.

Start spring seedlings by August. Use quiet winter for planning."
Goulburn,NSW,cool,9b,inland,July,"Winter is cool but manageable. Occasional frosts, not constant.

Winter crops grow steadily. Spinach, kale, peas, beans, brassicas, roots produce regular harvest.

Start spring seedlings by August. Use quiet winter for planning."
Goulburn,NSW,cool,9b,inland,August,"Winter is cool but manageable. Occasional frosts, not constant.

Winter crops grow steadily. Spinach, kale, peas, beans, brassicas, roots produce regular harvest.

Start spring seedlings by August. Use quiet winter for planning."
Goulburn,NSW,cool,9b,inland,September,"Spring arrives progressively. Early spring carries frost risk but warmth increases.

Plant tender crops by late October after frost passes. Sow: carrots, lettuce, roots. Succession sow.

Growth accelerates week by week."
Goulburn,NSW,cool,9b,inland,October,"Spring arrives progressively. Early spring carries frost risk but warmth increases.

Plant tender crops by late October after frost passes. Sow: carrots, lettuce, roots. Succession sow.

Growth accelerates week by week."
Goulburn,NSW,cool,9b,inland,November,"Spring arrives progressively. Early spring carries frost risk but warmth increases.

Plant tender crops by late October after frost passes. Sow: carrots, lettuce, roots. Succession sow.

Growth accelerates week by week."
Goulburn,NSW,cool,9b,inland,December,"Summer is milder. Growth steady but cool nights limit heat-lovers. Keep picking.

Start brassica and lettuce seedlings indoors. Direct-sow carrots, beetroot, silverbeet, kale.

Water deeply morning. Mulch heavily."
Griffith,NSW,temperate,10a,inland,January,"Summer production solid. Tomatoes, beans, cucumbers, zucchini, pumpkins grow well with consistent water. Pick regularly.

Sow autumn crops in warm soil: carrots, beets, brassicas, lettuce establish quickly.

Water deeply morning. Mulch moderates temperature."
Griffith,NSW,temperate,10a,inland,February,"Summer production solid. Tomatoes, beans, cucumbers, zucchini, pumpkins grow well with consistent water. Pick regularly.

Sow autumn crops in warm soil: carrots, beets, brassicas, lettuce establish quickly.

Water deeply morning. Mulch moderates temperature."
Griffith,NSW,temperate,10a,inland,March,"Autumn established. Prime time for cool-season crops: brassicas, lettuce, roots, peas, beans.

Plant seedlings and direct-sow freely. Garlic in April. Everything grows steadily as temperatures cool.

Clear summer crops. Empty beds should be mulched."
Griffith,NSW,temperate,10a,inland,April,"Autumn established. Prime time for cool-season crops: brassicas, lettuce, roots, peas, beans.

Plant seedlings and direct-sow freely. Garlic in April. Everything grows steadily as temperatures cool.

Clear summer crops. Empty beds should be mulched."
Griffith,NSW,temperate,10a,inland,May,"Autumn established. Prime time for cool-season crops: brassicas, lettuce, roots, peas, beans.

Plant seedlings and direct-sow freely. Garlic in April. Everything grows steadily as temperatures cool.

Clear summer crops. Empty beds should be mulched."
Griffith,NSW,temperate,10a,inland,June,"Winter is cool to cold. Frosts vary by location.

Winter crops provide steady harvest. Kale, spinach, peas, beans, roots produce. Protect tender plantings.

Start spring seedlings indoors. Prepare beds."
Griffith,NSW,temperate,10a,inland,July,"Winter is cool to cold. Frosts vary by location.

Winter crops provide steady harvest. Kale, spinach, peas, beans, roots produce. Protect tender plantings.

Start spring seedlings indoors. Prepare beds."
Griffith,NSW,temperate,10a,inland,August,"Winter is cool to cold. Frosts vary by location.

Winter crops provide steady harvest. Kale, spinach, peas, beans, roots produce. Protect tender plantings.

Start spring seedlings indoors. Prepare beds."
Griffith,NSW,temperate,10a,inland,September,"Spring arrives progressively. Frost risk decreases but may linger into early October.

Plant tender crops after last frost. Sow: carrots, lettuce, roots, herbs. Succession sow.

Growth accelerates through spring."
Griffith,NSW,temperate,10a,inland,October,"Spring arrives progressively. Frost risk decreases but may linger into early October.

Plant tender crops after last frost. Sow: carrots, lettuce, roots, herbs. Succession sow.

Growth accelerates through spring."
Griffith,NSW,temperate,10a,inland,November,"Spring arrives progressively. Frost risk decreases but may linger into early October.

Plant tender crops after last frost. Sow: carrots, lettuce, roots, herbs. Succession sow.

Growth accelerates through spring."
Griffith,NSW,temperate,10a,inland,December,"Summer production solid. Tomatoes, beans, cucumbers, zucchini, pumpkins grow well with consistent water. Pick regularly.

Sow autumn crops in warm soil: carrots, beets, brassicas, lettuce establish quickly.

Water deeply morning. Mulch moderates temperature."
Hornsby,NSW,temperate,10b,inland,January,"Summer production solid. Tomatoes, beans, cucumbers, zucchini, pumpkins grow well with consistent water. Pick regularly.

Sow autumn crops in warm soil: carrots, beets, brassicas, lettuce establish quickly.

Water deeply morning. Mulch moderates temperature."
Hornsby,NSW,temperate,10b,inland,February,"Summer production solid. Tomatoes, beans, cucumbers, zucchini, pumpkins grow well with consistent water. Pick regularly.

Sow autumn crops in warm soil: carrots, beets, brassicas, lettuce establish quickly.

Water deeply morning. Mulch moderates temperature."
Hornsby,NSW,temperate,10b,inland,March,"Autumn established. Prime time for cool-season crops: brassicas, lettuce, roots, peas, beans.

Plant seedlings and direct-sow freely. Garlic in April. Everything grows steadily as temperatures cool.

Clear summer crops. Empty beds should be mulched."
Hornsby,NSW,temperate,10b,inland,April,"Autumn established. Prime time for cool-season crops: brassicas, lettuce, roots, peas, beans.

Plant seedlings and direct-sow freely. Garlic in April. Everything grows steadily as temperatures cool.

Clear summer crops. Empty beds should be mulched."
Hornsby,NSW,temperate,10b,inland,May,"Autumn established. Prime time for cool-season crops: brassicas, lettuce, roots, peas, beans.

Plant seedlings and direct-sow freely. Garlic in April. Everything grows steadily as temperatures cool.

Clear summer crops. Empty beds should be mulched."
Hornsby,NSW,temperate,10b,inland,June,"Winter is cool to cold. Frosts vary by location.

Winter crops provide steady harvest. Kale, spinach, peas, beans, roots produce. Protect tender plantings.

Start spring seedlings indoors. Prepare beds."
Hornsby,NSW,temperate,10b,inland,July,"Winter is cool to cold. Frosts vary by location.

Winter crops provide steady harvest. Kale, spinach, peas, beans, roots produce. Protect tender plantings.

Start spring seedlings indoors. Prepare beds."
Hornsby,NSW,temperate,10b,inland,August,"Winter is cool to cold. Frosts vary by location.

Winter crops provide steady harvest. Kale, spinach, peas, beans, roots produce. Protect tender plantings.

Start spring seedlings indoors. Prepare beds."
Hornsby,NSW,temperate,10b,inland,September,"Spring arrives progressively. Frost risk decreases but may linger into early October.

Plant tender crops after last frost. Sow: carrots, lettuce, roots, herbs. Succession sow.

Growth accelerates through spring."
Hornsby,NSW,temperate,10b,inland,October,"Spring arrives progressively. Frost risk decreases but may linger into early October.

Plant tender crops after last frost. Sow: carrots, lettuce, roots, herbs. Succession sow.

Growth accelerates through spring."
Hornsby,NSW,temperate,10b,inland,November,"Spring arrives progressively. Frost risk decreases but may linger into early October.

Plant tender crops after last frost. Sow: carrots, lettuce, roots, herbs. Succession sow.

Growth accelerates through spring."
Hornsby,NSW,temperate,10b,inland,December,"Summer production solid. Tomatoes, beans, cucumbers, zucchini, pumpkins grow well with consistent water. Pick regularly.

Sow autumn crops in warm soil: carrots, beets, brassicas, lettuce establish quickly.

Water deeply morning. Mulch moderates temperature."
Hurstville,NSW,temperate,10b,inland,January,"Summer production solid. Tomatoes, beans, cucumbers, zucchini, pumpkins grow well with consistent water. Pick regularly.

Sow autumn crops in warm soil: carrots, beets, brassicas, lettuce establish quickly.

Water deeply morning. Mulch moderates temperature."
Hurstville,NSW,temperate,10b,inland,February,"Summer production solid. Tomatoes, beans, cucumbers, zucchini, pumpkins grow well with consistent water. Pick regularly.

Sow autumn crops in warm soil: carrots, beets, brassicas, lettuce establish quickly.

Water deeply morning. Mulch moderates temperature."
Hurstville,NSW,temperate,10b,inland,March,"Autumn established. Prime time for cool-season crops: brassicas, lettuce, roots, peas, beans.

Plant seedlings and direct-sow freely. Garlic in April. Everything grows steadily as temperatures cool.

Clear summer crops. Empty beds should be mulched."
Hurstville,NSW,temperate,10b,inland,April,"Autumn established. Prime time for cool-season crops: brassicas, lettuce, roots, peas, beans.

Plant seedlings and direct-sow freely. Garlic in April. Everything grows steadily as temperatures cool.

Clear summer crops. Empty beds should be mulched."
Hurstville,NSW,temperate,10b,inland,May,"Autumn established. Prime time for cool-season crops: brassicas, lettuce, roots, peas, beans.

Plant seedlings and direct-sow freely. Garlic in April. Everything grows steadily as temperatures cool.

Clear summer crops. Empty beds should be mulched."
Hurstville,NSW,temperate,10b,inland,June,"Winter is cool to cold. Frosts vary by location.

Winter crops provide steady harvest. Kale, spinach, peas, beans, roots produce. Protect tender plantings.

Start spring seedlings indoors. Prepare beds."
Hurstville,NSW,temperate,10b,inland,July,"Winter is cool to cold. Frosts vary by location.

Winter crops provide steady harvest. Kale, spinach, peas, beans, roots produce. Protect tender plantings.

Start spring seedlings indoors. Prepare beds."
Hurstville,NSW,temperate,10b,inland,August,"Winter is cool to cold. Frosts vary by location.

Winter crops provide steady harvest. Kale, spinach, peas, beans, roots produce. Protect tender plantings.

Start spring seedlings indoors. Prepare beds."
Hurstville,NSW,temperate,10b,inland,September,"Spring arrives progressively. Frost risk decreases but may linger into early October.

Plant tender crops after last frost. Sow: carrots, lettuce, roots, herbs. Succession sow.

Growth accelerates through spring."
Hurstville,NSW,temperate,10b,inland,October,"Spring arrives progressively. Frost risk decreases but may linger into early October.

Plant tender crops after last frost. Sow: carrots, lettuce, roots, herbs. Succession sow.

Growth accelerates through spring."
Hurstville,NSW,temperate,10b,inland,November,"Spring arrives progressively. Frost risk decreases but may linger into early October.

Plant tender crops after last frost. Sow: carrots, lettuce, roots, herbs. Succession sow.

Growth accelerates through spring."
Hurstville,NSW,temperate,10b,inland,December,"Summer production solid. Tomatoes, beans, cucumbers, zucchini, pumpkins grow well with consistent water. Pick regularly.

Sow autumn crops in warm soil: carrots, beets, brassicas, lettuce establish quickly.

Water deeply morning. Mulch moderates temperature."
Inverell,NSW,cool,9b,inland,January,"Summer is milder. Growth steady but cool nights limit heat-lovers. Keep picking.

Start brassica and lettuce seedlings indoors. Direct-sow carrots, beetroot, silverbeet, kale.

Water deeply morning. Mulch heavily."
Inverell,NSW,cool,9b,inland,February,"Summer is milder. Growth steady but cool nights limit heat-lovers. Keep picking.

Start brassica and lettuce seedlings indoors. Direct-sow carrots, beetroot, silverbeet, kale.

Water deeply morning. Mulch heavily."
Inverell,NSW,cool,9b,inland,March,"Autumn transitions fast. Cool nights arrive, autumn crops thrive.

Plant brassicas, lettuce, leeks, onions. Direct-sow roots, peas, spinach, beans. Garlic in April.

Clear summer crops promptly. Empty beds need compost."
Inverell,NSW,cool,9b,inland,April,"Autumn transitions fast. Cool nights arrive, autumn crops thrive.

Plant brassicas, lettuce, leeks, onions. Direct-sow roots, peas, spinach, beans. Garlic in April.

Clear summer crops promptly. Empty beds need compost."
Inverell,NSW,cool,9b,inland,May,"Autumn transitions fast. Cool nights arrive, autumn crops thrive.

Plant brassicas, lettuce, leeks, onions. Direct-sow roots, peas, spinach, beans. Garlic in April.

Clear summer crops promptly. Empty beds need compost."
Inverell,NSW,cool,9b,inland,June,"Winter is cool but manageable. Occasional frosts, not constant.

Winter crops grow steadily. Spinach, kale, peas, beans, brassicas, roots produce regular harvest.

Start spring seedlings by August. Use quiet winter for planning."
Inverell,NSW,cool,9b,inland,July,"Winter is cool but manageable. Occasional frosts, not constant.

Winter crops grow steadily. Spinach, kale, peas, beans, brassicas, roots produce regular harvest.

Start spring seedlings by August. Use quiet winter for planning."
Inverell,NSW,cool,9b,inland,August,"Winter is cool but manageable. Occasional frosts, not constant.

Winter crops grow steadily. Spinach, kale, peas, beans, brassicas, roots produce regular harvest.

Start spring seedlings by August. Use quiet winter for planning."
Inverell,NSW,cool,9b,inland,September,"Spring arrives progressively. Early spring carries frost risk but warmth increases.

Plant tender crops by late October after frost passes. Sow: carrots, lettuce, roots. Succession sow.

Growth accelerates week by week."
Inverell,NSW,cool,9b,inland,October,"Spring arrives progressively. Early spring carries frost risk but warmth increases.

Plant tender crops by late October after frost passes. Sow: carrots, lettuce, roots. Succession sow.

Growth accelerates week by week."
Inverell,NSW,cool,9b,inland,November,"Spring arrives progressively. Early spring carries frost risk but warmth increases.

Plant tender crops by late October after frost passes. Sow: carrots, lettuce, roots. Succession sow.

Growth accelerates week by week."
Inverell,NSW,cool,9b,inland,December,"Summer is milder. Growth steady but cool nights limit heat-lovers. Keep picking.

Start brassica and lettuce seedlings indoors. Direct-sow carrots, beetroot, silverbeet, kale.

Water deeply morning. Mulch heavily."
Katoomba,NSW,cool,9a,alpine_highland|inland,January,"Summer is milder. Growth steady but cool nights limit heat-lovers. Keep picking.

Start brassica and lettuce seedlings indoors. Direct-sow carrots, beetroot, silverbeet, kale.

Water deeply morning. Mulch heavily."
Katoomba,NSW,cool,9a,alpine_highland|inland,February,"Summer is milder. Growth steady but cool nights limit heat-lovers. Keep picking.

Start brassica and lettuce seedlings indoors. Direct-sow carrots, beetroot, silverbeet, kale.

Water deeply morning. Mulch heavily."
Katoomba,NSW,cool,9a,alpine_highland|inland,March,"Autumn transitions fast. Cool nights arrive, autumn crops thrive.

Plant brassicas, lettuce, leeks, onions. Direct-sow roots, peas, spinach, beans. Garlic in April.

Clear summer crops promptly. Empty beds need compost."
Katoomba,NSW,cool,9a,alpine_highland|inland,April,"Autumn transitions fast. Cool nights arrive, autumn crops thrive.

Plant brassicas, lettuce, leeks, onions. Direct-sow roots, peas, spinach, beans. Garlic in April.

Clear summer crops promptly. Empty beds need compost."
Katoomba,NSW,cool,9a,alpine_highland|inland,May,"Autumn transitions fast. Cool nights arrive, autumn crops thrive.

Plant brassicas, lettuce, leeks, onions. Direct-sow roots, peas, spinach, beans. Garlic in April.

Clear summer crops promptly. Empty beds need compost."
Katoomba,NSW,cool,9a,alpine_highland|inland,June,"Winter is cool but manageable. Occasional frosts, not constant.

Winter crops grow steadily. Spinach, kale, peas, beans, brassicas, roots produce regular harvest.

Start spring seedlings by August. Use quiet winter for planning."
Katoomba,NSW,cool,9a,alpine_highland|inland,July,"Winter is cool but manageable. Occasional frosts, not constant.

Winter crops grow steadily. Spinach, kale, peas, beans, brassicas, roots produce regular harvest.

Start spring seedlings by August. Use quiet winter for planning."
Katoomba,NSW,cool,9a,alpine_highland|inland,August,"Winter is cool but manageable. Occasional frosts, not constant.

Winter crops grow steadily. Spinach, kale, peas, beans, brassicas, roots produce regular harvest.

Start spring seedlings by August. Use quiet winter for planning."
Katoomba,NSW,cool,9a,alpine_highland|inland,September,"Spring arrives progressively. Early spring carries frost risk but warmth increases.

Plant tender crops by late October after frost passes. Sow: carrots, lettuce, roots. Succession sow.

Growth accelerates week by week."
Katoomba,NSW,cool,9a,alpine_highland|inland,October,"Spring arrives progressively. Early spring carries frost risk but warmth increases.

Plant tender crops by late October after frost passes. Sow: carrots, lettuce, roots. Succession sow.

Growth accelerates week by week."
Katoomba,NSW,cool,9a,alpine_highland|inland,November,"Spring arrives progressively. Early spring carries frost risk but warmth increases.

Plant tender crops by late October after frost passes. Sow: carrots, lettuce, roots. Succession sow.

Growth accelerates week by week."
Katoomba,NSW,cool,9a,alpine_highland|inland,December,"Summer is milder. Growth steady but cool nights limit heat-lovers. Keep picking.

Start brassica and lettuce seedlings indoors. Direct-sow carrots, beetroot, silverbeet, kale.

Water deeply morning. Mulch heavily."
Kellyville,NSW,temperate,10a,inland,January,"Summer production solid. Tomatoes, beans, cucumbers, zucchini, pumpkins grow well with consistent water. Pick regularly.

Sow autumn crops in warm soil: carrots, beets, brassicas, lettuce establish quickly.

Water deeply morning. Mulch moderates temperature."
Kellyville,NSW,temperate,10a,inland,February,"Summer production solid. Tomatoes, beans, cucumbers, zucchini, pumpkins grow well with consistent water. Pick regularly.

Sow autumn crops in warm soil: carrots, beets, brassicas, lettuce establish quickly.

Water deeply morning. Mulch moderates temperature."
Kellyville,NSW,temperate,10a,inland,March,"Autumn established. Prime time for cool-season crops: brassicas, lettuce, roots, peas, beans.

Plant seedlings and direct-sow freely. Garlic in April. Everything grows steadily as temperatures cool.

Clear summer crops. Empty beds should be mulched."
Kellyville,NSW,temperate,10a,inland,April,"Autumn established. Prime time for cool-season crops: brassicas, lettuce, roots, peas, beans.

Plant seedlings and direct-sow freely. Garlic in April. Everything grows steadily as temperatures cool.

Clear summer crops. Empty beds should be mulched."
Kellyville,NSW,temperate,10a,inland,May,"Autumn established. Prime time for cool-season crops: brassicas, lettuce, roots, peas, beans.

Plant seedlings and direct-sow freely. Garlic in April. Everything grows steadily as temperatures cool.

Clear summer crops. Empty beds should be mulched."
Kellyville,NSW,temperate,10a,inland,June,"Winter is cool to cold. Frosts vary by location.

Winter crops provide steady harvest. Kale, spinach, peas, beans, roots produce. Protect tender plantings.

Start spring seedlings indoors. Prepare beds."
Kellyville,NSW,temperate,10a,inland,July,"Winter is cool to cold. Frosts vary by location.

Winter crops provide steady harvest. Kale, spinach, peas, beans, roots produce. Protect tender plantings.

Start spring seedlings indoors. Prepare beds."
Kellyville,NSW,temperate,10a,inland,August,"Winter is cool to cold. Frosts vary by location.

Winter crops provide steady harvest. Kale, spinach, peas, beans, roots produce. Protect tender plantings.

Start spring seedlings indoors. Prepare beds."
Kellyville,NSW,temperate,10a,inland,September,"Spring arrives progressively. Frost risk decreases but may linger into early October.

Plant tender crops after last frost. Sow: carrots, lettuce, roots, herbs. Succession sow.

Growth accelerates through spring."
Kellyville,NSW,temperate,10a,inland,October,"Spring arrives progressively. Frost risk decreases but may linger into early October.

Plant tender crops after last frost. Sow: carrots, lettuce, roots, herbs. Succession sow.

Growth accelerates through spring."
Kellyville,NSW,temperate,10a,inland,November,"Spring arrives progressively. Frost risk decreases but may linger into early October.

Plant tender crops after last frost. Sow: carrots, lettuce, roots, herbs. Succession sow.

Growth accelerates through spring."
Kellyville,NSW,temperate,10a,inland,December,"Summer production solid. Tomatoes, beans, cucumbers, zucchini, pumpkins grow well with consistent water. Pick regularly.

Sow autumn crops in warm soil: carrots, beets, brassicas, lettuce establish quickly.

Water deeply morning. Mulch moderates temperature."
Kiama,NSW,temperate,10a,inland,January,"Summer production solid. Tomatoes, beans, cucumbers, zucchini, pumpkins grow well with consistent water. Pick regularly.

Sow autumn crops in warm soil: carrots, beets, brassicas, lettuce establish quickly.

Water deeply morning. Mulch moderates temperature."
Kiama,NSW,temperate,10a,inland,February,"Summer production solid. Tomatoes, beans, cucumbers, zucchini, pumpkins grow well with consistent water. Pick regularly.

Sow autumn crops in warm soil: carrots, beets, brassicas, lettuce establish quickly.

Water deeply morning. Mulch moderates temperature."
Kiama,NSW,temperate,10a,inland,March,"Autumn established. Prime time for cool-season crops: brassicas, lettuce, roots, peas, beans.

Plant seedlings and direct-sow freely. Garlic in April. Everything grows steadily as temperatures cool.

Clear summer crops. Empty beds should be mulched."
Kiama,NSW,temperate,10a,inland,April,"Autumn established. Prime time for cool-season crops: brassicas, lettuce, roots, peas, beans.

Plant seedlings and direct-sow freely. Garlic in April. Everything grows steadily as temperatures cool.

Clear summer crops. Empty beds should be mulched."
Kiama,NSW,temperate,10a,inland,May,"Autumn established. Prime time for cool-season crops: brassicas, lettuce, roots, peas, beans.

Plant seedlings and direct-sow freely. Garlic in April. Everything grows steadily as temperatures cool.

Clear summer crops. Empty beds should be mulched."
Kiama,NSW,temperate,10a,inland,June,"Winter is cool to cold. Frosts vary by location.

Winter crops provide steady harvest. Kale, spinach, peas, beans, roots produce. Protect tender plantings.

Start spring seedlings indoors. Prepare beds."
Kiama,NSW,temperate,10a,inland,July,"Winter is cool to cold. Frosts vary by location.

Winter crops provide steady harvest. Kale, spinach, peas, beans, roots produce. Protect tender plantings.

Start spring seedlings indoors. Prepare beds."
Kiama,NSW,temperate,10a,inland,August,"Winter is cool to cold. Frosts vary by location.

Winter crops provide steady harvest. Kale, spinach, peas, beans, roots produce. Protect tender plantings.

Start spring seedlings indoors. Prepare beds."
Kiama,NSW,temperate,10a,inland,September,"Spring arrives progressively. Frost risk decreases but may linger into early October.

Plant tender crops after last frost. Sow: carrots, lettuce, roots, herbs. Succession sow.

Growth accelerates through spring."
Kiama,NSW,temperate,10a,inland,October,"Spring arrives progressively. Frost risk decreases but may linger into early October.

Plant tender crops after last frost. Sow: carrots, lettuce, roots, herbs. Succession sow.

Growth accelerates through spring."
Kiama,NSW,temperate,10a,inland,November,"Spring arrives progressively. Frost risk decreases but may linger into early October.

Plant tender crops after last frost. Sow: carrots, lettuce, roots, herbs. Succession sow.

Growth accelerates through spring."
Kiama,NSW,temperate,10a,inland,December,"Summer production solid. Tomatoes, beans, cucumbers, zucchini, pumpkins grow well with consistent water. Pick regularly.

Sow autumn crops in warm soil: carrots, beets, brassicas, lettuce establish quickly.

Water deeply morning. Mulch moderates temperature."
Leichhardt,NSW,temperate,10b,coastal,January,"Summer production solid. Tomatoes, beans, cucumbers, zucchini, pumpkins grow well with consistent water. Pick regularly.

Sow autumn crops in warm soil: carrots, beets, brassicas, lettuce establish quickly.

Water deeply morning. Mulch moderates temperature."
Leichhardt,NSW,temperate,10b,coastal,February,"Summer production solid. Tomatoes, beans, cucumbers, zucchini, pumpkins grow well with consistent water. Pick regularly.

Sow autumn crops in warm soil: carrots, beets, brassicas, lettuce establish quickly.

Water deeply morning. Mulch moderates temperature."
Leichhardt,NSW,temperate,10b,coastal,March,"Autumn established. Prime time for cool-season crops: brassicas, lettuce, roots, peas, beans.

Plant seedlings and direct-sow freely. Garlic in April. Everything grows steadily as temperatures cool.

Clear summer crops. Empty beds should be mulched."
Leichhardt,NSW,temperate,10b,coastal,April,"Autumn established. Prime time for cool-season crops: brassicas, lettuce, roots, peas, beans.

Plant seedlings and direct-sow freely. Garlic in April. Everything grows steadily as temperatures cool.

Clear summer crops. Empty beds should be mulched."
Leichhardt,NSW,temperate,10b,coastal,May,"Autumn established. Prime time for cool-season crops: brassicas, lettuce, roots, peas, beans.

Plant seedlings and direct-sow freely. Garlic in April. Everything grows steadily as temperatures cool.

Clear summer crops. Empty beds should be mulched."
Leichhardt,NSW,temperate,10b,coastal,June,"Winter is cool to cold. Frosts vary by location.

Winter crops provide steady harvest. Kale, spinach, peas, beans, roots produce. Protect tender plantings.

Start spring seedlings indoors. Prepare beds."
Leichhardt,NSW,temperate,10b,coastal,July,"Winter is cool to cold. Frosts vary by location.

Winter crops provide steady harvest. Kale, spinach, peas, beans, roots produce. Protect tender plantings.

Start spring seedlings indoors. Prepare beds."
Leichhardt,NSW,temperate,10b,coastal,August,"Winter is cool to cold. Frosts vary by location.

Winter crops provide steady harvest. Kale, spinach, peas, beans, roots produce. Protect tender plantings.

Start spring seedlings indoors. Prepare beds."
Leichhardt,NSW,temperate,10b,coastal,September,"Spring arrives progressively. Frost risk decreases but may linger into early October.

Plant tender crops after last frost. Sow: carrots, lettuce, roots, herbs. Succession sow.

Growth accelerates through spring."
Leichhardt,NSW,temperate,10b,coastal,October,"Spring arrives progressively. Frost risk decreases but may linger into early October.

Plant tender crops after last frost. Sow: carrots, lettuce, roots, herbs. Succession sow.

Growth accelerates through spring."
Leichhardt,NSW,temperate,10b,coastal,November,"Spring arrives progressively. Frost risk decreases but may linger into early October.

Plant tender crops after last frost. Sow: carrots, lettuce, roots, herbs. Succession sow.

Growth accelerates through spring."
Leichhardt,NSW,temperate,10b,coastal,December,"Summer production solid. Tomatoes, beans, cucumbers, zucchini, pumpkins grow well with consistent water. Pick regularly.

Sow autumn crops in warm soil: carrots, beets, brassicas, lettuce establish quickly.

Water deeply morning. Mulch moderates temperature."
Lismore,NSW,warm,11a,subtropical_humid,January,"Summer warm but coastal moderation helps. Regular growth with good water management.

Sow autumn crops in warm soil. Carrots, beets, brassicas, lettuce establish quickly.

Deep early morning watering prevents stress."
Lismore,NSW,warm,11a,subtropical_humid,February,"Summer warm but coastal moderation helps. Regular growth with good water management.

Sow autumn crops in warm soil. Carrots, beets, brassicas, lettuce establish quickly.

Deep early morning watering prevents stress."
Lismore,NSW,warm,11a,subtropical_humid,March,"Autumn mild and extended by coastal protection. Excellent for cool-weather crops.

Plant brassicas, lettuce, onions, leeks, roots. Direct-sow peas, beans, Asian greens. Garlic in April.

Autumn is prime season."
Lismore,NSW,warm,11a,subtropical_humid,April,"Autumn mild and extended by coastal protection. Excellent for cool-weather crops.

Plant brassicas, lettuce, onions, leeks, roots. Direct-sow peas, beans, Asian greens. Garlic in April.

Autumn is prime season."
Lismore,NSW,warm,11a,subtropical_humid,May,"Autumn mild and extended by coastal protection. Excellent for cool-weather crops.

Plant brassicas, lettuce, onions, leeks, roots. Direct-sow peas, beans, Asian greens. Garlic in April.

Autumn is prime season."
Lismore,NSW,warm,11a,subtropical_humid,June,"Winter mild. Frosts rare. Growth continues steadily.

Winter crops produce heavily. Brassicas, lettuce, spinach, peas, roots thrive.

Start spring seedlings by August."
Lismore,NSW,warm,11a,subtropical_humid,July,"Winter mild. Frosts rare. Growth continues steadily.

Winter crops produce heavily. Brassicas, lettuce, spinach, peas, roots thrive.

Start spring seedlings by August."
Lismore,NSW,warm,11a,subtropical_humid,August,"Winter mild. Frosts rare. Growth continues steadily.

Winter crops produce heavily. Brassicas, lettuce, spinach, peas, roots thrive.

Start spring seedlings by August."
Lismore,NSW,warm,11a,subtropical_humid,September,"Spring arrives gradually, moderated by coast. Growth accelerates steadily.

Plant tender crops: tomatoes, capsicums, beans. Sow lettuce, herbs, quick crops. Succession sow.

Spring is extended and rewarding."
Lismore,NSW,warm,11a,subtropical_humid,October,"Spring arrives gradually, moderated by coast. Growth accelerates steadily.

Plant tender crops: tomatoes, capsicums, beans. Sow lettuce, herbs, quick crops. Succession sow.

Spring is extended and rewarding."
Lismore,NSW,warm,11a,subtropical_humid,November,"Spring arrives gradually, moderated by coast. Growth accelerates steadily.

Plant tender crops: tomatoes, capsicums, beans. Sow lettuce, herbs, quick crops. Succession sow.

Spring is extended and rewarding."
Lismore,NSW,warm,11a,subtropical_humid,December,"Summer warm but coastal moderation helps. Regular growth with good water management.

Sow autumn crops in warm soil. Carrots, beets, brassicas, lettuce establish quickly.

Deep early morning watering prevents stress."
Lithgow,NSW,cool,9a,inland,January,"Summer is milder. Growth steady but cool nights limit heat-lovers. Keep picking.

Start brassica and lettuce seedlings indoors. Direct-sow carrots, beetroot, silverbeet, kale.

Water deeply morning. Mulch heavily."
Lithgow,NSW,cool,9a,inland,February,"Summer is milder. Growth steady but cool nights limit heat-lovers. Keep picking.

Start brassica and lettuce seedlings indoors. Direct-sow carrots, beetroot, silverbeet, kale.

Water deeply morning. Mulch heavily."
Lithgow,NSW,cool,9a,inland,March,"Autumn transitions fast. Cool nights arrive, autumn crops thrive.

Plant brassicas, lettuce, leeks, onions. Direct-sow roots, peas, spinach, beans. Garlic in April.

Clear summer crops promptly. Empty beds need compost."
Lithgow,NSW,cool,9a,inland,April,"Autumn transitions fast. Cool nights arrive, autumn crops thrive.

Plant brassicas, lettuce, leeks, onions. Direct-sow roots, peas, spinach, beans. Garlic in April.

Clear summer crops promptly. Empty beds need compost."
Lithgow,NSW,cool,9a,inland,May,"Autumn transitions fast. Cool nights arrive, autumn crops thrive.

Plant brassicas, lettuce, leeks, onions. Direct-sow roots, peas, spinach, beans. Garlic in April.

Clear summer crops promptly. Empty beds need compost."
Lithgow,NSW,cool,9a,inland,June,"Winter is cool but manageable. Occasional frosts, not constant.

Winter crops grow steadily. Spinach, kale, peas, beans, brassicas, roots produce regular harvest.

Start spring seedlings by August. Use quiet winter for planning."
Lithgow,NSW,cool,9a,inland,July,"Winter is cool but manageable. Occasional frosts, not constant.

Winter crops grow steadily. Spinach, kale, peas, beans, brassicas, roots produce regular harvest.

Start spring seedlings by August. Use quiet winter for planning."
Lithgow,NSW,cool,9a,inland,August,"Winter is cool but manageable. Occasional frosts, not constant.

Winter crops grow steadily. Spinach, kale, peas, beans, brassicas, roots produce regular harvest.

Start spring seedlings by August. Use quiet winter for planning."
Lithgow,NSW,cool,9a,inland,September,"Spring arrives progressively. Early spring carries frost risk but warmth increases.

Plant tender crops by late October after frost passes. Sow: carrots, lettuce, roots. Succession sow.

Growth accelerates week by week."
Lithgow,NSW,cool,9a,inland,October,"Spring arrives progressively. Early spring carries frost risk but warmth increases.

Plant tender crops by late October after frost passes. Sow: carrots, lettuce, roots. Succession sow.

Growth accelerates week by week."
Lithgow,NSW,cool,9a,inland,November,"Spring arrives progressively. Early spring carries frost risk but warmth increases.

Plant tender crops by late October after frost passes. Sow: carrots, lettuce, roots. Succession sow.

Growth accelerates week by week."
Lithgow,NSW,cool,9a,inland,December,"Summer is milder. Growth steady but cool nights limit heat-lovers. Keep picking.

Start brassica and lettuce seedlings indoors. Direct-sow carrots, beetroot, silverbeet, kale.

Water deeply morning. Mulch heavily."
Liverpool,NSW,temperate,10a,inland,January,"Summer production solid. Tomatoes, beans, cucumbers, zucchini, pumpkins grow well with consistent water. Pick regularly.

Sow autumn crops in warm soil: carrots, beets, brassicas, lettuce establish quickly.

Water deeply morning. Mulch moderates temperature."
Liverpool,NSW,temperate,10a,inland,February,"Summer production solid. Tomatoes, beans, cucumbers, zucchini, pumpkins grow well with consistent water. Pick regularly.

Sow autumn crops in warm soil: carrots, beets, brassicas, lettuce establish quickly.

Water deeply morning. Mulch moderates temperature."
Liverpool,NSW,temperate,10a,inland,March,"Autumn established. Prime time for cool-season crops: brassicas, lettuce, roots, peas, beans.

Plant seedlings and direct-sow freely. Garlic in April. Everything grows steadily as temperatures cool.

Clear summer crops. Empty beds should be mulched."
Liverpool,NSW,temperate,10a,inland,April,"Autumn established. Prime time for cool-season crops: brassicas, lettuce, roots, peas, beans.

Plant seedlings and direct-sow freely. Garlic in April. Everything grows steadily as temperatures cool.

Clear summer crops. Empty beds should be mulched."
Liverpool,NSW,temperate,10a,inland,May,"Autumn established. Prime time for cool-season crops: brassicas, lettuce, roots, peas, beans.

Plant seedlings and direct-sow freely. Garlic in April. Everything grows steadily as temperatures cool.

Clear summer crops. Empty beds should be mulched."
Liverpool,NSW,temperate,10a,inland,June,"Winter is cool to cold. Frosts vary by location.

Winter crops provide steady harvest. Kale, spinach, peas, beans, roots produce. Protect tender plantings.

Start spring seedlings indoors. Prepare beds."
Liverpool,NSW,temperate,10a,inland,July,"Winter is cool to cold. Frosts vary by location.

Winter crops provide steady harvest. Kale, spinach, peas, beans, roots produce. Protect tender plantings.

Start spring seedlings indoors. Prepare beds."
Liverpool,NSW,temperate,10a,inland,August,"Winter is cool to cold. Frosts vary by location.

Winter crops provide steady harvest. Kale, spinach, peas, beans, roots produce. Protect tender plantings.

Start spring seedlings indoors. Prepare beds."
Liverpool,NSW,temperate,10a,inland,September,"Spring arrives progressively. Frost risk decreases but may linger into early October.

Plant tender crops after last frost. Sow: carrots, lettuce, roots, herbs. Succession sow.

Growth accelerates through spring."
Liverpool,NSW,temperate,10a,inland,October,"Spring arrives progressively. Frost risk decreases but may linger into early October.

Plant tender crops after last frost. Sow: carrots, lettuce, roots, herbs. Succession sow.

Growth accelerates through spring."
Liverpool,NSW,temperate,10a,inland,November,"Spring arrives progressively. Frost risk decreases but may linger into early October.

Plant tender crops after last frost. Sow: carrots, lettuce, roots, herbs. Succession sow.

Growth accelerates through spring."
Liverpool,NSW,temperate,10a,inland,December,"Summer production solid. Tomatoes, beans, cucumbers, zucchini, pumpkins grow well with consistent water. Pick regularly.

Sow autumn crops in warm soil: carrots, beets, brassicas, lettuce establish quickly.

Water deeply morning. Mulch moderates temperature."
Manly,NSW,temperate,10b,coastal,January,"Summer production solid. Tomatoes, beans, cucumbers, zucchini, pumpkins grow well with consistent water. Pick regularly.

Sow autumn crops in warm soil: carrots, beets, brassicas, lettuce establish quickly.

Water deeply morning. Mulch moderates temperature."
Manly,NSW,temperate,10b,coastal,February,"Summer production solid. Tomatoes, beans, cucumbers, zucchini, pumpkins grow well with consistent water. Pick regularly.

Sow autumn crops in warm soil: carrots, beets, brassicas, lettuce establish quickly.

Water deeply morning. Mulch moderates temperature."
Manly,NSW,temperate,10b,coastal,March,"Autumn established. Prime time for cool-season crops: brassicas, lettuce, roots, peas, beans.

Plant seedlings and direct-sow freely. Garlic in April. Everything grows steadily as temperatures cool.

Clear summer crops. Empty beds should be mulched."
Manly,NSW,temperate,10b,coastal,April,"Autumn established. Prime time for cool-season crops: brassicas, lettuce, roots, peas, beans.

Plant seedlings and direct-sow freely. Garlic in April. Everything grows steadily as temperatures cool.

Clear summer crops. Empty beds should be mulched."
Manly,NSW,temperate,10b,coastal,May,"Autumn established. Prime time for cool-season crops: brassicas, lettuce, roots, peas, beans.

Plant seedlings and direct-sow freely. Garlic in April. Everything grows steadily as temperatures cool.

Clear summer crops. Empty beds should be mulched."
Manly,NSW,temperate,10b,coastal,June,"Winter is cool to cold. Frosts vary by location.

Winter crops provide steady harvest. Kale, spinach, peas, beans, roots produce. Protect tender plantings.

Start spring seedlings indoors. Prepare beds."
Manly,NSW,temperate,10b,coastal,July,"Winter is cool to cold. Frosts vary by location.

Winter crops provide steady harvest. Kale, spinach, peas, beans, roots produce. Protect tender plantings.

Start spring seedlings indoors. Prepare beds."
Manly,NSW,temperate,10b,coastal,August,"Winter is cool to cold. Frosts vary by location.

Winter crops provide steady harvest. Kale, spinach, peas, beans, roots produce. Protect tender plantings.

Start spring seedlings indoors. Prepare beds."
Manly,NSW,temperate,10b,coastal,September,"Spring arrives progressively. Frost risk decreases but may linger into early October.

Plant tender crops after last frost. Sow: carrots, lettuce, roots, herbs. Succession sow.

Growth accelerates through spring."
Manly,NSW,temperate,10b,coastal,October,"Spring arrives progressively. Frost risk decreases but may linger into early October.

Plant tender crops after last frost. Sow: carrots, lettuce, roots, herbs. Succession sow.

Growth accelerates through spring."
Manly,NSW,temperate,10b,coastal,November,"Spring arrives progressively. Frost risk decreases but may linger into early October.

Plant tender crops after last frost. Sow: carrots, lettuce, roots, herbs. Succession sow.

Growth accelerates through spring."
Manly,NSW,temperate,10b,coastal,December,"Summer production solid. Tomatoes, beans, cucumbers, zucchini, pumpkins grow well with consistent water. Pick regularly.

Sow autumn crops in warm soil: carrots, beets, brassicas, lettuce establish quickly.

Water deeply morning. Mulch moderates temperature."
Maroubra,NSW,temperate,10b,coastal,January,"Summer production solid. Tomatoes, beans, cucumbers, zucchini, pumpkins grow well with consistent water. Pick regularly.

Sow autumn crops in warm soil: carrots, beets, brassicas, lettuce establish quickly.

Water deeply morning. Mulch moderates temperature."
Maroubra,NSW,temperate,10b,coastal,February,"Summer production solid. Tomatoes, beans, cucumbers, zucchini, pumpkins grow well with consistent water. Pick regularly.

Sow autumn crops in warm soil: carrots, beets, brassicas, lettuce establish quickly.

Water deeply morning. Mulch moderates temperature."
Maroubra,NSW,temperate,10b,coastal,March,"Autumn established. Prime time for cool-season crops: brassicas, lettuce, roots, peas, beans.

Plant seedlings and direct-sow freely. Garlic in April. Everything grows steadily as temperatures cool.

Clear summer crops. Empty beds should be mulched."
Maroubra,NSW,temperate,10b,coastal,April,"Autumn established. Prime time for cool-season crops: brassicas, lettuce, roots, peas, beans.

Plant seedlings and direct-sow freely. Garlic in April. Everything grows steadily as temperatures cool.

Clear summer crops. Empty beds should be mulched."
Maroubra,NSW,temperate,10b,coastal,May,"Autumn established. Prime time for cool-season crops: brassicas, lettuce, roots, peas, beans.

Plant seedlings and direct-sow freely. Garlic in April. Everything grows steadily as temperatures cool.

Clear summer crops. Empty beds should be mulched."
Maroubra,NSW,temperate,10b,coastal,June,"Winter is cool to cold. Frosts vary by location.

Winter crops provide steady harvest. Kale, spinach, peas, beans, roots produce. Protect tender plantings.

Start spring seedlings indoors. Prepare beds."
Maroubra,NSW,temperate,10b,coastal,July,"Winter is cool to cold. Frosts vary by location.

Winter crops provide steady harvest. Kale, spinach, peas, beans, roots produce. Protect tender plantings.

Start spring seedlings indoors. Prepare beds."
Maroubra,NSW,temperate,10b,coastal,August,"Winter is cool to cold. Frosts vary by location.

Winter crops provide steady harvest. Kale, spinach, peas, beans, roots produce. Protect tender plantings.

Start spring seedlings indoors. Prepare beds."
Maroubra,NSW,temperate,10b,coastal,September,"Spring arrives progressively. Frost risk decreases but may linger into early October.

Plant tender crops after last frost. Sow: carrots, lettuce, roots, herbs. Succession sow.

Growth accelerates through spring."
Maroubra,NSW,temperate,10b,coastal,October,"Spring arrives progressively. Frost risk decreases but may linger into early October.

Plant tender crops after last frost. Sow: carrots, lettuce, roots, herbs. Succession sow.

Growth accelerates through spring."
Maroubra,NSW,temperate,10b,coastal,November,"Spring arrives progressively. Frost risk decreases but may linger into early October.

Plant tender crops after last frost. Sow: carrots, lettuce, roots, herbs. Succession sow.

Growth accelerates through spring."
Maroubra,NSW,temperate,10b,coastal,December,"Summer production solid. Tomatoes, beans, cucumbers, zucchini, pumpkins grow well with consistent water. Pick regularly.

Sow autumn crops in warm soil: carrots, beets, brassicas, lettuce establish quickly.

Water deeply morning. Mulch moderates temperature."
Marrickville,NSW,temperate,10b,coastal,January,"Summer production solid. Tomatoes, beans, cucumbers, zucchini, pumpkins grow well with consistent water. Pick regularly.

Sow autumn crops in warm soil: carrots, beets, brassicas, lettuce establish quickly.

Water deeply morning. Mulch moderates temperature."
Marrickville,NSW,temperate,10b,coastal,February,"Summer production solid. Tomatoes, beans, cucumbers, zucchini, pumpkins grow well with consistent water. Pick regularly.

Sow autumn crops in warm soil: carrots, beets, brassicas, lettuce establish quickly.

Water deeply morning. Mulch moderates temperature."
Marrickville,NSW,temperate,10b,coastal,March,"Autumn established. Prime time for cool-season crops: brassicas, lettuce, roots, peas, beans.

Plant seedlings and direct-sow freely. Garlic in April. Everything grows steadily as temperatures cool.

Clear summer crops. Empty beds should be mulched."
Marrickville,NSW,temperate,10b,coastal,April,"Autumn established. Prime time for cool-season crops: brassicas, lettuce, roots, peas, beans.

Plant seedlings and direct-sow freely. Garlic in April. Everything grows steadily as temperatures cool.

Clear summer crops. Empty beds should be mulched."
Marrickville,NSW,temperate,10b,coastal,May,"Autumn established. Prime time for cool-season crops: brassicas, lettuce, roots, peas, beans.

Plant seedlings and direct-sow freely. Garlic in April. Everything grows steadily as temperatures cool.

Clear summer crops. Empty beds should be mulched."
Marrickville,NSW,temperate,10b,coastal,June,"Winter is cool to cold. Frosts vary by location.

Winter crops provide steady harvest. Kale, spinach, peas, beans, roots produce. Protect tender plantings.

Start spring seedlings indoors. Prepare beds."
Marrickville,NSW,temperate,10b,coastal,July,"Winter is cool to cold. Frosts vary by location.

Winter crops provide steady harvest. Kale, spinach, peas, beans, roots produce. Protect tender plantings.

Start spring seedlings indoors. Prepare beds."
Marrickville,NSW,temperate,10b,coastal,August,"Winter is cool to cold. Frosts vary by location.

Winter crops provide steady harvest. Kale, spinach, peas, beans, roots produce. Protect tender plantings.

Start spring seedlings indoors. Prepare beds."
Marrickville,NSW,temperate,10b,coastal,September,"Spring arrives progressively. Frost risk decreases but may linger into early October.

Plant tender crops after last frost. Sow: carrots, lettuce, roots, herbs. Succession sow.

Growth accelerates through spring."
Marrickville,NSW,temperate,10b,coastal,October,"Spring arrives progressively. Frost risk decreases but may linger into early October.

Plant tender crops after last frost. Sow: carrots, lettuce, roots, herbs. Succession sow.

Growth accelerates through spring."
Marrickville,NSW,temperate,10b,coastal,November,"Spring arrives progressively. Frost risk decreases but may linger into early October.

Plant tender crops after last frost. Sow: carrots, lettuce, roots, herbs. Succession sow.

Growth accelerates through spring."
Marrickville,NSW,temperate,10b,coastal,December,"Summer production solid. Tomatoes, beans, cucumbers, zucchini, pumpkins grow well with consistent water. Pick regularly.

Sow autumn crops in warm soil: carrots, beets, brassicas, lettuce establish quickly.

Water deeply morning. Mulch moderates temperature."
Merimbula,NSW,cool,9b,inland,January,"Summer is milder. Growth steady but cool nights limit heat-lovers. Keep picking.

Start brassica and lettuce seedlings indoors. Direct-sow carrots, beetroot, silverbeet, kale.

Water deeply morning. Mulch heavily."
Merimbula,NSW,cool,9b,inland,February,"Summer is milder. Growth steady but cool nights limit heat-lovers. Keep picking.

Start brassica and lettuce seedlings indoors. Direct-sow carrots, beetroot, silverbeet, kale.

Water deeply morning. Mulch heavily."
Merimbula,NSW,cool,9b,inland,March,"Autumn transitions fast. Cool nights arrive, autumn crops thrive.

Plant brassicas, lettuce, leeks, onions. Direct-sow roots, peas, spinach, beans. Garlic in April.

Clear summer crops promptly. Empty beds need compost."
Merimbula,NSW,cool,9b,inland,April,"Autumn transitions fast. Cool nights arrive, autumn crops thrive.

Plant brassicas, lettuce, leeks, onions. Direct-sow roots, peas, spinach, beans. Garlic in April.

Clear summer crops promptly. Empty beds need compost."
Merimbula,NSW,cool,9b,inland,May,"Autumn transitions fast. Cool nights arrive, autumn crops thrive.

Plant brassicas, lettuce, leeks, onions. Direct-sow roots, peas, spinach, beans. Garlic in April.

Clear summer crops promptly. Empty beds need compost."
Merimbula,NSW,cool,9b,inland,June,"Winter is cool but manageable. Occasional frosts, not constant.

Winter crops grow steadily. Spinach, kale, peas, beans, brassicas, roots produce regular harvest.

Start spring seedlings by August. Use quiet winter for planning."
Merimbula,NSW,cool,9b,inland,July,"Winter is cool but manageable. Occasional frosts, not constant.

Winter crops grow steadily. Spinach, kale, peas, beans, brassicas, roots produce regular harvest.

Start spring seedlings by August. Use quiet winter for planning."
Merimbula,NSW,cool,9b,inland,August,"Winter is cool but manageable. Occasional frosts, not constant.

Winter crops grow steadily. Spinach, kale, peas, beans, brassicas, roots produce regular harvest.

Start spring seedlings by August. Use quiet winter for planning."
Merimbula,NSW,cool,9b,inland,September,"Spring arrives progressively. Early spring carries frost risk but warmth increases.

Plant tender crops by late October after frost passes. Sow: carrots, lettuce, roots. Succession sow.

Growth accelerates week by week."
Merimbula,NSW,cool,9b,inland,October,"Spring arrives progressively. Early spring carries frost risk but warmth increases.

Plant tender crops by late October after frost passes. Sow: carrots, lettuce, roots. Succession sow.

Growth accelerates week by week."
Merimbula,NSW,cool,9b,inland,November,"Spring arrives progressively. Early spring carries frost risk but warmth increases.

Plant tender crops by late October after frost passes. Sow: carrots, lettuce, roots. Succession sow.

Growth accelerates week by week."
Merimbula,NSW,cool,9b,inland,December,"Summer is milder. Growth steady but cool nights limit heat-lovers. Keep picking.

Start brassica and lettuce seedlings indoors. Direct-sow carrots, beetroot, silverbeet, kale.

Water deeply morning. Mulch heavily."
Miranda,NSW,temperate,10b,inland,January,"Summer production solid. Tomatoes, beans, cucumbers, zucchini, pumpkins grow well with consistent water. Pick regularly.

Sow autumn crops in warm soil: carrots, beets, brassicas, lettuce establish quickly.

Water deeply morning. Mulch moderates temperature."
Miranda,NSW,temperate,10b,inland,February,"Summer production solid. Tomatoes, beans, cucumbers, zucchini, pumpkins grow well with consistent water. Pick regularly.

Sow autumn crops in warm soil: carrots, beets, brassicas, lettuce establish quickly.

Water deeply morning. Mulch moderates temperature."
Miranda,NSW,temperate,10b,inland,March,"Autumn established. Prime time for cool-season crops: brassicas, lettuce, roots, peas, beans.

Plant seedlings and direct-sow freely. Garlic in April. Everything grows steadily as temperatures cool.

Clear summer crops. Empty beds should be mulched."
Miranda,NSW,temperate,10b,inland,April,"Autumn established. Prime time for cool-season crops: brassicas, lettuce, roots, peas, beans.

Plant seedlings and direct-sow freely. Garlic in April. Everything grows steadily as temperatures cool.

Clear summer crops. Empty beds should be mulched."
Miranda,NSW,temperate,10b,inland,May,"Autumn established. Prime time for cool-season crops: brassicas, lettuce, roots, peas, beans.

Plant seedlings and direct-sow freely. Garlic in April. Everything grows steadily as temperatures cool.

Clear summer crops. Empty beds should be mulched."
Miranda,NSW,temperate,10b,inland,June,"Winter is cool to cold. Frosts vary by location.

Winter crops provide steady harvest. Kale, spinach, peas, beans, roots produce. Protect tender plantings.

Start spring seedlings indoors. Prepare beds."
Miranda,NSW,temperate,10b,inland,July,"Winter is cool to cold. Frosts vary by location.

Winter crops provide steady harvest. Kale, spinach, peas, beans, roots produce. Protect tender plantings.

Start spring seedlings indoors. Prepare beds."
Miranda,NSW,temperate,10b,inland,August,"Winter is cool to cold. Frosts vary by location.

Winter crops provide steady harvest. Kale, spinach, peas, beans, roots produce. Protect tender plantings.

Start spring seedlings indoors. Prepare beds."
Miranda,NSW,temperate,10b,inland,September,"Spring arrives progressively. Frost risk decreases but may linger into early October.

Plant tender crops after last frost. Sow: carrots, lettuce, roots, herbs. Succession sow.

Growth accelerates through spring."
Miranda,NSW,temperate,10b,inland,October,"Spring arrives progressively. Frost risk decreases but may linger into early October.

Plant tender crops after last frost. Sow: carrots, lettuce, roots, herbs. Succession sow.

Growth accelerates through spring."
Miranda,NSW,temperate,10b,inland,November,"Spring arrives progressively. Frost risk decreases but may linger into early October.

Plant tender crops after last frost. Sow: carrots, lettuce, roots, herbs. Succession sow.

Growth accelerates through spring."
Miranda,NSW,temperate,10b,inland,December,"Summer production solid. Tomatoes, beans, cucumbers, zucchini, pumpkins grow well with consistent water. Pick regularly.

Sow autumn crops in warm soil: carrots, beets, brassicas, lettuce establish quickly.

Water deeply morning. Mulch moderates temperature."
Moree,NSW,temperate,10b,inland,January,"Summer production solid. Tomatoes, beans, cucumbers, zucchini, pumpkins grow well with consistent water. Pick regularly.

Sow autumn crops in warm soil: carrots, beets, brassicas, lettuce establish quickly.

Water deeply morning. Mulch moderates temperature."
Moree,NSW,temperate,10b,inland,February,"Summer production solid. Tomatoes, beans, cucumbers, zucchini, pumpkins grow well with consistent water. Pick regularly.

Sow autumn crops in warm soil: carrots, beets, brassicas, lettuce establish quickly.

Water deeply morning. Mulch moderates temperature."
Moree,NSW,temperate,10b,inland,March,"Autumn established. Prime time for cool-season crops: brassicas, lettuce, roots, peas, beans.

Plant seedlings and direct-sow freely. Garlic in April. Everything grows steadily as temperatures cool.

Clear summer crops. Empty beds should be mulched."
Moree,NSW,temperate,10b,inland,April,"Autumn established. Prime time for cool-season crops: brassicas, lettuce, roots, peas, beans.

Plant seedlings and direct-sow freely. Garlic in April. Everything grows steadily as temperatures cool.

Clear summer crops. Empty beds should be mulched."
Moree,NSW,temperate,10b,inland,May,"Autumn established. Prime time for cool-season crops: brassicas, lettuce, roots, peas, beans.

Plant seedlings and direct-sow freely. Garlic in April. Everything grows steadily as temperatures cool.

Clear summer crops. Empty beds should be mulched."
Moree,NSW,temperate,10b,inland,June,"Winter is cool to cold. Frosts vary by location.

Winter crops provide steady harvest. Kale, spinach, peas, beans, roots produce. Protect tender plantings.

Start spring seedlings indoors. Prepare beds."
Moree,NSW,temperate,10b,inland,July,"Winter is cool to cold. Frosts vary by location.

Winter crops provide steady harvest. Kale, spinach, peas, beans, roots produce. Protect tender plantings.

Start spring seedlings indoors. Prepare beds."
Moree,NSW,temperate,10b,inland,August,"Winter is cool to cold. Frosts vary by location.

Winter crops provide steady harvest. Kale, spinach, peas, beans, roots produce. Protect tender plantings.

Start spring seedlings indoors. Prepare beds."
Moree,NSW,temperate,10b,inland,September,"Spring arrives progressively. Frost risk decreases but may linger into early October.

Plant tender crops after last frost. Sow: carrots, lettuce, roots, herbs. Succession sow.

Growth accelerates through spring."
Moree,NSW,temperate,10b,inland,October,"Spring arrives progressively. Frost risk decreases but may linger into early October.

Plant tender crops after last frost. Sow: carrots, lettuce, roots, herbs. Succession sow.

Growth accelerates through spring."
Moree,NSW,temperate,10b,inland,November,"Spring arrives progressively. Frost risk decreases but may linger into early October.

Plant tender crops after last frost. Sow: carrots, lettuce, roots, herbs. Succession sow.

Growth accelerates through spring."
Moree,NSW,temperate,10b,inland,December,"Summer production solid. Tomatoes, beans, cucumbers, zucchini, pumpkins grow well with consistent water. Pick regularly.

Sow autumn crops in warm soil: carrots, beets, brassicas, lettuce establish quickly.

Water deeply morning. Mulch moderates temperature."
Moruya,NSW,temperate,10a,inland,January,"Summer production solid. Tomatoes, beans, cucumbers, zucchini, pumpkins grow well with consistent water. Pick regularly.

Sow autumn crops in warm soil: carrots, beets, brassicas, lettuce establish quickly.

Water deeply morning. Mulch moderates temperature."
Moruya,NSW,temperate,10a,inland,February,"Summer production solid. Tomatoes, beans, cucumbers, zucchini, pumpkins grow well with consistent water. Pick regularly.

Sow autumn crops in warm soil: carrots, beets, brassicas, lettuce establish quickly.

Water deeply morning. Mulch moderates temperature."
Moruya,NSW,temperate,10a,inland,March,"Autumn established. Prime time for cool-season crops: brassicas, lettuce, roots, peas, beans.

Plant seedlings and direct-sow freely. Garlic in April. Everything grows steadily as temperatures cool.

Clear summer crops. Empty beds should be mulched."
Moruya,NSW,temperate,10a,inland,April,"Autumn established. Prime time for cool-season crops: brassicas, lettuce, roots, peas, beans.

Plant seedlings and direct-sow freely. Garlic in April. Everything grows steadily as temperatures cool.

Clear summer crops. Empty beds should be mulched."
Moruya,NSW,temperate,10a,inland,May,"Autumn established. Prime time for cool-season crops: brassicas, lettuce, roots, peas, beans.

Plant seedlings and direct-sow freely. Garlic in April. Everything grows steadily as temperatures cool.

Clear summer crops. Empty beds should be mulched."
Moruya,NSW,temperate,10a,inland,June,"Winter is cool to cold. Frosts vary by location.

Winter crops provide steady harvest. Kale, spinach, peas, beans, roots produce. Protect tender plantings.

Start spring seedlings indoors. Prepare beds."
Moruya,NSW,temperate,10a,inland,July,"Winter is cool to cold. Frosts vary by location.

Winter crops provide steady harvest. Kale, spinach, peas, beans, roots produce. Protect tender plantings.

Start spring seedlings indoors. Prepare beds."
Moruya,NSW,temperate,10a,inland,August,"Winter is cool to cold. Frosts vary by location.

Winter crops provide steady harvest. Kale, spinach, peas, beans, roots produce. Protect tender plantings.

Start spring seedlings indoors. Prepare beds."
Moruya,NSW,temperate,10a,inland,September,"Spring arrives progressively. Frost risk decreases but may linger into early October.

Plant tender crops after last frost. Sow: carrots, lettuce, roots, herbs. Succession sow.

Growth accelerates through spring."
Moruya,NSW,temperate,10a,inland,October,"Spring arrives progressively. Frost risk decreases but may linger into early October.

Plant tender crops after last frost. Sow: carrots, lettuce, roots, herbs. Succession sow.

Growth accelerates through spring."
Moruya,NSW,temperate,10a,inland,November,"Spring arrives progressively. Frost risk decreases but may linger into early October.

Plant tender crops after last frost. Sow: carrots, lettuce, roots, herbs. Succession sow.

Growth accelerates through spring."
Moruya,NSW,temperate,10a,inland,December,"Summer production solid. Tomatoes, beans, cucumbers, zucchini, pumpkins grow well with consistent water. Pick regularly.

Sow autumn crops in warm soil: carrots, beets, brassicas, lettuce establish quickly.

Water deeply morning. Mulch moderates temperature."
Mosman,NSW,temperate,10b,coastal,January,"Summer production solid. Tomatoes, beans, cucumbers, zucchini, pumpkins grow well with consistent water. Pick regularly.

Sow autumn crops in warm soil: carrots, beets, brassicas, lettuce establish quickly.

Water deeply morning. Mulch moderates temperature."
Mosman,NSW,temperate,10b,coastal,February,"Summer production solid. Tomatoes, beans, cucumbers, zucchini, pumpkins grow well with consistent water. Pick regularly.

Sow autumn crops in warm soil: carrots, beets, brassicas, lettuce establish quickly.

Water deeply morning. Mulch moderates temperature."
Mosman,NSW,temperate,10b,coastal,March,"Autumn established. Prime time for cool-season crops: brassicas, lettuce, roots, peas, beans.

Plant seedlings and direct-sow freely. Garlic in April. Everything grows steadily as temperatures cool.

Clear summer crops. Empty beds should be mulched."
Mosman,NSW,temperate,10b,coastal,April,"Autumn established. Prime time for cool-season crops: brassicas, lettuce, roots, peas, beans.

Plant seedlings and direct-sow freely. Garlic in April. Everything grows steadily as temperatures cool.

Clear summer crops. Empty beds should be mulched."
Mosman,NSW,temperate,10b,coastal,May,"Autumn established. Prime time for cool-season crops: brassicas, lettuce, roots, peas, beans.

Plant seedlings and direct-sow freely. Garlic in April. Everything grows steadily as temperatures cool.

Clear summer crops. Empty beds should be mulched."
Mosman,NSW,temperate,10b,coastal,June,"Winter is cool to cold. Frosts vary by location.

Winter crops provide steady harvest. Kale, spinach, peas, beans, roots produce. Protect tender plantings.

Start spring seedlings indoors. Prepare beds."
Mosman,NSW,temperate,10b,coastal,July,"Winter is cool to cold. Frosts vary by location.

Winter crops provide steady harvest. Kale, spinach, peas, beans, roots produce. Protect tender plantings.

Start spring seedlings indoors. Prepare beds."
Mosman,NSW,temperate,10b,coastal,August,"Winter is cool to cold. Frosts vary by location.

Winter crops provide steady harvest. Kale, spinach, peas, beans, roots produce. Protect tender plantings.

Start spring seedlings indoors. Prepare beds."
Mosman,NSW,temperate,10b,coastal,September,"Spring arrives progressively. Frost risk decreases but may linger into early October.

Plant tender crops after last frost. Sow: carrots, lettuce, roots, herbs. Succession sow.

Growth accelerates through spring."
Mosman,NSW,temperate,10b,coastal,October,"Spring arrives progressively. Frost risk decreases but may linger into early October.

Plant tender crops after last frost. Sow: carrots, lettuce, roots, herbs. Succession sow.

Growth accelerates through spring."
Mosman,NSW,temperate,10b,coastal,November,"Spring arrives progressively. Frost risk decreases but may linger into early October.

Plant tender crops after last frost. Sow: carrots, lettuce, roots, herbs. Succession sow.

Growth accelerates through spring."
Mosman,NSW,temperate,10b,coastal,December,"Summer production solid. Tomatoes, beans, cucumbers, zucchini, pumpkins grow well with consistent water. Pick regularly.

Sow autumn crops in warm soil: carrots, beets, brassicas, lettuce establish quickly.

Water deeply morning. Mulch moderates temperature."
Mudgee,NSW,cool,9b,inland,January,"Summer is milder. Growth steady but cool nights limit heat-lovers. Keep picking.

Start brassica and lettuce seedlings indoors. Direct-sow carrots, beetroot, silverbeet, kale.

Water deeply morning. Mulch heavily."
Mudgee,NSW,cool,9b,inland,February,"Summer is milder. Growth steady but cool nights limit heat-lovers. Keep picking.

Start brassica and lettuce seedlings indoors. Direct-sow carrots, beetroot, silverbeet, kale.

Water deeply morning. Mulch heavily."
Mudgee,NSW,cool,9b,inland,March,"Autumn transitions fast. Cool nights arrive, autumn crops thrive.

Plant brassicas, lettuce, leeks, onions. Direct-sow roots, peas, spinach, beans. Garlic in April.

Clear summer crops promptly. Empty beds need compost."
Mudgee,NSW,cool,9b,inland,April,"Autumn transitions fast. Cool nights arrive, autumn crops thrive.

Plant brassicas, lettuce, leeks, onions. Direct-sow roots, peas, spinach, beans. Garlic in April.

Clear summer crops promptly. Empty beds need compost."
Mudgee,NSW,cool,9b,inland,May,"Autumn transitions fast. Cool nights arrive, autumn crops thrive.

Plant brassicas, lettuce, leeks, onions. Direct-sow roots, peas, spinach, beans. Garlic in April.

Clear summer crops promptly. Empty beds need compost."
Mudgee,NSW,cool,9b,inland,June,"Winter is cool but manageable. Occasional frosts, not constant.

Winter crops grow steadily. Spinach, kale, peas, beans, brassicas, roots produce regular harvest.

Start spring seedlings by August. Use quiet winter for planning."
Mudgee,NSW,cool,9b,inland,July,"Winter is cool but manageable. Occasional frosts, not constant.

Winter crops grow steadily. Spinach, kale, peas, beans, brassicas, roots produce regular harvest.

Start spring seedlings by August. Use quiet winter for planning."
Mudgee,NSW,cool,9b,inland,August,"Winter is cool but manageable. Occasional frosts, not constant.

Winter crops grow steadily. Spinach, kale, peas, beans, brassicas, roots produce regular harvest.

Start spring seedlings by August. Use quiet winter for planning."
Mudgee,NSW,cool,9b,inland,September,"Spring arrives progressively. Early spring carries frost risk but warmth increases.

Plant tender crops by late October after frost passes. Sow: carrots, lettuce, roots. Succession sow.

Growth accelerates week by week."
Mudgee,NSW,cool,9b,inland,October,"Spring arrives progressively. Early spring carries frost risk but warmth increases.

Plant tender crops by late October after frost passes. Sow: carrots, lettuce, roots. Succession sow.

Growth accelerates week by week."
Mudgee,NSW,cool,9b,inland,November,"Spring arrives progressively. Early spring carries frost risk but warmth increases.

Plant tender crops by late October after frost passes. Sow: carrots, lettuce, roots. Succession sow.

Growth accelerates week by week."
Mudgee,NSW,cool,9b,inland,December,"Summer is milder. Growth steady but cool nights limit heat-lovers. Keep picking.

Start brassica and lettuce seedlings indoors. Direct-sow carrots, beetroot, silverbeet, kale.

Water deeply morning. Mulch heavily."
Narrabri,NSW,temperate,10a,inland,January,"Summer production solid. Tomatoes, beans, cucumbers, zucchini, pumpkins grow well with consistent water. Pick regularly.

Sow autumn crops in warm soil: carrots, beets, brassicas, lettuce establish quickly.

Water deeply morning. Mulch moderates temperature."
Narrabri,NSW,temperate,10a,inland,February,"Summer production solid. Tomatoes, beans, cucumbers, zucchini, pumpkins grow well with consistent water. Pick regularly.

Sow autumn crops in warm soil: carrots, beets, brassicas, lettuce establish quickly.

Water deeply morning. Mulch moderates temperature."
Narrabri,NSW,temperate,10a,inland,March,"Autumn established. Prime time for cool-season crops: brassicas, lettuce, roots, peas, beans.

Plant seedlings and direct-sow freely. Garlic in April. Everything grows steadily as temperatures cool.

Clear summer crops. Empty beds should be mulched."
Narrabri,NSW,temperate,10a,inland,April,"Autumn established. Prime time for cool-season crops: brassicas, lettuce, roots, peas, beans.

Plant seedlings and direct-sow freely. Garlic in April. Everything grows steadily as temperatures cool.

Clear summer crops. Empty beds should be mulched."
Narrabri,NSW,temperate,10a,inland,May,"Autumn established. Prime time for cool-season crops: brassicas, lettuce, roots, peas, beans.

Plant seedlings and direct-sow freely. Garlic in April. Everything grows steadily as temperatures cool.

Clear summer crops. Empty beds should be mulched."
Narrabri,NSW,temperate,10a,inland,June,"Winter is cool to cold. Frosts vary by location.

Winter crops provide steady harvest. Kale, spinach, peas, beans, roots produce. Protect tender plantings.

Start spring seedlings indoors. Prepare beds."
Narrabri,NSW,temperate,10a,inland,July,"Winter is cool to cold. Frosts vary by location.

Winter crops provide steady harvest. Kale, spinach, peas, beans, roots produce. Protect tender plantings.

Start spring seedlings indoors. Prepare beds."
Narrabri,NSW,temperate,10a,inland,August,"Winter is cool to cold. Frosts vary by location.

Winter crops provide steady harvest. Kale, spinach, peas, beans, roots produce. Protect tender plantings.

Start spring seedlings indoors. Prepare beds."
Narrabri,NSW,temperate,10a,inland,September,"Spring arrives progressively. Frost risk decreases but may linger into early October.

Plant tender crops after last frost. Sow: carrots, lettuce, roots, herbs. Succession sow.

Growth accelerates through spring."
Narrabri,NSW,temperate,10a,inland,October,"Spring arrives progressively. Frost risk decreases but may linger into early October.

Plant tender crops after last frost. Sow: carrots, lettuce, roots, herbs. Succession sow.

Growth accelerates through spring."
Narrabri,NSW,temperate,10a,inland,November,"Spring arrives progressively. Frost risk decreases but may linger into early October.

Plant tender crops after last frost. Sow: carrots, lettuce, roots, herbs. Succession sow.

Growth accelerates through spring."
Narrabri,NSW,temperate,10a,inland,December,"Summer production solid. Tomatoes, beans, cucumbers, zucchini, pumpkins grow well with consistent water. Pick regularly.

Sow autumn crops in warm soil: carrots, beets, brassicas, lettuce establish quickly.

Water deeply morning. Mulch moderates temperature."
Newcastle,NSW,temperate,10b,coastal,January,"Summer production solid. Tomatoes, beans, cucumbers, zucchini, pumpkins grow well with consistent water. Pick regularly.

Sow autumn crops in warm soil: carrots, beets, brassicas, lettuce establish quickly.

Water deeply morning. Mulch moderates temperature."
Newcastle,NSW,temperate,10b,coastal,February,"Summer production solid. Tomatoes, beans, cucumbers, zucchini, pumpkins grow well with consistent water. Pick regularly.

Sow autumn crops in warm soil: carrots, beets, brassicas, lettuce establish quickly.

Water deeply morning. Mulch moderates temperature."
Newcastle,NSW,temperate,10b,coastal,March,"Autumn established. Prime time for cool-season crops: brassicas, lettuce, roots, peas, beans.

Plant seedlings and direct-sow freely. Garlic in April. Everything grows steadily as temperatures cool.

Clear summer crops. Empty beds should be mulched."
Newcastle,NSW,temperate,10b,coastal,April,"Autumn established. Prime time for cool-season crops: brassicas, lettuce, roots, peas, beans.

Plant seedlings and direct-sow freely. Garlic in April. Everything grows steadily as temperatures cool.

Clear summer crops. Empty beds should be mulched."
Newcastle,NSW,temperate,10b,coastal,May,"Autumn established. Prime time for cool-season crops: brassicas, lettuce, roots, peas, beans.

Plant seedlings and direct-sow freely. Garlic in April. Everything grows steadily as temperatures cool.

Clear summer crops. Empty beds should be mulched."
Newcastle,NSW,temperate,10b,coastal,June,"Winter is cool to cold. Frosts vary by location.

Winter crops provide steady harvest. Kale, spinach, peas, beans, roots produce. Protect tender plantings.

Start spring seedlings indoors. Prepare beds."
Newcastle,NSW,temperate,10b,coastal,July,"Winter is cool to cold. Frosts vary by location.

Winter crops provide steady harvest. Kale, spinach, peas, beans, roots produce. Protect tender plantings.

Start spring seedlings indoors. Prepare beds."
Newcastle,NSW,temperate,10b,coastal,August,"Winter is cool to cold. Frosts vary by location.

Winter crops provide steady harvest. Kale, spinach, peas, beans, roots produce. Protect tender plantings.

Start spring seedlings indoors. Prepare beds."
Newcastle,NSW,temperate,10b,coastal,September,"Spring arrives progressively. Frost risk decreases but may linger into early October.

Plant tender crops after last frost. Sow: carrots, lettuce, roots, herbs. Succession sow.

Growth accelerates through spring."
Newcastle,NSW,temperate,10b,coastal,October,"Spring arrives progressively. Frost risk decreases but may linger into early October.

Plant tender crops after last frost. Sow: carrots, lettuce, roots, herbs. Succession sow.

Growth accelerates through spring."
Newcastle,NSW,temperate,10b,coastal,November,"Spring arrives progressively. Frost risk decreases but may linger into early October.

Plant tender crops after last frost. Sow: carrots, lettuce, roots, herbs. Succession sow.

Growth accelerates through spring."
Newcastle,NSW,temperate,10b,coastal,December,"Summer production solid. Tomatoes, beans, cucumbers, zucchini, pumpkins grow well with consistent water. Pick regularly.

Sow autumn crops in warm soil: carrots, beets, brassicas, lettuce establish quickly.

Water deeply morning. Mulch moderates temperature."
Newtown,NSW,temperate,10b,urban_heat|inland,January,"Summer production solid. Tomatoes, beans, cucumbers, zucchini, pumpkins grow well with consistent water. Pick regularly.

Sow autumn crops in warm soil: carrots, beets, brassicas, lettuce establish quickly.

Water deeply morning. Mulch moderates temperature."
Newtown,NSW,temperate,10b,urban_heat|inland,February,"Summer production solid. Tomatoes, beans, cucumbers, zucchini, pumpkins grow well with consistent water. Pick regularly.

Sow autumn crops in warm soil: carrots, beets, brassicas, lettuce establish quickly.

Water deeply morning. Mulch moderates temperature."
Newtown,NSW,temperate,10b,urban_heat|inland,March,"Autumn established. Prime time for cool-season crops: brassicas, lettuce, roots, peas, beans.

Plant seedlings and direct-sow freely. Garlic in April. Everything grows steadily as temperatures cool.

Clear summer crops. Empty beds should be mulched."
Newtown,NSW,temperate,10b,urban_heat|inland,April,"Autumn established. Prime time for cool-season crops: brassicas, lettuce, roots, peas, beans.

Plant seedlings and direct-sow freely. Garlic in April. Everything grows steadily as temperatures cool.

Clear summer crops. Empty beds should be mulched."
Newtown,NSW,temperate,10b,urban_heat|inland,May,"Autumn established. Prime time for cool-season crops: brassicas, lettuce, roots, peas, beans.

Plant seedlings and direct-sow freely. Garlic in April. Everything grows steadily as temperatures cool.

Clear summer crops. Empty beds should be mulched."
Newtown,NSW,temperate,10b,urban_heat|inland,June,"Winter is cool to cold. Frosts vary by location.

Winter crops provide steady harvest. Kale, spinach, peas, beans, roots produce. Protect tender plantings.

Start spring seedlings indoors. Prepare beds."
Newtown,NSW,temperate,10b,urban_heat|inland,July,"Winter is cool to cold. Frosts vary by location.

Winter crops provide steady harvest. Kale, spinach, peas, beans, roots produce. Protect tender plantings.

Start spring seedlings indoors. Prepare beds."
Newtown,NSW,temperate,10b,urban_heat|inland,August,"Winter is cool to cold. Frosts vary by location.

Winter crops provide steady harvest. Kale, spinach, peas, beans, roots produce. Protect tender plantings.

Start spring seedlings indoors. Prepare beds."
Newtown,NSW,temperate,10b,urban_heat|inland,September,"Spring arrives progressively. Frost risk decreases but may linger into early October.

Plant tender crops after last frost. Sow: carrots, lettuce, roots, herbs. Succession sow.

Growth accelerates through spring."
Newtown,NSW,temperate,10b,urban_heat|inland,October,"Spring arrives progressively. Frost risk decreases but may linger into early October.

Plant tender crops after last frost. Sow: carrots, lettuce, roots, herbs. Succession sow.

Growth accelerates through spring."
Newtown,NSW,temperate,10b,urban_heat|inland,November,"Spring arrives progressively. Frost risk decreases but may linger into early October.

Plant tender crops after last frost. Sow: carrots, lettuce, roots, herbs. Succession sow.

Growth accelerates through spring."
Newtown,NSW,temperate,10b,urban_heat|inland,December,"Summer production solid. Tomatoes, beans, cucumbers, zucchini, pumpkins grow well with consistent water. Pick regularly.

Sow autumn crops in warm soil: carrots, beets, brassicas, lettuce establish quickly.

Water deeply morning. Mulch moderates temperature."
North Sydney,NSW,temperate,10b,coastal,January,"Summer production solid. Tomatoes, beans, cucumbers, zucchini, pumpkins grow well with consistent water. Pick regularly.

Sow autumn crops in warm soil: carrots, beets, brassicas, lettuce establish quickly.

Water deeply morning. Mulch moderates temperature."
North Sydney,NSW,temperate,10b,coastal,February,"Summer production solid. Tomatoes, beans, cucumbers, zucchini, pumpkins grow well with consistent water. Pick regularly.

Sow autumn crops in warm soil: carrots, beets, brassicas, lettuce establish quickly.

Water deeply morning. Mulch moderates temperature."
North Sydney,NSW,temperate,10b,coastal,March,"Autumn established. Prime time for cool-season crops: brassicas, lettuce, roots, peas, beans.

Plant seedlings and direct-sow freely. Garlic in April. Everything grows steadily as temperatures cool.

Clear summer crops. Empty beds should be mulched."
North Sydney,NSW,temperate,10b,coastal,April,"Autumn established. Prime time for cool-season crops: brassicas, lettuce, roots, peas, beans.

Plant seedlings and direct-sow freely. Garlic in April. Everything grows steadily as temperatures cool.

Clear summer crops. Empty beds should be mulched."
North Sydney,NSW,temperate,10b,coastal,May,"Autumn established. Prime time for cool-season crops: brassicas, lettuce, roots, peas, beans.

Plant seedlings and direct-sow freely. Garlic in April. Everything grows steadily as temperatures cool.

Clear summer crops. Empty beds should be mulched."
North Sydney,NSW,temperate,10b,coastal,June,"Winter is cool to cold. Frosts vary by location.

Winter crops provide steady harvest. Kale, spinach, peas, beans, roots produce. Protect tender plantings.

Start spring seedlings indoors. Prepare beds."
North Sydney,NSW,temperate,10b,coastal,July,"Winter is cool to cold. Frosts vary by location.

Winter crops provide steady harvest. Kale, spinach, peas, beans, roots produce. Protect tender plantings.

Start spring seedlings indoors. Prepare beds."
North Sydney,NSW,temperate,10b,coastal,August,"Winter is cool to cold. Frosts vary by location.

Winter crops provide steady harvest. Kale, spinach, peas, beans, roots produce. Protect tender plantings.

Start spring seedlings indoors. Prepare beds."
North Sydney,NSW,temperate,10b,coastal,September,"Spring arrives progressively. Frost risk decreases but may linger into early October.

Plant tender crops after last frost. Sow: carrots, lettuce, roots, herbs. Succession sow.

Growth accelerates through spring."
North Sydney,NSW,temperate,10b,coastal,October,"Spring arrives progressively. Frost risk decreases but may linger into early October.

Plant tender crops after last frost. Sow: carrots, lettuce, roots, herbs. Succession sow.

Growth accelerates through spring."
North Sydney,NSW,temperate,10b,coastal,November,"Spring arrives progressively. Frost risk decreases but may linger into early October.

Plant tender crops after last frost. Sow: carrots, lettuce, roots, herbs. Succession sow.

Growth accelerates through spring."
North Sydney,NSW,temperate,10b,coastal,December,"Summer production solid. Tomatoes, beans, cucumbers, zucchini, pumpkins grow well with consistent water. Pick regularly.

Sow autumn crops in warm soil: carrots, beets, brassicas, lettuce establish quickly.

Water deeply morning. Mulch moderates temperature."
Nowra,NSW,temperate,10a,inland,January,"Summer production solid. Tomatoes, beans, cucumbers, zucchini, pumpkins grow well with consistent water. Pick regularly.

Sow autumn crops in warm soil: carrots, beets, brassicas, lettuce establish quickly.

Water deeply morning. Mulch moderates temperature."
Nowra,NSW,temperate,10a,inland,February,"Summer production solid. Tomatoes, beans, cucumbers, zucchini, pumpkins grow well with consistent water. Pick regularly.

Sow autumn crops in warm soil: carrots, beets, brassicas, lettuce establish quickly.

Water deeply morning. Mulch moderates temperature."
Nowra,NSW,temperate,10a,inland,March,"Autumn established. Prime time for cool-season crops: brassicas, lettuce, roots, peas, beans.

Plant seedlings and direct-sow freely. Garlic in April. Everything grows steadily as temperatures cool.

Clear summer crops. Empty beds should be mulched."
Nowra,NSW,temperate,10a,inland,April,"Autumn established. Prime time for cool-season crops: brassicas, lettuce, roots, peas, beans.

Plant seedlings and direct-sow freely. Garlic in April. Everything grows steadily as temperatures cool.

Clear summer crops. Empty beds should be mulched."
Nowra,NSW,temperate,10a,inland,May,"Autumn established. Prime time for cool-season crops: brassicas, lettuce, roots, peas, beans.

Plant seedlings and direct-sow freely. Garlic in April. Everything grows steadily as temperatures cool.

Clear summer crops. Empty beds should be mulched."
Nowra,NSW,temperate,10a,inland,June,"Winter is cool to cold. Frosts vary by location.

Winter crops provide steady harvest. Kale, spinach, peas, beans, roots produce. Protect tender plantings.

Start spring seedlings indoors. Prepare beds."
Nowra,NSW,temperate,10a,inland,July,"Winter is cool to cold. Frosts vary by location.

Winter crops provide steady harvest. Kale, spinach, peas, beans, roots produce. Protect tender plantings.

Start spring seedlings indoors. Prepare beds."
Nowra,NSW,temperate,10a,inland,August,"Winter is cool to cold. Frosts vary by location.

Winter crops provide steady harvest. Kale, spinach, peas, beans, roots produce. Protect tender plantings.

Start spring seedlings indoors. Prepare beds."
Nowra,NSW,temperate,10a,inland,September,"Spring arrives progressively. Frost risk decreases but may linger into early October.

Plant tender crops after last frost. Sow: carrots, lettuce, roots, herbs. Succession sow.

Growth accelerates through spring."
Nowra,NSW,temperate,10a,inland,October,"Spring arrives progressively. Frost risk decreases but may linger into early October.

Plant tender crops after last frost. Sow: carrots, lettuce, roots, herbs. Succession sow.

Growth accelerates through spring."
Nowra,NSW,temperate,10a,inland,November,"Spring arrives progressively. Frost risk decreases but may linger into early October.

Plant tender crops after last frost. Sow: carrots, lettuce, roots, herbs. Succession sow.

Growth accelerates through spring."
Nowra,NSW,temperate,10a,inland,December,"Summer production solid. Tomatoes, beans, cucumbers, zucchini, pumpkins grow well with consistent water. Pick regularly.

Sow autumn crops in warm soil: carrots, beets, brassicas, lettuce establish quickly.

Water deeply morning. Mulch moderates temperature."
Orange,NSW,cool,9b,alpine_highland|inland,January,"Summer is milder. Growth steady but cool nights limit heat-lovers. Keep picking.

Start brassica and lettuce seedlings indoors. Direct-sow carrots, beetroot, silverbeet, kale.

Water deeply morning. Mulch heavily."
Orange,NSW,cool,9b,alpine_highland|inland,February,"Summer is milder. Growth steady but cool nights limit heat-lovers. Keep picking.

Start brassica and lettuce seedlings indoors. Direct-sow carrots, beetroot, silverbeet, kale.

Water deeply morning. Mulch heavily."
Orange,NSW,cool,9b,alpine_highland|inland,March,"Autumn transitions fast. Cool nights arrive, autumn crops thrive.

Plant brassicas, lettuce, leeks, onions. Direct-sow roots, peas, spinach, beans. Garlic in April.

Clear summer crops promptly. Empty beds need compost."
Orange,NSW,cool,9b,alpine_highland|inland,April,"Autumn transitions fast. Cool nights arrive, autumn crops thrive.

Plant brassicas, lettuce, leeks, onions. Direct-sow roots, peas, spinach, beans. Garlic in April.

Clear summer crops promptly. Empty beds need compost."
Orange,NSW,cool,9b,alpine_highland|inland,May,"Autumn transitions fast. Cool nights arrive, autumn crops thrive.

Plant brassicas, lettuce, leeks, onions. Direct-sow roots, peas, spinach, beans. Garlic in April.

Clear summer crops promptly. Empty beds need compost."
Orange,NSW,cool,9b,alpine_highland|inland,June,"Winter is cool but manageable. Occasional frosts, not constant.

Winter crops grow steadily. Spinach, kale, peas, beans, brassicas, roots produce regular harvest.

Start spring seedlings by August. Use quiet winter for planning."
Orange,NSW,cool,9b,alpine_highland|inland,July,"Winter is cool but manageable. Occasional frosts, not constant.

Winter crops grow steadily. Spinach, kale, peas, beans, brassicas, roots produce regular harvest.

Start spring seedlings by August. Use quiet winter for planning."
Orange,NSW,cool,9b,alpine_highland|inland,August,"Winter is cool but manageable. Occasional frosts, not constant.

Winter crops grow steadily. Spinach, kale, peas, beans, brassicas, roots produce regular harvest.

Start spring seedlings by August. Use quiet winter for planning."
Orange,NSW,cool,9b,alpine_highland|inland,September,"Spring arrives progressively. Early spring carries frost risk but warmth increases.

Plant tender crops by late October after frost passes. Sow: carrots, lettuce, roots. Succession sow.

Growth accelerates week by week."
Orange,NSW,cool,9b,alpine_highland|inland,October,"Spring arrives progressively. Early spring carries frost risk but warmth increases.

Plant tender crops by late October after frost passes. Sow: carrots, lettuce, roots. Succession sow.

Growth accelerates week by week."
Orange,NSW,cool,9b,alpine_highland|inland,November,"Spring arrives progressively. Early spring carries frost risk but warmth increases.

Plant tender crops by late October after frost passes. Sow: carrots, lettuce, roots. Succession sow.

Growth accelerates week by week."
Orange,NSW,cool,9b,alpine_highland|inland,December,"Summer is milder. Growth steady but cool nights limit heat-lovers. Keep picking.

Start brassica and lettuce seedlings indoors. Direct-sow carrots, beetroot, silverbeet, kale.

Water deeply morning. Mulch heavily."
Parkes,NSW,cool,9b,inland,January,"Summer is milder. Growth steady but cool nights limit heat-lovers. Keep picking.

Start brassica and lettuce seedlings indoors. Direct-sow carrots, beetroot, silverbeet, kale.

Water deeply morning. Mulch heavily."
Parkes,NSW,cool,9b,inland,February,"Summer is milder. Growth steady but cool nights limit heat-lovers. Keep picking.

Start brassica and lettuce seedlings indoors. Direct-sow carrots, beetroot, silverbeet, kale.

Water deeply morning. Mulch heavily."
Parkes,NSW,cool,9b,inland,March,"Autumn transitions fast. Cool nights arrive, autumn crops thrive.

Plant brassicas, lettuce, leeks, onions. Direct-sow roots, peas, spinach, beans. Garlic in April.

Clear summer crops promptly. Empty beds need compost."
Parkes,NSW,cool,9b,inland,April,"Autumn transitions fast. Cool nights arrive, autumn crops thrive.

Plant brassicas, lettuce, leeks, onions. Direct-sow roots, peas, spinach, beans. Garlic in April.

Clear summer crops promptly. Empty beds need compost."
Parkes,NSW,cool,9b,inland,May,"Autumn transitions fast. Cool nights arrive, autumn crops thrive.

Plant brassicas, lettuce, leeks, onions. Direct-sow roots, peas, spinach, beans. Garlic in April.

Clear summer crops promptly. Empty beds need compost."
Parkes,NSW,cool,9b,inland,June,"Winter is cool but manageable. Occasional frosts, not constant.

Winter crops grow steadily. Spinach, kale, peas, beans, brassicas, roots produce regular harvest.

Start spring seedlings by August. Use quiet winter for planning."
Parkes,NSW,cool,9b,inland,July,"Winter is cool but manageable. Occasional frosts, not constant.

Winter crops grow steadily. Spinach, kale, peas, beans, brassicas, roots produce regular harvest.

Start spring seedlings by August. Use quiet winter for planning."
Parkes,NSW,cool,9b,inland,August,"Winter is cool but manageable. Occasional frosts, not constant.

Winter crops grow steadily. Spinach, kale, peas, beans, brassicas, roots produce regular harvest.

Start spring seedlings by August. Use quiet winter for planning."
Parkes,NSW,cool,9b,inland,September,"Spring arrives progressively. Early spring carries frost risk but warmth increases.

Plant tender crops by late October after frost passes. Sow: carrots, lettuce, roots. Succession sow.

Growth accelerates week by week."
Parkes,NSW,cool,9b,inland,October,"Spring arrives progressively. Early spring carries frost risk but warmth increases.

Plant tender crops by late October after frost passes. Sow: carrots, lettuce, roots. Succession sow.

Growth accelerates week by week."
Parkes,NSW,cool,9b,inland,November,"Spring arrives progressively. Early spring carries frost risk but warmth increases.

Plant tender crops by late October after frost passes. Sow: carrots, lettuce, roots. Succession sow.

Growth accelerates week by week."
Parkes,NSW,cool,9b,inland,December,"Summer is milder. Growth steady but cool nights limit heat-lovers. Keep picking.

Start brassica and lettuce seedlings indoors. Direct-sow carrots, beetroot, silverbeet, kale.

Water deeply morning. Mulch heavily."
Parramatta,NSW,temperate,10b,inland,January,"Summer production solid. Tomatoes, beans, cucumbers, zucchini, pumpkins grow well with consistent water. Pick regularly.

Sow autumn crops in warm soil: carrots, beets, brassicas, lettuce establish quickly.

Water deeply morning. Mulch moderates temperature."
Parramatta,NSW,temperate,10b,inland,February,"Summer production solid. Tomatoes, beans, cucumbers, zucchini, pumpkins grow well with consistent water. Pick regularly.

Sow autumn crops in warm soil: carrots, beets, brassicas, lettuce establish quickly.

Water deeply morning. Mulch moderates temperature."
Parramatta,NSW,temperate,10b,inland,March,"Autumn established. Prime time for cool-season crops: brassicas, lettuce, roots, peas, beans.

Plant seedlings and direct-sow freely. Garlic in April. Everything grows steadily as temperatures cool.

Clear summer crops. Empty beds should be mulched."
Parramatta,NSW,temperate,10b,inland,April,"Autumn established. Prime time for cool-season crops: brassicas, lettuce, roots, peas, beans.

Plant seedlings and direct-sow freely. Garlic in April. Everything grows steadily as temperatures cool.

Clear summer crops. Empty beds should be mulched."
Parramatta,NSW,temperate,10b,inland,May,"Autumn established. Prime time for cool-season crops: brassicas, lettuce, roots, peas, beans.

Plant seedlings and direct-sow freely. Garlic in April. Everything grows steadily as temperatures cool.

Clear summer crops. Empty beds should be mulched."
Parramatta,NSW,temperate,10b,inland,June,"Winter is cool to cold. Frosts vary by location.

Winter crops provide steady harvest. Kale, spinach, peas, beans, roots produce. Protect tender plantings.

Start spring seedlings indoors. Prepare beds."
Parramatta,NSW,temperate,10b,inland,July,"Winter is cool to cold. Frosts vary by location.

Winter crops provide steady harvest. Kale, spinach, peas, beans, roots produce. Protect tender plantings.

Start spring seedlings indoors. Prepare beds."
Parramatta,NSW,temperate,10b,inland,August,"Winter is cool to cold. Frosts vary by location.

Winter crops provide steady harvest. Kale, spinach, peas, beans, roots produce. Protect tender plantings.

Start spring seedlings indoors. Prepare beds."
Parramatta,NSW,temperate,10b,inland,September,"Spring arrives progressively. Frost risk decreases but may linger into early October.

Plant tender crops after last frost. Sow: carrots, lettuce, roots, herbs. Succession sow.

Growth accelerates through spring."
Parramatta,NSW,temperate,10b,inland,October,"Spring arrives progressively. Frost risk decreases but may linger into early October.

Plant tender crops after last frost. Sow: carrots, lettuce, roots, herbs. Succession sow.

Growth accelerates through spring."
Parramatta,NSW,temperate,10b,inland,November,"Spring arrives progressively. Frost risk decreases but may linger into early October.

Plant tender crops after last frost. Sow: carrots, lettuce, roots, herbs. Succession sow.

Growth accelerates through spring."
Parramatta,NSW,temperate,10b,inland,December,"Summer production solid. Tomatoes, beans, cucumbers, zucchini, pumpkins grow well with consistent water. Pick regularly.

Sow autumn crops in warm soil: carrots, beets, brassicas, lettuce establish quickly.

Water deeply morning. Mulch moderates temperature."
Penrith,NSW,temperate,10a,inland,January,"Summer production solid. Tomatoes, beans, cucumbers, zucchini, pumpkins grow well with consistent water. Pick regularly.

Sow autumn crops in warm soil: carrots, beets, brassicas, lettuce establish quickly.

Water deeply morning. Mulch moderates temperature."
Penrith,NSW,temperate,10a,inland,February,"Summer production solid. Tomatoes, beans, cucumbers, zucchini, pumpkins grow well with consistent water. Pick regularly.

Sow autumn crops in warm soil: carrots, beets, brassicas, lettuce establish quickly.

Water deeply morning. Mulch moderates temperature."
Penrith,NSW,temperate,10a,inland,March,"Autumn established. Prime time for cool-season crops: brassicas, lettuce, roots, peas, beans.

Plant seedlings and direct-sow freely. Garlic in April. Everything grows steadily as temperatures cool.

Clear summer crops. Empty beds should be mulched."
Penrith,NSW,temperate,10a,inland,April,"Autumn established. Prime time for cool-season crops: brassicas, lettuce, roots, peas, beans.

Plant seedlings and direct-sow freely. Garlic in April. Everything grows steadily as temperatures cool.

Clear summer crops. Empty beds should be mulched."
Penrith,NSW,temperate,10a,inland,May,"Autumn established. Prime time for cool-season crops: brassicas, lettuce, roots, peas, beans.

Plant seedlings and direct-sow freely. Garlic in April. Everything grows steadily as temperatures cool.

Clear summer crops. Empty beds should be mulched."
Penrith,NSW,temperate,10a,inland,June,"Winter is cool to cold. Frosts vary by location.

Winter crops provide steady harvest. Kale, spinach, peas, beans, roots produce. Protect tender plantings.

Start spring seedlings indoors. Prepare beds."
Penrith,NSW,temperate,10a,inland,July,"Winter is cool to cold. Frosts vary by location.

Winter crops provide steady harvest. Kale, spinach, peas, beans, roots produce. Protect tender plantings.

Start spring seedlings indoors. Prepare beds."
Penrith,NSW,temperate,10a,inland,August,"Winter is cool to cold. Frosts vary by location.

Winter crops provide steady harvest. Kale, spinach, peas, beans, roots produce. Protect tender plantings.

Start spring seedlings indoors. Prepare beds."
Penrith,NSW,temperate,10a,inland,September,"Spring arrives progressively. Frost risk decreases but may linger into early October.

Plant tender crops after last frost. Sow: carrots, lettuce, roots, herbs. Succession sow.

Growth accelerates through spring."
Penrith,NSW,temperate,10a,inland,October,"Spring arrives progressively. Frost risk decreases but may linger into early October.

Plant tender crops after last frost. Sow: carrots, lettuce, roots, herbs. Succession sow.

Growth accelerates through spring."
Penrith,NSW,temperate,10a,inland,November,"Spring arrives progressively. Frost risk decreases but may linger into early October.

Plant tender crops after last frost. Sow: carrots, lettuce, roots, herbs. Succession sow.

Growth accelerates through spring."
Penrith,NSW,temperate,10a,inland,December,"Summer production solid. Tomatoes, beans, cucumbers, zucchini, pumpkins grow well with consistent water. Pick regularly.

Sow autumn crops in warm soil: carrots, beets, brassicas, lettuce establish quickly.

Water deeply morning. Mulch moderates temperature."
Port Macquarie,NSW,temperate,10b,coastal,January,"Summer production solid. Tomatoes, beans, cucumbers, zucchini, pumpkins grow well with consistent water. Pick regularly.

Sow autumn crops in warm soil: carrots, beets, brassicas, lettuce establish quickly.

Water deeply morning. Mulch moderates temperature."
Port Macquarie,NSW,temperate,10b,coastal,February,"Summer production solid. Tomatoes, beans, cucumbers, zucchini, pumpkins grow well with consistent water. Pick regularly.

Sow autumn crops in warm soil: carrots, beets, brassicas, lettuce establish quickly.

Water deeply morning. Mulch moderates temperature."
Port Macquarie,NSW,temperate,10b,coastal,March,"Autumn established. Prime time for cool-season crops: brassicas, lettuce, roots, peas, beans.

Plant seedlings and direct-sow freely. Garlic in April. Everything grows steadily as temperatures cool.

Clear summer crops. Empty beds should be mulched."
Port Macquarie,NSW,temperate,10b,coastal,April,"Autumn established. Prime time for cool-season crops: brassicas, lettuce, roots, peas, beans.

Plant seedlings and direct-sow freely. Garlic in April. Everything grows steadily as temperatures cool.

Clear summer crops. Empty beds should be mulched."
Port Macquarie,NSW,temperate,10b,coastal,May,"Autumn established. Prime time for cool-season crops: brassicas, lettuce, roots, peas, beans.

Plant seedlings and direct-sow freely. Garlic in April. Everything grows steadily as temperatures cool.

Clear summer crops. Empty beds should be mulched."
Port Macquarie,NSW,temperate,10b,coastal,June,"Winter is cool to cold. Frosts vary by location.

Winter crops provide steady harvest. Kale, spinach, peas, beans, roots produce. Protect tender plantings.

Start spring seedlings indoors. Prepare beds."
Port Macquarie,NSW,temperate,10b,coastal,July,"Winter is cool to cold. Frosts vary by location.

Winter crops provide steady harvest. Kale, spinach, peas, beans, roots produce. Protect tender plantings.

Start spring seedlings indoors. Prepare beds."
Port Macquarie,NSW,temperate,10b,coastal,August,"Winter is cool to cold. Frosts vary by location.

Winter crops provide steady harvest. Kale, spinach, peas, beans, roots produce. Protect tender plantings.

Start spring seedlings indoors. Prepare beds."
Port Macquarie,NSW,temperate,10b,coastal,September,"Spring arrives progressively. Frost risk decreases but may linger into early October.

Plant tender crops after last frost. Sow: carrots, lettuce, roots, herbs. Succession sow.

Growth accelerates through spring."
Port Macquarie,NSW,temperate,10b,coastal,October,"Spring arrives progressively. Frost risk decreases but may linger into early October.

Plant tender crops after last frost. Sow: carrots, lettuce, roots, herbs. Succession sow.

Growth accelerates through spring."
Port Macquarie,NSW,temperate,10b,coastal,November,"Spring arrives progressively. Frost risk decreases but may linger into early October.

Plant tender crops after last frost. Sow: carrots, lettuce, roots, herbs. Succession sow.

Growth accelerates through spring."
Port Macquarie,NSW,temperate,10b,coastal,December,"Summer production solid. Tomatoes, beans, cucumbers, zucchini, pumpkins grow well with consistent water. Pick regularly.

Sow autumn crops in warm soil: carrots, beets, brassicas, lettuce establish quickly.

Water deeply morning. Mulch moderates temperature."
Potts Point,NSW,temperate,10b,coastal|urban_heat,January,"Summer production solid. Tomatoes, beans, cucumbers, zucchini, pumpkins grow well with consistent water. Pick regularly.

Sow autumn crops in warm soil: carrots, beets, brassicas, lettuce establish quickly.

Water deeply morning. Mulch moderates temperature."
Potts Point,NSW,temperate,10b,coastal|urban_heat,February,"Summer production solid. Tomatoes, beans, cucumbers, zucchini, pumpkins grow well with consistent water. Pick regularly.

Sow autumn crops in warm soil: carrots, beets, brassicas, lettuce establish quickly.

Water deeply morning. Mulch moderates temperature."
Potts Point,NSW,temperate,10b,coastal|urban_heat,March,"Autumn established. Prime time for cool-season crops: brassicas, lettuce, roots, peas, beans.

Plant seedlings and direct-sow freely. Garlic in April. Everything grows steadily as temperatures cool.

Clear summer crops. Empty beds should be mulched."
Potts Point,NSW,temperate,10b,coastal|urban_heat,April,"Autumn established. Prime time for cool-season crops: brassicas, lettuce, roots, peas, beans.

Plant seedlings and direct-sow freely. Garlic in April. Everything grows steadily as temperatures cool.

Clear summer crops. Empty beds should be mulched."
Potts Point,NSW,temperate,10b,coastal|urban_heat,May,"Autumn established. Prime time for cool-season crops: brassicas, lettuce, roots, peas, beans.

Plant seedlings and direct-sow freely. Garlic in April. Everything grows steadily as temperatures cool.

Clear summer crops. Empty beds should be mulched."
Potts Point,NSW,temperate,10b,coastal|urban_heat,June,"Winter is cool to cold. Frosts vary by location.

Winter crops provide steady harvest. Kale, spinach, peas, beans, roots produce. Protect tender plantings.

Start spring seedlings indoors. Prepare beds."
Potts Point,NSW,temperate,10b,coastal|urban_heat,July,"Winter is cool to cold. Frosts vary by location.

Winter crops provide steady harvest. Kale, spinach, peas, beans, roots produce. Protect tender plantings.

Start spring seedlings indoors. Prepare beds."
Potts Point,NSW,temperate,10b,coastal|urban_heat,August,"Winter is cool to cold. Frosts vary by location.

Winter crops provide steady harvest. Kale, spinach, peas, beans, roots produce. Protect tender plantings.

Start spring seedlings indoors. Prepare beds."
Potts Point,NSW,temperate,10b,coastal|urban_heat,September,"Spring arrives progressively. Frost risk decreases but may linger into early October.

Plant tender crops after last frost. Sow: carrots, lettuce, roots, herbs. Succession sow.

Growth accelerates through spring."
Potts Point,NSW,temperate,10b,coastal|urban_heat,October,"Spring arrives progressively. Frost risk decreases but may linger into early October.

Plant tender crops after last frost. Sow: carrots, lettuce, roots, herbs. Succession sow.

Growth accelerates through spring."
Potts Point,NSW,temperate,10b,coastal|urban_heat,November,"Spring arrives progressively. Frost risk decreases but may linger into early October.

Plant tender crops after last frost. Sow: carrots, lettuce, roots, herbs. Succession sow.

Growth accelerates through spring."
Potts Point,NSW,temperate,10b,coastal|urban_heat,December,"Summer production solid. Tomatoes, beans, cucumbers, zucchini, pumpkins grow well with consistent water. Pick regularly.

Sow autumn crops in warm soil: carrots, beets, brassicas, lettuce establish quickly.

Water deeply morning. Mulch moderates temperature."
Randwick,NSW,temperate,10b,coastal,January,"Summer production solid. Tomatoes, beans, cucumbers, zucchini, pumpkins grow well with consistent water. Pick regularly.

Sow autumn crops in warm soil: carrots, beets, brassicas, lettuce establish quickly.

Water deeply morning. Mulch moderates temperature."
Randwick,NSW,temperate,10b,coastal,February,"Summer production solid. Tomatoes, beans, cucumbers, zucchini, pumpkins grow well with consistent water. Pick regularly.

Sow autumn crops in warm soil: carrots, beets, brassicas, lettuce establish quickly.

Water deeply morning. Mulch moderates temperature."
Randwick,NSW,temperate,10b,coastal,March,"Autumn established. Prime time for cool-season crops: brassicas, lettuce, roots, peas, beans.

Plant seedlings and direct-sow freely. Garlic in April. Everything grows steadily as temperatures cool.

Clear summer crops. Empty beds should be mulched."
Randwick,NSW,temperate,10b,coastal,April,"Autumn established. Prime time for cool-season crops: brassicas, lettuce, roots, peas, beans.

Plant seedlings and direct-sow freely. Garlic in April. Everything grows steadily as temperatures cool.

Clear summer crops. Empty beds should be mulched."
Randwick,NSW,temperate,10b,coastal,May,"Autumn established. Prime time for cool-season crops: brassicas, lettuce, roots, peas, beans.

Plant seedlings and direct-sow freely. Garlic in April. Everything grows steadily as temperatures cool.

Clear summer crops. Empty beds should be mulched."
Randwick,NSW,temperate,10b,coastal,June,"Winter is cool to cold. Frosts vary by location.

Winter crops provide steady harvest. Kale, spinach, peas, beans, roots produce. Protect tender plantings.

Start spring seedlings indoors. Prepare beds."
Randwick,NSW,temperate,10b,coastal,July,"Winter is cool to cold. Frosts vary by location.

Winter crops provide steady harvest. Kale, spinach, peas, beans, roots produce. Protect tender plantings.

Start spring seedlings indoors. Prepare beds."
Randwick,NSW,temperate,10b,coastal,August,"Winter is cool to cold. Frosts vary by location.

Winter crops provide steady harvest. Kale, spinach, peas, beans, roots produce. Protect tender plantings.

Start spring seedlings indoors. Prepare beds."
Randwick,NSW,temperate,10b,coastal,September,"Spring arrives progressively. Frost risk decreases but may linger into early October.

Plant tender crops after last frost. Sow: carrots, lettuce, roots, herbs. Succession sow.

Growth accelerates through spring."
Randwick,NSW,temperate,10b,coastal,October,"Spring arrives progressively. Frost risk decreases but may linger into early October.

Plant tender crops after last frost. Sow: carrots, lettuce, roots, herbs. Succession sow.

Growth accelerates through spring."
Randwick,NSW,temperate,10b,coastal,November,"Spring arrives progressively. Frost risk decreases but may linger into early October.

Plant tender crops after last frost. Sow: carrots, lettuce, roots, herbs. Succession sow.

Growth accelerates through spring."
Randwick,NSW,temperate,10b,coastal,December,"Summer production solid. Tomatoes, beans, cucumbers, zucchini, pumpkins grow well with consistent water. Pick regularly.

Sow autumn crops in warm soil: carrots, beets, brassicas, lettuce establish quickly.

Water deeply morning. Mulch moderates temperature."
Rozelle,NSW,temperate,10b,coastal,January,"Summer production solid. Tomatoes, beans, cucumbers, zucchini, pumpkins grow well with consistent water. Pick regularly.

Sow autumn crops in warm soil: carrots, beets, brassicas, lettuce establish quickly.

Water deeply morning. Mulch moderates temperature."
Rozelle,NSW,temperate,10b,coastal,February,"Summer production solid. Tomatoes, beans, cucumbers, zucchini, pumpkins grow well with consistent water. Pick regularly.

Sow autumn crops in warm soil: carrots, beets, brassicas, lettuce establish quickly.

Water deeply morning. Mulch moderates temperature."
Rozelle,NSW,temperate,10b,coastal,March,"Autumn established. Prime time for cool-season crops: brassicas, lettuce, roots, peas, beans.

Plant seedlings and direct-sow freely. Garlic in April. Everything grows steadily as temperatures cool.

Clear summer crops. Empty beds should be mulched."
Rozelle,NSW,temperate,10b,coastal,April,"Autumn established. Prime time for cool-season crops: brassicas, lettuce, roots, peas, beans.

Plant seedlings and direct-sow freely. Garlic in April. Everything grows steadily as temperatures cool.

Clear summer crops. Empty beds should be mulched."
Rozelle,NSW,temperate,10b,coastal,May,"Autumn established. Prime time for cool-season crops: brassicas, lettuce, roots, peas, beans.

Plant seedlings and direct-sow freely. Garlic in April. Everything grows steadily as temperatures cool.

Clear summer crops. Empty beds should be mulched."
Rozelle,NSW,temperate,10b,coastal,June,"Winter is cool to cold. Frosts vary by location.

Winter crops provide steady harvest. Kale, spinach, peas, beans, roots produce. Protect tender plantings.

Start spring seedlings indoors. Prepare beds."
Rozelle,NSW,temperate,10b,coastal,July,"Winter is cool to cold. Frosts vary by location.

Winter crops provide steady harvest. Kale, spinach, peas, beans, roots produce. Protect tender plantings.

Start spring seedlings indoors. Prepare beds."
Rozelle,NSW,temperate,10b,coastal,August,"Winter is cool to cold. Frosts vary by location.

Winter crops provide steady harvest. Kale, spinach, peas, beans, roots produce. Protect tender plantings.

Start spring seedlings indoors. Prepare beds."
Rozelle,NSW,temperate,10b,coastal,September,"Spring arrives progressively. Frost risk decreases but may linger into early October.

Plant tender crops after last frost. Sow: carrots, lettuce, roots, herbs. Succession sow.

Growth accelerates through spring."
Rozelle,NSW,temperate,10b,coastal,October,"Spring arrives progressively. Frost risk decreases but may linger into early October.

Plant tender crops after last frost. Sow: carrots, lettuce, roots, herbs. Succession sow.

Growth accelerates through spring."
Rozelle,NSW,temperate,10b,coastal,November,"Spring arrives progressively. Frost risk decreases but may linger into early October.

Plant tender crops after last frost. Sow: carrots, lettuce, roots, herbs. Succession sow.

Growth accelerates through spring."
Rozelle,NSW,temperate,10b,coastal,December,"Summer production solid. Tomatoes, beans, cucumbers, zucchini, pumpkins grow well with consistent water. Pick regularly.

Sow autumn crops in warm soil: carrots, beets, brassicas, lettuce establish quickly.

Water deeply morning. Mulch moderates temperature."
Ryde,NSW,temperate,10b,coastal,January,"Summer production solid. Tomatoes, beans, cucumbers, zucchini, pumpkins grow well with consistent water. Pick regularly.

Sow autumn crops in warm soil: carrots, beets, brassicas, lettuce establish quickly.

Water deeply morning. Mulch moderates temperature."
Ryde,NSW,temperate,10b,coastal,February,"Summer production solid. Tomatoes, beans, cucumbers, zucchini, pumpkins grow well with consistent water. Pick regularly.

Sow autumn crops in warm soil: carrots, beets, brassicas, lettuce establish quickly.

Water deeply morning. Mulch moderates temperature."
Ryde,NSW,temperate,10b,coastal,March,"Autumn established. Prime time for cool-season crops: brassicas, lettuce, roots, peas, beans.

Plant seedlings and direct-sow freely. Garlic in April. Everything grows steadily as temperatures cool.

Clear summer crops. Empty beds should be mulched."
Ryde,NSW,temperate,10b,coastal,April,"Autumn established. Prime time for cool-season crops: brassicas, lettuce, roots, peas, beans.

Plant seedlings and direct-sow freely. Garlic in April. Everything grows steadily as temperatures cool.

Clear summer crops. Empty beds should be mulched."
Ryde,NSW,temperate,10b,coastal,May,"Autumn established. Prime time for cool-season crops: brassicas, lettuce, roots, peas, beans.

Plant seedlings and direct-sow freely. Garlic in April. Everything grows steadily as temperatures cool.

Clear summer crops. Empty beds should be mulched."
Ryde,NSW,temperate,10b,coastal,June,"Winter is cool to cold. Frosts vary by location.

Winter crops provide steady harvest. Kale, spinach, peas, beans, roots produce. Protect tender plantings.

Start spring seedlings indoors. Prepare beds."
Ryde,NSW,temperate,10b,coastal,July,"Winter is cool to cold. Frosts vary by location.

Winter crops provide steady harvest. Kale, spinach, peas, beans, roots produce. Protect tender plantings.

Start spring seedlings indoors. Prepare beds."
Ryde,NSW,temperate,10b,coastal,August,"Winter is cool to cold. Frosts vary by location.

Winter crops provide steady harvest. Kale, spinach, peas, beans, roots produce. Protect tender plantings.

Start spring seedlings indoors. Prepare beds."
Ryde,NSW,temperate,10b,coastal,September,"Spring arrives progressively. Frost risk decreases but may linger into early October.

Plant tender crops after last frost. Sow: carrots, lettuce, roots, herbs. Succession sow.

Growth accelerates through spring."
Ryde,NSW,temperate,10b,coastal,October,"Spring arrives progressively. Frost risk decreases but may linger into early October.

Plant tender crops after last frost. Sow: carrots, lettuce, roots, herbs. Succession sow.

Growth accelerates through spring."
Ryde,NSW,temperate,10b,coastal,November,"Spring arrives progressively. Frost risk decreases but may linger into early October.

Plant tender crops after last frost. Sow: carrots, lettuce, roots, herbs. Succession sow.

Growth accelerates through spring."
Ryde,NSW,temperate,10b,coastal,December,"Summer production solid. Tomatoes, beans, cucumbers, zucchini, pumpkins grow well with consistent water. Pick regularly.

Sow autumn crops in warm soil: carrots, beets, brassicas, lettuce establish quickly.

Water deeply morning. Mulch moderates temperature."
Strathfield,NSW,temperate,10b,coastal,January,"Summer production solid. Tomatoes, beans, cucumbers, zucchini, pumpkins grow well with consistent water. Pick regularly.

Sow autumn crops in warm soil: carrots, beets, brassicas, lettuce establish quickly.

Water deeply morning. Mulch moderates temperature."
Strathfield,NSW,temperate,10b,coastal,February,"Summer production solid. Tomatoes, beans, cucumbers, zucchini, pumpkins grow well with consistent water. Pick regularly.

Sow autumn crops in warm soil: carrots, beets, brassicas, lettuce establish quickly.

Water deeply morning. Mulch moderates temperature."
Strathfield,NSW,temperate,10b,coastal,March,"Autumn established. Prime time for cool-season crops: brassicas, lettuce, roots, peas, beans.

Plant seedlings and direct-sow freely. Garlic in April. Everything grows steadily as temperatures cool.

Clear summer crops. Empty beds should be mulched."
Strathfield,NSW,temperate,10b,coastal,April,"Autumn established. Prime time for cool-season crops: brassicas, lettuce, roots, peas, beans.

Plant seedlings and direct-sow freely. Garlic in April. Everything grows steadily as temperatures cool.

Clear summer crops. Empty beds should be mulched."
Strathfield,NSW,temperate,10b,coastal,May,"Autumn established. Prime time for cool-season crops: brassicas, lettuce, roots, peas, beans.

Plant seedlings and direct-sow freely. Garlic in April. Everything grows steadily as temperatures cool.

Clear summer crops. Empty beds should be mulched."
Strathfield,NSW,temperate,10b,coastal,June,"Winter is cool to cold. Frosts vary by location.

Winter crops provide steady harvest. Kale, spinach, peas, beans, roots produce. Protect tender plantings.

Start spring seedlings indoors. Prepare beds."
Strathfield,NSW,temperate,10b,coastal,July,"Winter is cool to cold. Frosts vary by location.

Winter crops provide steady harvest. Kale, spinach, peas, beans, roots produce. Protect tender plantings.

Start spring seedlings indoors. Prepare beds."
Strathfield,NSW,temperate,10b,coastal,August,"Winter is cool to cold. Frosts vary by location.

Winter crops provide steady harvest. Kale, spinach, peas, beans, roots produce. Protect tender plantings.

Start spring seedlings indoors. Prepare beds."
Strathfield,NSW,temperate,10b,coastal,September,"Spring arrives progressively. Frost risk decreases but may linger into early October.

Plant tender crops after last frost. Sow: carrots, lettuce, roots, herbs. Succession sow.

Growth accelerates through spring."
Strathfield,NSW,temperate,10b,coastal,October,"Spring arrives progressively. Frost risk decreases but may linger into early October.

Plant tender crops after last frost. Sow: carrots, lettuce, roots, herbs. Succession sow.

Growth accelerates through spring."
Strathfield,NSW,temperate,10b,coastal,November,"Spring arrives progressively. Frost risk decreases but may linger into early October.

Plant tender crops after last frost. Sow: carrots, lettuce, roots, herbs. Succession sow.

Growth accelerates through spring."
Strathfield,NSW,temperate,10b,coastal,December,"Summer production solid. Tomatoes, beans, cucumbers, zucchini, pumpkins grow well with consistent water. Pick regularly.

Sow autumn crops in warm soil: carrots, beets, brassicas, lettuce establish quickly.

Water deeply morning. Mulch moderates temperature."
Surry Hills,NSW,temperate,10b,urban_heat|inland,January,"Summer production solid. Tomatoes, beans, cucumbers, zucchini, pumpkins grow well with consistent water. Pick regularly.

Sow autumn crops in warm soil: carrots, beets, brassicas, lettuce establish quickly.

Water deeply morning. Mulch moderates temperature."
Surry Hills,NSW,temperate,10b,urban_heat|inland,February,"Summer production solid. Tomatoes, beans, cucumbers, zucchini, pumpkins grow well with consistent water. Pick regularly.

Sow autumn crops in warm soil: carrots, beets, brassicas, lettuce establish quickly.

Water deeply morning. Mulch moderates temperature."
Surry Hills,NSW,temperate,10b,urban_heat|inland,March,"Autumn established. Prime time for cool-season crops: brassicas, lettuce, roots, peas, beans.

Plant seedlings and direct-sow freely. Garlic in April. Everything grows steadily as temperatures cool.

Clear summer crops. Empty beds should be mulched."
Surry Hills,NSW,temperate,10b,urban_heat|inland,April,"Autumn established. Prime time for cool-season crops: brassicas, lettuce, roots, peas, beans.

Plant seedlings and direct-sow freely. Garlic in April. Everything grows steadily as temperatures cool.

Clear summer crops. Empty beds should be mulched."
Surry Hills,NSW,temperate,10b,urban_heat|inland,May,"Autumn established. Prime time for cool-season crops: brassicas, lettuce, roots, peas, beans.

Plant seedlings and direct-sow freely. Garlic in April. Everything grows steadily as temperatures cool.

Clear summer crops. Empty beds should be mulched."
Surry Hills,NSW,temperate,10b,urban_heat|inland,June,"Winter is cool to cold. Frosts vary by location.

Winter crops provide steady harvest. Kale, spinach, peas, beans, roots produce. Protect tender plantings.

Start spring seedlings indoors. Prepare beds."
Surry Hills,NSW,temperate,10b,urban_heat|inland,July,"Winter is cool to cold. Frosts vary by location.

Winter crops provide steady harvest. Kale, spinach, peas, beans, roots produce. Protect tender plantings.

Start spring seedlings indoors. Prepare beds."
Surry Hills,NSW,temperate,10b,urban_heat|inland,August,"Winter is cool to cold. Frosts vary by location.

Winter crops provide steady harvest. Kale, spinach, peas, beans, roots produce. Protect tender plantings.

Start spring seedlings indoors. Prepare beds."
Surry Hills,NSW,temperate,10b,urban_heat|inland,September,"Spring arrives progressively. Frost risk decreases but may linger into early October.

Plant tender crops after last frost. Sow: carrots, lettuce, roots, herbs. Succession sow.

Growth accelerates through spring."
Surry Hills,NSW,temperate,10b,urban_heat|inland,October,"Spring arrives progressively. Frost risk decreases but may linger into early October.

Plant tender crops after last frost. Sow: carrots, lettuce, roots, herbs. Succession sow.

Growth accelerates through spring."
Surry Hills,NSW,temperate,10b,urban_heat|inland,November,"Spring arrives progressively. Frost risk decreases but may linger into early October.

Plant tender crops after last frost. Sow: carrots, lettuce, roots, herbs. Succession sow.

Growth accelerates through spring."
Surry Hills,NSW,temperate,10b,urban_heat|inland,December,"Summer production solid. Tomatoes, beans, cucumbers, zucchini, pumpkins grow well with consistent water. Pick regularly.

Sow autumn crops in warm soil: carrots, beets, brassicas, lettuce establish quickly.

Water deeply morning. Mulch moderates temperature."
Sutherland,NSW,temperate,10b,inland,January,"Summer production solid. Tomatoes, beans, cucumbers, zucchini, pumpkins grow well with consistent water. Pick regularly.

Sow autumn crops in warm soil: carrots, beets, brassicas, lettuce establish quickly.

Water deeply morning. Mulch moderates temperature."
Sutherland,NSW,temperate,10b,inland,February,"Summer production solid. Tomatoes, beans, cucumbers, zucchini, pumpkins grow well with consistent water. Pick regularly.

Sow autumn crops in warm soil: carrots, beets, brassicas, lettuce establish quickly.

Water deeply morning. Mulch moderates temperature."
Sutherland,NSW,temperate,10b,inland,March,"Autumn established. Prime time for cool-season crops: brassicas, lettuce, roots, peas, beans.

Plant seedlings and direct-sow freely. Garlic in April. Everything grows steadily as temperatures cool.

Clear summer crops. Empty beds should be mulched."
Sutherland,NSW,temperate,10b,inland,April,"Autumn established. Prime time for cool-season crops: brassicas, lettuce, roots, peas, beans.

Plant seedlings and direct-sow freely. Garlic in April. Everything grows steadily as temperatures cool.

Clear summer crops. Empty beds should be mulched."
Sutherland,NSW,temperate,10b,inland,May,"Autumn established. Prime time for cool-season crops: brassicas, lettuce, roots, peas, beans.

Plant seedlings and direct-sow freely. Garlic in April. Everything grows steadily as temperatures cool.

Clear summer crops. Empty beds should be mulched."
Sutherland,NSW,temperate,10b,inland,June,"Winter is cool to cold. Frosts vary by location.

Winter crops provide steady harvest. Kale, spinach, peas, beans, roots produce. Protect tender plantings.

Start spring seedlings indoors. Prepare beds."
Sutherland,NSW,temperate,10b,inland,July,"Winter is cool to cold. Frosts vary by location.

Winter crops provide steady harvest. Kale, spinach, peas, beans, roots produce. Protect tender plantings.

Start spring seedlings indoors. Prepare beds."
Sutherland,NSW,temperate,10b,inland,August,"Winter is cool to cold. Frosts vary by location.

Winter crops provide steady harvest. Kale, spinach, peas, beans, roots produce. Protect tender plantings.

Start spring seedlings indoors. Prepare beds."
Sutherland,NSW,temperate,10b,inland,September,"Spring arrives progressively. Frost risk decreases but may linger into early October.

Plant tender crops after last frost. Sow: carrots, lettuce, roots, herbs. Succession sow.

Growth accelerates through spring."
Sutherland,NSW,temperate,10b,inland,October,"Spring arrives progressively. Frost risk decreases but may linger into early October.

Plant tender crops after last frost. Sow: carrots, lettuce, roots, herbs. Succession sow.

Growth accelerates through spring."
Sutherland,NSW,temperate,10b,inland,November,"Spring arrives progressively. Frost risk decreases but may linger into early October.

Plant tender crops after last frost. Sow: carrots, lettuce, roots, herbs. Succession sow.

Growth accelerates through spring."
Sutherland,NSW,temperate,10b,inland,December,"Summer production solid. Tomatoes, beans, cucumbers, zucchini, pumpkins grow well with consistent water. Pick regularly.

Sow autumn crops in warm soil: carrots, beets, brassicas, lettuce establish quickly.

Water deeply morning. Mulch moderates temperature."
Sydney,NSW,temperate,10b,coastal,January,"Summer production solid. Tomatoes, beans, cucumbers, zucchini, pumpkins grow well with consistent water. Pick regularly.

Sow autumn crops in warm soil: carrots, beets, brassicas, lettuce establish quickly.

Water deeply morning. Mulch moderates temperature."
Sydney,NSW,temperate,10b,coastal,February,"Summer production solid. Tomatoes, beans, cucumbers, zucchini, pumpkins grow well with consistent water. Pick regularly.

Sow autumn crops in warm soil: carrots, beets, brassicas, lettuce establish quickly.

Water deeply morning. Mulch moderates temperature."
Sydney,NSW,temperate,10b,coastal,March,"Autumn established. Prime time for cool-season crops: brassicas, lettuce, roots, peas, beans.

Plant seedlings and direct-sow freely. Garlic in April. Everything grows steadily as temperatures cool.

Clear summer crops. Empty beds should be mulched."
Sydney,NSW,temperate,10b,coastal,April,"Autumn established. Prime time for cool-season crops: brassicas, lettuce, roots, peas, beans.

Plant seedlings and direct-sow freely. Garlic in April. Everything grows steadily as temperatures cool.

Clear summer crops. Empty beds should be mulched."
Sydney,NSW,temperate,10b,coastal,May,"Autumn established. Prime time for cool-season crops: brassicas, lettuce, roots, peas, beans.

Plant seedlings and direct-sow freely. Garlic in April. Everything grows steadily as temperatures cool.

Clear summer crops. Empty beds should be mulched."
Sydney,NSW,temperate,10b,coastal,June,"Winter is cool to cold. Frosts vary by location.

Winter crops provide steady harvest. Kale, spinach, peas, beans, roots produce. Protect tender plantings.

Start spring seedlings indoors. Prepare beds."
Sydney,NSW,temperate,10b,coastal,July,"Winter is cool to cold. Frosts vary by location.

Winter crops provide steady harvest. Kale, spinach, peas, beans, roots produce. Protect tender plantings.

Start spring seedlings indoors. Prepare beds."
Sydney,NSW,temperate,10b,coastal,August,"Winter is cool to cold. Frosts vary by location.

Winter crops provide steady harvest. Kale, spinach, peas, beans, roots produce. Protect tender plantings.

Start spring seedlings indoors. Prepare beds."
Sydney,NSW,temperate,10b,coastal,September,"Spring arrives progressively. Frost risk decreases but may linger into early October.

Plant tender crops after last frost. Sow: carrots, lettuce, roots, herbs. Succession sow.

Growth accelerates through spring."
Sydney,NSW,temperate,10b,coastal,October,"Spring arrives progressively. Frost risk decreases but may linger into early October.

Plant tender crops after last frost. Sow: carrots, lettuce, roots, herbs. Succession sow.

Growth accelerates through spring."
Sydney,NSW,temperate,10b,coastal,November,"Spring arrives progressively. Frost risk decreases but may linger into early October.

Plant tender crops after last frost. Sow: carrots, lettuce, roots, herbs. Succession sow.

Growth accelerates through spring."
Sydney,NSW,temperate,10b,coastal,December,"Summer production solid. Tomatoes, beans, cucumbers, zucchini, pumpkins grow well with consistent water. Pick regularly.

Sow autumn crops in warm soil: carrots, beets, brassicas, lettuce establish quickly.

Water deeply morning. Mulch moderates temperature."
Tamworth,NSW,temperate,10a,inland,January,"Summer production solid. Tomatoes, beans, cucumbers, zucchini, pumpkins grow well with consistent water. Pick regularly.

Sow autumn crops in warm soil: carrots, beets, brassicas, lettuce establish quickly.

Water deeply morning. Mulch moderates temperature."
Tamworth,NSW,temperate,10a,inland,February,"Summer production solid. Tomatoes, beans, cucumbers, zucchini, pumpkins grow well with consistent water. Pick regularly.

Sow autumn crops in warm soil: carrots, beets, brassicas, lettuce establish quickly.

Water deeply morning. Mulch moderates temperature."
Tamworth,NSW,temperate,10a,inland,March,"Autumn established. Prime time for cool-season crops: brassicas, lettuce, roots, peas, beans.

Plant seedlings and direct-sow freely. Garlic in April. Everything grows steadily as temperatures cool.

Clear summer crops. Empty beds should be mulched."
Tamworth,NSW,temperate,10a,inland,April,"Autumn established. Prime time for cool-season crops: brassicas, lettuce, roots, peas, beans.

Plant seedlings and direct-sow freely. Garlic in April. Everything grows steadily as temperatures cool.

Clear summer crops. Empty beds should be mulched."
Tamworth,NSW,temperate,10a,inland,May,"Autumn established. Prime time for cool-season crops: brassicas, lettuce, roots, peas, beans.

Plant seedlings and direct-sow freely. Garlic in April. Everything grows steadily as temperatures cool.

Clear summer crops. Empty beds should be mulched."
Tamworth,NSW,temperate,10a,inland,June,"Winter is cool to cold. Frosts vary by location.

Winter crops provide steady harvest. Kale, spinach, peas, beans, roots produce. Protect tender plantings.

Start spring seedlings indoors. Prepare beds."
Tamworth,NSW,temperate,10a,inland,July,"Winter is cool to cold. Frosts vary by location.

Winter crops provide steady harvest. Kale, spinach, peas, beans, roots produce. Protect tender plantings.

Start spring seedlings indoors. Prepare beds."
Tamworth,NSW,temperate,10a,inland,August,"Winter is cool to cold. Frosts vary by location.

Winter crops provide steady harvest. Kale, spinach, peas, beans, roots produce. Protect tender plantings.

Start spring seedlings indoors. Prepare beds."
Tamworth,NSW,temperate,10a,inland,September,"Spring arrives progressively. Frost risk decreases but may linger into early October.

Plant tender crops after last frost. Sow: carrots, lettuce, roots, herbs. Succession sow.

Growth accelerates through spring."
Tamworth,NSW,temperate,10a,inland,October,"Spring arrives progressively. Frost risk decreases but may linger into early October.

Plant tender crops after last frost. Sow: carrots, lettuce, roots, herbs. Succession sow.

Growth accelerates through spring."
Tamworth,NSW,temperate,10a,inland,November,"Spring arrives progressively. Frost risk decreases but may linger into early October.

Plant tender crops after last frost. Sow: carrots, lettuce, roots, herbs. Succession sow.

Growth accelerates through spring."
Tamworth,NSW,temperate,10a,inland,December,"Summer production solid. Tomatoes, beans, cucumbers, zucchini, pumpkins grow well with consistent water. Pick regularly.

Sow autumn crops in warm soil: carrots, beets, brassicas, lettuce establish quickly.

Water deeply morning. Mulch moderates temperature."
Taree,NSW,temperate,10b,inland,January,"Summer production solid. Tomatoes, beans, cucumbers, zucchini, pumpkins grow well with consistent water. Pick regularly.

Sow autumn crops in warm soil: carrots, beets, brassicas, lettuce establish quickly.

Water deeply morning. Mulch moderates temperature."
Taree,NSW,temperate,10b,inland,February,"Summer production solid. Tomatoes, beans, cucumbers, zucchini, pumpkins grow well with consistent water. Pick regularly.

Sow autumn crops in warm soil: carrots, beets, brassicas, lettuce establish quickly.

Water deeply morning. Mulch moderates temperature."
Taree,NSW,temperate,10b,inland,March,"Autumn established. Prime time for cool-season crops: brassicas, lettuce, roots, peas, beans.

Plant seedlings and direct-sow freely. Garlic in April. Everything grows steadily as temperatures cool.

Clear summer crops. Empty beds should be mulched."
Taree,NSW,temperate,10b,inland,April,"Autumn established. Prime time for cool-season crops: brassicas, lettuce, roots, peas, beans.

Plant seedlings and direct-sow freely. Garlic in April. Everything grows steadily as temperatures cool.

Clear summer crops. Empty beds should be mulched."
Taree,NSW,temperate,10b,inland,May,"Autumn established. Prime time for cool-season crops: brassicas, lettuce, roots, peas, beans.

Plant seedlings and direct-sow freely. Garlic in April. Everything grows steadily as temperatures cool.

Clear summer crops. Empty beds should be mulched."
Taree,NSW,temperate,10b,inland,June,"Winter is cool to cold. Frosts vary by location.

Winter crops provide steady harvest. Kale, spinach, peas, beans, roots produce. Protect tender plantings.

Start spring seedlings indoors. Prepare beds."
Taree,NSW,temperate,10b,inland,July,"Winter is cool to cold. Frosts vary by location.

Winter crops provide steady harvest. Kale, spinach, peas, beans, roots produce. Protect tender plantings.

Start spring seedlings indoors. Prepare beds."
Taree,NSW,temperate,10b,inland,August,"Winter is cool to cold. Frosts vary by location.

Winter crops provide steady harvest. Kale, spinach, peas, beans, roots produce. Protect tender plantings.

Start spring seedlings indoors. Prepare beds."
Taree,NSW,temperate,10b,inland,September,"Spring arrives progressively. Frost risk decreases but may linger into early October.

Plant tender crops after last frost. Sow: carrots, lettuce, roots, herbs. Succession sow.

Growth accelerates through spring."
Taree,NSW,temperate,10b,inland,October,"Spring arrives progressively. Frost risk decreases but may linger into early October.

Plant tender crops after last frost. Sow: carrots, lettuce, roots, herbs. Succession sow.

Growth accelerates through spring."
Taree,NSW,temperate,10b,inland,November,"Spring arrives progressively. Frost risk decreases but may linger into early October.

Plant tender crops after last frost. Sow: carrots, lettuce, roots, herbs. Succession sow.

Growth accelerates through spring."
Taree,NSW,temperate,10b,inland,December,"Summer production solid. Tomatoes, beans, cucumbers, zucchini, pumpkins grow well with consistent water. Pick regularly.

Sow autumn crops in warm soil: carrots, beets, brassicas, lettuce establish quickly.

Water deeply morning. Mulch moderates temperature."
Terrigal,NSW,temperate,10b,inland,January,"Summer production solid. Tomatoes, beans, cucumbers, zucchini, pumpkins grow well with consistent water. Pick regularly.

Sow autumn crops in warm soil: carrots, beets, brassicas, lettuce establish quickly.

Water deeply morning. Mulch moderates temperature."
Terrigal,NSW,temperate,10b,inland,February,"Summer production solid. Tomatoes, beans, cucumbers, zucchini, pumpkins grow well with consistent water. Pick regularly.

Sow autumn crops in warm soil: carrots, beets, brassicas, lettuce establish quickly.

Water deeply morning. Mulch moderates temperature."
Terrigal,NSW,temperate,10b,inland,March,"Autumn established. Prime time for cool-season crops: brassicas, lettuce, roots, peas, beans.

Plant seedlings and direct-sow freely. Garlic in April. Everything grows steadily as temperatures cool.

Clear summer crops. Empty beds should be mulched."
Terrigal,NSW,temperate,10b,inland,April,"Autumn established. Prime time for cool-season crops: brassicas, lettuce, roots, peas, beans.

Plant seedlings and direct-sow freely. Garlic in April. Everything grows steadily as temperatures cool.

Clear summer crops. Empty beds should be mulched."
Terrigal,NSW,temperate,10b,inland,May,"Autumn established. Prime time for cool-season crops: brassicas, lettuce, roots, peas, beans.

Plant seedlings and direct-sow freely. Garlic in April. Everything grows steadily as temperatures cool.

Clear summer crops. Empty beds should be mulched."
Terrigal,NSW,temperate,10b,inland,June,"Winter is cool to cold. Frosts vary by location.

Winter crops provide steady harvest. Kale, spinach, peas, beans, roots produce. Protect tender plantings.

Start spring seedlings indoors. Prepare beds."
Terrigal,NSW,temperate,10b,inland,July,"Winter is cool to cold. Frosts vary by location.

Winter crops provide steady harvest. Kale, spinach, peas, beans, roots produce. Protect tender plantings.

Start spring seedlings indoors. Prepare beds."
Terrigal,NSW,temperate,10b,inland,August,"Winter is cool to cold. Frosts vary by location.

Winter crops provide steady harvest. Kale, spinach, peas, beans, roots produce. Protect tender plantings.

Start spring seedlings indoors. Prepare beds."
Terrigal,NSW,temperate,10b,inland,September,"Spring arrives progressively. Frost risk decreases but may linger into early October.

Plant tender crops after last frost. Sow: carrots, lettuce, roots, herbs. Succession sow.

Growth accelerates through spring."
Terrigal,NSW,temperate,10b,inland,October,"Spring arrives progressively. Frost risk decreases but may linger into early October.

Plant tender crops after last frost. Sow: carrots, lettuce, roots, herbs. Succession sow.

Growth accelerates through spring."
Terrigal,NSW,temperate,10b,inland,November,"Spring arrives progressively. Frost risk decreases but may linger into early October.

Plant tender crops after last frost. Sow: carrots, lettuce, roots, herbs. Succession sow.

Growth accelerates through spring."
Terrigal,NSW,temperate,10b,inland,December,"Summer production solid. Tomatoes, beans, cucumbers, zucchini, pumpkins grow well with consistent water. Pick regularly.

Sow autumn crops in warm soil: carrots, beets, brassicas, lettuce establish quickly.

Water deeply morning. Mulch moderates temperature."
Ulladulla,NSW,temperate,10a,inland,January,"Summer production solid. Tomatoes, beans, cucumbers, zucchini, pumpkins grow well with consistent water. Pick regularly.

Sow autumn crops in warm soil: carrots, beets, brassicas, lettuce establish quickly.

Water deeply morning. Mulch moderates temperature."
Ulladulla,NSW,temperate,10a,inland,February,"Summer production solid. Tomatoes, beans, cucumbers, zucchini, pumpkins grow well with consistent water. Pick regularly.

Sow autumn crops in warm soil: carrots, beets, brassicas, lettuce establish quickly.

Water deeply morning. Mulch moderates temperature."
Ulladulla,NSW,temperate,10a,inland,March,"Autumn established. Prime time for cool-season crops: brassicas, lettuce, roots, peas, beans.

Plant seedlings and direct-sow freely. Garlic in April. Everything grows steadily as temperatures cool.

Clear summer crops. Empty beds should be mulched."
Ulladulla,NSW,temperate,10a,inland,April,"Autumn established. Prime time for cool-season crops: brassicas, lettuce, roots, peas, beans.

Plant seedlings and direct-sow freely. Garlic in April. Everything grows steadily as temperatures cool.

Clear summer crops. Empty beds should be mulched."
Ulladulla,NSW,temperate,10a,inland,May,"Autumn established. Prime time for cool-season crops: brassicas, lettuce, roots, peas, beans.

Plant seedlings and direct-sow freely. Garlic in April. Everything grows steadily as temperatures cool.

Clear summer crops. Empty beds should be mulched."
Ulladulla,NSW,temperate,10a,inland,June,"Winter is cool to cold. Frosts vary by location.

Winter crops provide steady harvest. Kale, spinach, peas, beans, roots produce. Protect tender plantings.

Start spring seedlings indoors. Prepare beds."
Ulladulla,NSW,temperate,10a,inland,July,"Winter is cool to cold. Frosts vary by location.

Winter crops provide steady harvest. Kale, spinach, peas, beans, roots produce. Protect tender plantings.

Start spring seedlings indoors. Prepare beds."
Ulladulla,NSW,temperate,10a,inland,August,"Winter is cool to cold. Frosts vary by location.

Winter crops provide steady harvest. Kale, spinach, peas, beans, roots produce. Protect tender plantings.

Start spring seedlings indoors. Prepare beds."
Ulladulla,NSW,temperate,10a,inland,September,"Spring arrives progressively. Frost risk decreases but may linger into early October.

Plant tender crops after last frost. Sow: carrots, lettuce, roots, herbs. Succession sow.

Growth accelerates through spring."
Ulladulla,NSW,temperate,10a,inland,October,"Spring arrives progressively. Frost risk decreases but may linger into early October.

Plant tender crops after last frost. Sow: carrots, lettuce, roots, herbs. Succession sow.

Growth accelerates through spring."
Ulladulla,NSW,temperate,10a,inland,November,"Spring arrives progressively. Frost risk decreases but may linger into early October.

Plant tender crops after last frost. Sow: carrots, lettuce, roots, herbs. Succession sow.

Growth accelerates through spring."
Ulladulla,NSW,temperate,10a,inland,December,"Summer production solid. Tomatoes, beans, cucumbers, zucchini, pumpkins grow well with consistent water. Pick regularly.

Sow autumn crops in warm soil: carrots, beets, brassicas, lettuce establish quickly.

Water deeply morning. Mulch moderates temperature."
Wagga Wagga,NSW,cool,9b,inland,January,"Summer is milder. Growth steady but cool nights limit heat-lovers. Keep picking.

Start brassica and lettuce seedlings indoors. Direct-sow carrots, beetroot, silverbeet, kale.

Water deeply morning. Mulch heavily."
Wagga Wagga,NSW,cool,9b,inland,February,"Summer is milder. Growth steady but cool nights limit heat-lovers. Keep picking.

Start brassica and lettuce seedlings indoors. Direct-sow carrots, beetroot, silverbeet, kale.

Water deeply morning. Mulch heavily."
Wagga Wagga,NSW,cool,9b,inland,March,"Autumn transitions fast. Cool nights arrive, autumn crops thrive.

Plant brassicas, lettuce, leeks, onions. Direct-sow roots, peas, spinach, beans. Garlic in April.

Clear summer crops promptly. Empty beds need compost."
Wagga Wagga,NSW,cool,9b,inland,April,"Autumn transitions fast. Cool nights arrive, autumn crops thrive.

Plant brassicas, lettuce, leeks, onions. Direct-sow roots, peas, spinach, beans. Garlic in April.

Clear summer crops promptly. Empty beds need compost."
Wagga Wagga,NSW,cool,9b,inland,May,"Autumn transitions fast. Cool nights arrive, autumn crops thrive.

Plant brassicas, lettuce, leeks, onions. Direct-sow roots, peas, spinach, beans. Garlic in April.

Clear summer crops promptly. Empty beds need compost."
Wagga Wagga,NSW,cool,9b,inland,June,"Winter is cool but manageable. Occasional frosts, not constant.

Winter crops grow steadily. Spinach, kale, peas, beans, brassicas, roots produce regular harvest.

Start spring seedlings by August. Use quiet winter for planning."
Wagga Wagga,NSW,cool,9b,inland,July,"Winter is cool but manageable. Occasional frosts, not constant.

Winter crops grow steadily. Spinach, kale, peas, beans, brassicas, roots produce regular harvest.

Start spring seedlings by August. Use quiet winter for planning."
Wagga Wagga,NSW,cool,9b,inland,August,"Winter is cool but manageable. Occasional frosts, not constant.

Winter crops grow steadily. Spinach, kale, peas, beans, brassicas, roots produce regular harvest.

Start spring seedlings by August. Use quiet winter for planning."
Wagga Wagga,NSW,cool,9b,inland,September,"Spring arrives progressively. Early spring carries frost risk but warmth increases.

Plant tender crops by late October after frost passes. Sow: carrots, lettuce, roots. Succession sow.

Growth accelerates week by week."
Wagga Wagga,NSW,cool,9b,inland,October,"Spring arrives progressively. Early spring carries frost risk but warmth increases.

Plant tender crops by late October after frost passes. Sow: carrots, lettuce, roots. Succession sow.

Growth accelerates week by week."
Wagga Wagga,NSW,cool,9b,inland,November,"Spring arrives progressively. Early spring carries frost risk but warmth increases.

Plant tender crops by late October after frost passes. Sow: carrots, lettuce, roots. Succession sow.

Growth accelerates week by week."
Wagga Wagga,NSW,cool,9b,inland,December,"Summer is milder. Growth steady but cool nights limit heat-lovers. Keep picking.

Start brassica and lettuce seedlings indoors. Direct-sow carrots, beetroot, silverbeet, kale.

Water deeply morning. Mulch heavily."
Wauchope,NSW,temperate,10b,inland,January,"Summer production solid. Tomatoes, beans, cucumbers, zucchini, pumpkins grow well with consistent water. Pick regularly.

Sow autumn crops in warm soil: carrots, beets, brassicas, lettuce establish quickly.

Water deeply morning. Mulch moderates temperature."
Wauchope,NSW,temperate,10b,inland,February,"Summer production solid. Tomatoes, beans, cucumbers, zucchini, pumpkins grow well with consistent water. Pick regularly.

Sow autumn crops in warm soil: carrots, beets, brassicas, lettuce establish quickly.

Water deeply morning. Mulch moderates temperature."
Wauchope,NSW,temperate,10b,inland,March,"Autumn established. Prime time for cool-season crops: brassicas, lettuce, roots, peas, beans.

Plant seedlings and direct-sow freely. Garlic in April. Everything grows steadily as temperatures cool.

Clear summer crops. Empty beds should be mulched."
Wauchope,NSW,temperate,10b,inland,April,"Autumn established. Prime time for cool-season crops: brassicas, lettuce, roots, peas, beans.

Plant seedlings and direct-sow freely. Garlic in April. Everything grows steadily as temperatures cool.

Clear summer crops. Empty beds should be mulched."
Wauchope,NSW,temperate,10b,inland,May,"Autumn established. Prime time for cool-season crops: brassicas, lettuce, roots, peas, beans.

Plant seedlings and direct-sow freely. Garlic in April. Everything grows steadily as temperatures cool.

Clear summer crops. Empty beds should be mulched."
Wauchope,NSW,temperate,10b,inland,June,"Winter is cool to cold. Frosts vary by location.

Winter crops provide steady harvest. Kale, spinach, peas, beans, roots produce. Protect tender plantings.

Start spring seedlings indoors. Prepare beds."
Wauchope,NSW,temperate,10b,inland,July,"Winter is cool to cold. Frosts vary by location.

Winter crops provide steady harvest. Kale, spinach, peas, beans, roots produce. Protect tender plantings.

Start spring seedlings indoors. Prepare beds."
Wauchope,NSW,temperate,10b,inland,August,"Winter is cool to cold. Frosts vary by location.

Winter crops provide steady harvest. Kale, spinach, peas, beans, roots produce. Protect tender plantings.

Start spring seedlings indoors. Prepare beds."
Wauchope,NSW,temperate,10b,inland,September,"Spring arrives progressively. Frost risk decreases but may linger into early October.

Plant tender crops after last frost. Sow: carrots, lettuce, roots, herbs. Succession sow.

Growth accelerates through spring."
Wauchope,NSW,temperate,10b,inland,October,"Spring arrives progressively. Frost risk decreases but may linger into early October.

Plant tender crops after last frost. Sow: carrots, lettuce, roots, herbs. Succession sow.

Growth accelerates through spring."
Wauchope,NSW,temperate,10b,inland,November,"Spring arrives progressively. Frost risk decreases but may linger into early October.

Plant tender crops after last frost. Sow: carrots, lettuce, roots, herbs. Succession sow.

Growth accelerates through spring."
Wauchope,NSW,temperate,10b,inland,December,"Summer production solid. Tomatoes, beans, cucumbers, zucchini, pumpkins grow well with consistent water. Pick regularly.

Sow autumn crops in warm soil: carrots, beets, brassicas, lettuce establish quickly.

Water deeply morning. Mulch moderates temperature."
Wentworth Falls,NSW,cool,9a,alpine_highland|inland,January,"Summer is milder. Growth steady but cool nights limit heat-lovers. Keep picking.

Start brassica and lettuce seedlings indoors. Direct-sow carrots, beetroot, silverbeet, kale.

Water deeply morning. Mulch heavily."
Wentworth Falls,NSW,cool,9a,alpine_highland|inland,February,"Summer is milder. Growth steady but cool nights limit heat-lovers. Keep picking.

Start brassica and lettuce seedlings indoors. Direct-sow carrots, beetroot, silverbeet, kale.

Water deeply morning. Mulch heavily."
Wentworth Falls,NSW,cool,9a,alpine_highland|inland,March,"Autumn transitions fast. Cool nights arrive, autumn crops thrive.

Plant brassicas, lettuce, leeks, onions. Direct-sow roots, peas, spinach, beans. Garlic in April.

Clear summer crops promptly. Empty beds need compost."
Wentworth Falls,NSW,cool,9a,alpine_highland|inland,April,"Autumn transitions fast. Cool nights arrive, autumn crops thrive.

Plant brassicas, lettuce, leeks, onions. Direct-sow roots, peas, spinach, beans. Garlic in April.

Clear summer crops promptly. Empty beds need compost."
Wentworth Falls,NSW,cool,9a,alpine_highland|inland,May,"Autumn transitions fast. Cool nights arrive, autumn crops thrive.

Plant brassicas, lettuce, leeks, onions. Direct-sow roots, peas, spinach, beans. Garlic in April.

Clear summer crops promptly. Empty beds need compost."
Wentworth Falls,NSW,cool,9a,alpine_highland|inland,June,"Winter is cool but manageable. Occasional frosts, not constant.

Winter crops grow steadily. Spinach, kale, peas, beans, brassicas, roots produce regular harvest.

Start spring seedlings by August. Use quiet winter for planning."
Wentworth Falls,NSW,cool,9a,alpine_highland|inland,July,"Winter is cool but manageable. Occasional frosts, not constant.

Winter crops grow steadily. Spinach, kale, peas, beans, brassicas, roots produce regular harvest.

Start spring seedlings by August. Use quiet winter for planning."
Wentworth Falls,NSW,cool,9a,alpine_highland|inland,August,"Winter is cool but manageable. Occasional frosts, not constant.

Winter crops grow steadily. Spinach, kale, peas, beans, brassicas, roots produce regular harvest.

Start spring seedlings by August. Use quiet winter for planning."
Wentworth Falls,NSW,cool,9a,alpine_highland|inland,September,"Spring arrives progressively. Early spring carries frost risk but warmth increases.

Plant tender crops by late October after frost passes. Sow: carrots, lettuce, roots. Succession sow.

Growth accelerates week by week."
Wentworth Falls,NSW,cool,9a,alpine_highland|inland,October,"Spring arrives progressively. Early spring carries frost risk but warmth increases.

Plant tender crops by late October after frost passes. Sow: carrots, lettuce, roots. Succession sow.

Growth accelerates week by week."
Wentworth Falls,NSW,cool,9a,alpine_highland|inland,November,"Spring arrives progressively. Early spring carries frost risk but warmth increases.

Plant tender crops by late October after frost passes. Sow: carrots, lettuce, roots. Succession sow.

Growth accelerates week by week."
Wentworth Falls,NSW,cool,9a,alpine_highland|inland,December,"Summer is milder. Growth steady but cool nights limit heat-lovers. Keep picking.

Start brassica and lettuce seedlings indoors. Direct-sow carrots, beetroot, silverbeet, kale.

Water deeply morning. Mulch heavily."
Wollongong,NSW,temperate,10a,coastal,January,"Summer production solid. Tomatoes, beans, cucumbers, zucchini, pumpkins grow well with consistent water. Pick regularly.

Sow autumn crops in warm soil: carrots, beets, brassicas, lettuce establish quickly.

Water deeply morning. Mulch moderates temperature."
Wollongong,NSW,temperate,10a,coastal,February,"Summer production solid. Tomatoes, beans, cucumbers, zucchini, pumpkins grow well with consistent water. Pick regularly.

Sow autumn crops in warm soil: carrots, beets, brassicas, lettuce establish quickly.

Water deeply morning. Mulch moderates temperature."
Wollongong,NSW,temperate,10a,coastal,March,"Autumn established. Prime time for cool-season crops: brassicas, lettuce, roots, peas, beans.

Plant seedlings and direct-sow freely. Garlic in April. Everything grows steadily as temperatures cool.

Clear summer crops. Empty beds should be mulched."
Wollongong,NSW,temperate,10a,coastal,April,"Autumn established. Prime time for cool-season crops: brassicas, lettuce, roots, peas, beans.

Plant seedlings and direct-sow freely. Garlic in April. Everything grows steadily as temperatures cool.

Clear summer crops. Empty beds should be mulched."
Wollongong,NSW,temperate,10a,coastal,May,"Autumn established. Prime time for cool-season crops: brassicas, lettuce, roots, peas, beans.

Plant seedlings and direct-sow freely. Garlic in April. Everything grows steadily as temperatures cool.

Clear summer crops. Empty beds should be mulched."
Wollongong,NSW,temperate,10a,coastal,June,"Winter is cool to cold. Frosts vary by location.

Winter crops provide steady harvest. Kale, spinach, peas, beans, roots produce. Protect tender plantings.

Start spring seedlings indoors. Prepare beds."
Wollongong,NSW,temperate,10a,coastal,July,"Winter is cool to cold. Frosts vary by location.

Winter crops provide steady harvest. Kale, spinach, peas, beans, roots produce. Protect tender plantings.

Start spring seedlings indoors. Prepare beds."
Wollongong,NSW,temperate,10a,coastal,August,"Winter is cool to cold. Frosts vary by location.

Winter crops provide steady harvest. Kale, spinach, peas, beans, roots produce. Protect tender plantings.

Start spring seedlings indoors. Prepare beds."
Wollongong,NSW,temperate,10a,coastal,September,"Spring arrives progressively. Frost risk decreases but may linger into early October.

Plant tender crops after last frost. Sow: carrots, lettuce, roots, herbs. Succession sow.

Growth accelerates through spring."
Wollongong,NSW,temperate,10a,coastal,October,"Spring arrives progressively. Frost risk decreases but may linger into early October.

Plant tender crops after last frost. Sow: carrots, lettuce, roots, herbs. Succession sow.

Growth accelerates through spring."
Wollongong,NSW,temperate,10a,coastal,November,"Spring arrives progressively. Frost risk decreases but may linger into early October.

Plant tender crops after last frost. Sow: carrots, lettuce, roots, herbs. Succession sow.

Growth accelerates through spring."
Wollongong,NSW,temperate,10a,coastal,December,"Summer production solid. Tomatoes, beans, cucumbers, zucchini, pumpkins grow well with consistent water. Pick regularly.

Sow autumn crops in warm soil: carrots, beets, brassicas, lettuce establish quickly.

Water deeply morning. Mulch moderates temperature."
Young,NSW,cool,9b,inland,January,"Summer is milder. Growth steady but cool nights limit heat-lovers. Keep picking.

Start brassica and lettuce seedlings indoors. Direct-sow carrots, beetroot, silverbeet, kale.

Water deeply morning. Mulch heavily."
Young,NSW,cool,9b,inland,February,"Summer is milder. Growth steady but cool nights limit heat-lovers. Keep picking.

Start brassica and lettuce seedlings indoors. Direct-sow carrots, beetroot, silverbeet, kale.

Water deeply morning. Mulch heavily."
Young,NSW,cool,9b,inland,March,"Autumn transitions fast. Cool nights arrive, autumn crops thrive.

Plant brassicas, lettuce, leeks, onions. Direct-sow roots, peas, spinach, beans. Garlic in April.

Clear summer crops promptly. Empty beds need compost."
Young,NSW,cool,9b,inland,April,"Autumn transitions fast. Cool nights arrive, autumn crops thrive.

Plant brassicas, lettuce, leeks, onions. Direct-sow roots, peas, spinach, beans. Garlic in April.

Clear summer crops promptly. Empty beds need compost."
Young,NSW,cool,9b,inland,May,"Autumn transitions fast. Cool nights arrive, autumn crops thrive.

Plant brassicas, lettuce, leeks, onions. Direct-sow roots, peas, spinach, beans. Garlic in April.

Clear summer crops promptly. Empty beds need compost."
Young,NSW,cool,9b,inland,June,"Winter is cool but manageable. Occasional frosts, not constant.

Winter crops grow steadily. Spinach, kale, peas, beans, brassicas, roots produce regular harvest.

Start spring seedlings by August. Use quiet winter for planning."
Young,NSW,cool,9b,inland,July,"Winter is cool but manageable. Occasional frosts, not constant.

Winter crops grow steadily. Spinach, kale, peas, beans, brassicas, roots produce regular harvest.

Start spring seedlings by August. Use quiet winter for planning."
Young,NSW,cool,9b,inland,August,"Winter is cool but manageable. Occasional frosts, not constant.

Winter crops grow steadily. Spinach, kale, peas, beans, brassicas, roots produce regular harvest.

Start spring seedlings by August. Use quiet winter for planning."
Young,NSW,cool,9b,inland,September,"Spring arrives progressively. Early spring carries frost risk but warmth increases.

Plant tender crops by late October after frost passes. Sow: carrots, lettuce, roots. Succession sow.

Growth accelerates week by week."
Young,NSW,cool,9b,inland,October,"Spring arrives progressively. Early spring carries frost risk but warmth increases.

Plant tender crops by late October after frost passes. Sow: carrots, lettuce, roots. Succession sow.

Growth accelerates week by week."
Young,NSW,cool,9b,inland,November,"Spring arrives progressively. Early spring carries frost risk but warmth increases.

Plant tender crops by late October after frost passes. Sow: carrots, lettuce, roots. Succession sow.

Growth accelerates week by week."
Young,NSW,cool,9b,inland,December,"Summer is milder. Growth steady but cool nights limit heat-lovers. Keep picking.

Start brassica and lettuce seedlings indoors. Direct-sow carrots, beetroot, silverbeet, kale.

Water deeply morning. Mulch heavily."
Alice Springs,NT,warm,11a,inland,January,"Heat builds intensely. Days long and hot. Summer crops produce but need deep watering.

Sow autumn crops early. Carrots, beets, brassicas, lettuce thrive as heat fades. Get in early.

Afternoon shade helps. Mulch heavily. Water early morning."
Alice Springs,NT,warm,11a,inland,February,"Heat builds intensely. Days long and hot. Summer crops produce but need deep watering.

Sow autumn crops early. Carrots, beets, brassicas, lettuce thrive as heat fades. Get in early.

Afternoon shade helps. Mulch heavily. Water early morning."
Alice Springs,NT,warm,11a,inland,March,"Autumn arrives. Heat releases, autumn crops thrive.

Prime planting season. Brassicas, lettuce, roots, peas, beans establish strongly. Direct-sow freely.

Clear summer crops. Autumn is most productive season."
Alice Springs,NT,warm,11a,inland,April,"Autumn arrives. Heat releases, autumn crops thrive.

Prime planting season. Brassicas, lettuce, roots, peas, beans establish strongly. Direct-sow freely.

Clear summer crops. Autumn is most productive season."
Alice Springs,NT,warm,11a,inland,May,"Autumn arrives. Heat releases, autumn crops thrive.

Prime planting season. Brassicas, lettuce, roots, peas, beans establish strongly. Direct-sow freely.

Clear summer crops. Autumn is most productive season."
Alice Springs,NT,warm,11a,inland,June,"Winter is cool but rarely harsh. Frosts rare.

Winter crops grow steadily. Brassicas, lettuce, spinach, peas, beans, roots thrive. Peak harvest season.

Start spring seedlings by August. Winter often easiest and most productive."
Alice Springs,NT,warm,11a,inland,July,"Winter is cool but rarely harsh. Frosts rare.

Winter crops grow steadily. Brassicas, lettuce, spinach, peas, beans, roots thrive. Peak harvest season.

Start spring seedlings by August. Winter often easiest and most productive."
Alice Springs,NT,warm,11a,inland,August,"Winter is cool but rarely harsh. Frosts rare.

Winter crops grow steadily. Brassicas, lettuce, spinach, peas, beans, roots thrive. Peak harvest season.

Start spring seedlings by August. Winter often easiest and most productive."
Alice Springs,NT,warm,11a,inland,September,"Spring arrives and heat builds fast. Transition happens quickly.

Plant spring crops early: tomatoes, capsicums, beans, squash before serious heat.

Mulch heavily. Afternoon shade valuable. Spring is brief."
Alice Springs,NT,warm,11a,inland,October,"Spring arrives and heat builds fast. Transition happens quickly.

Plant spring crops early: tomatoes, capsicums, beans, squash before serious heat.

Mulch heavily. Afternoon shade valuable. Spring is brief."
Alice Springs,NT,warm,11a,inland,November,"Spring arrives and heat builds fast. Transition happens quickly.

Plant spring crops early: tomatoes, capsicums, beans, squash before serious heat.

Mulch heavily. Afternoon shade valuable. Spring is brief."
Alice Springs,NT,warm,11a,inland,December,"Heat builds intensely. Days long and hot. Summer crops produce but need deep watering.

Sow autumn crops early. Carrots, beets, brassicas, lettuce thrive as heat fades. Get in early.

Afternoon shade helps. Mulch heavily. Water early morning."
Casuarina,NT,tropical,12b,coastal|tropical_wet_dry,January,"Wet season dominates. Humidity extreme, rain heavy, fungal disease intense.

Cool-season crops grow well. Lettuce, Asian greens, tomatoes, capsicums produce but need disease management.

Drainage critical. Succession plant rather than one heavy planting."
Casuarina,NT,tropical,12b,coastal|tropical_wet_dry,February,"Wet season dominates. Humidity extreme, rain heavy, fungal disease intense.

Cool-season crops grow well. Lettuce, Asian greens, tomatoes, capsicums produce but need disease management.

Drainage critical. Succession plant rather than one heavy planting."
Casuarina,NT,tropical,12b,coastal|tropical_wet_dry,March,"Wet season dominates. Humidity extreme, rain heavy, fungal disease intense.

Cool-season crops grow well. Lettuce, Asian greens, tomatoes, capsicums produce but need disease management.

Drainage critical. Succession plant rather than one heavy planting."
Casuarina,NT,tropical,12b,coastal|tropical_wet_dry,April,"Dry season is growing season. Consistent warmth and low humidity ideal.

Plant and sow everything: brassicas, lettuce, roots, tomatoes, capsicums, beans, squash.

Water essential—no dry-season rain. Dry season is productive heart."
Casuarina,NT,tropical,12b,coastal|tropical_wet_dry,May,"Dry season is growing season. Consistent warmth and low humidity ideal.

Plant and sow everything: brassicas, lettuce, roots, tomatoes, capsicums, beans, squash.

Water essential—no dry-season rain. Dry season is productive heart."
Casuarina,NT,tropical,12b,coastal|tropical_wet_dry,June,"Dry season is growing season. Consistent warmth and low humidity ideal.

Plant and sow everything: brassicas, lettuce, roots, tomatoes, capsicums, beans, squash.

Water essential—no dry-season rain. Dry season is productive heart."
Casuarina,NT,tropical,12b,coastal|tropical_wet_dry,July,"Dry season is growing season. Consistent warmth and low humidity ideal.

Plant and sow everything: brassicas, lettuce, roots, tomatoes, capsicums, beans, squash.

Water essential—no dry-season rain. Dry season is productive heart."
Casuarina,NT,tropical,12b,coastal|tropical_wet_dry,August,"Dry season is growing season. Consistent warmth and low humidity ideal.

Plant and sow everything: brassicas, lettuce, roots, tomatoes, capsicums, beans, squash.

Water essential—no dry-season rain. Dry season is productive heart."
Casuarina,NT,tropical,12b,coastal|tropical_wet_dry,September,"Dry season is growing season. Consistent warmth and low humidity ideal.

Plant and sow everything: brassicas, lettuce, roots, tomatoes, capsicums, beans, squash.

Water essential—no dry-season rain. Dry season is productive heart."
Casuarina,NT,tropical,12b,coastal|tropical_wet_dry,October,"Dry season is growing season. Consistent warmth and low humidity ideal.

Plant and sow everything: brassicas, lettuce, roots, tomatoes, capsicums, beans, squash.

Water essential—no dry-season rain. Dry season is productive heart."
Casuarina,NT,tropical,12b,coastal|tropical_wet_dry,November,"Dry season is growing season. Consistent warmth and low humidity ideal.

Plant and sow everything: brassicas, lettuce, roots, tomatoes, capsicums, beans, squash.

Water essential—no dry-season rain. Dry season is productive heart."
Casuarina,NT,tropical,12b,coastal|tropical_wet_dry,December,"Wet season dominates. Humidity extreme, rain heavy, fungal disease intense.

Cool-season crops grow well. Lettuce, Asian greens, tomatoes, capsicums produce but need disease management.

Drainage critical. Succession plant rather than one heavy planting."
Darwin,NT,tropical,12b,coastal|tropical_wet_dry,January,"Wet season dominates. Humidity extreme, rain heavy, fungal disease intense.

Cool-season crops grow well. Lettuce, Asian greens, tomatoes, capsicums produce but need disease management.

Drainage critical. Succession plant rather than one heavy planting."
Darwin,NT,tropical,12b,coastal|tropical_wet_dry,February,"Wet season dominates. Humidity extreme, rain heavy, fungal disease intense.

Cool-season crops grow well. Lettuce, Asian greens, tomatoes, capsicums produce but need disease management.

Drainage critical. Succession plant rather than one heavy planting."
Darwin,NT,tropical,12b,coastal|tropical_wet_dry,March,"Wet season dominates. Humidity extreme, rain heavy, fungal disease intense.

Cool-season crops grow well. Lettuce, Asian greens, tomatoes, capsicums produce but need disease management.

Drainage critical. Succession plant rather than one heavy planting."
Darwin,NT,tropical,12b,coastal|tropical_wet_dry,April,"Dry season is growing season. Consistent warmth and low humidity ideal.

Plant and sow everything: brassicas, lettuce, roots, tomatoes, capsicums, beans, squash.

Water essential—no dry-season rain. Dry season is productive heart."
Darwin,NT,tropical,12b,coastal|tropical_wet_dry,May,"Dry season is growing season. Consistent warmth and low humidity ideal.

Plant and sow everything: brassicas, lettuce, roots, tomatoes, capsicums, beans, squash.

Water essential—no dry-season rain. Dry season is productive heart."
Darwin,NT,tropical,12b,coastal|tropical_wet_dry,June,"Dry season is growing season. Consistent warmth and low humidity ideal.

Plant and sow everything: brassicas, lettuce, roots, tomatoes, capsicums, beans, squash.

Water essential—no dry-season rain. Dry season is productive heart."
Darwin,NT,tropical,12b,coastal|tropical_wet_dry,July,"Dry season is growing season. Consistent warmth and low humidity ideal.

Plant and sow everything: brassicas, lettuce, roots, tomatoes, capsicums, beans, squash.

Water essential—no dry-season rain. Dry season is productive heart."
Darwin,NT,tropical,12b,coastal|tropical_wet_dry,August,"Dry season is growing season. Consistent warmth and low humidity ideal.

Plant and sow everything: brassicas, lettuce, roots, tomatoes, capsicums, beans, squash.

Water essential—no dry-season rain. Dry season is productive heart."
Darwin,NT,tropical,12b,coastal|tropical_wet_dry,September,"Dry season is growing season. Consistent warmth and low humidity ideal.

Plant and sow everything: brassicas, lettuce, roots, tomatoes, capsicums, beans, squash.

Water essential—no dry-season rain. Dry season is productive heart."
Darwin,NT,tropical,12b,coastal|tropical_wet_dry,October,"Dry season is growing season. Consistent warmth and low humidity ideal.

Plant and sow everything: brassicas, lettuce, roots, tomatoes, capsicums, beans, squash.

Water essential—no dry-season rain. Dry season is productive heart."
Darwin,NT,tropical,12b,coastal|tropical_wet_dry,November,"Dry season is growing season. Consistent warmth and low humidity ideal.

Plant and sow everything: brassicas, lettuce, roots, tomatoes, capsicums, beans, squash.

Water essential—no dry-season rain. Dry season is productive heart."
Darwin,NT,tropical,12b,coastal|tropical_wet_dry,December,"Wet season dominates. Humidity extreme, rain heavy, fungal disease intense.

Cool-season crops grow well. Lettuce, Asian greens, tomatoes, capsicums produce but need disease management.

Drainage critical. Succession plant rather than one heavy planting."
Humpty Doo,NT,tropical,12b,tropical_wet_dry,January,"Wet season dominates. Humidity extreme, rain heavy, fungal disease intense.

Cool-season crops grow well. Lettuce, Asian greens, tomatoes, capsicums produce but need disease management.

Drainage critical. Succession plant rather than one heavy planting."
Humpty Doo,NT,tropical,12b,tropical_wet_dry,February,"Wet season dominates. Humidity extreme, rain heavy, fungal disease intense.

Cool-season crops grow well. Lettuce, Asian greens, tomatoes, capsicums produce but need disease management.

Drainage critical. Succession plant rather than one heavy planting."
Humpty Doo,NT,tropical,12b,tropical_wet_dry,March,"Wet season dominates. Humidity extreme, rain heavy, fungal disease intense.

Cool-season crops grow well. Lettuce, Asian greens, tomatoes, capsicums produce but need disease management.

Drainage critical. Succession plant rather than one heavy planting."
Humpty Doo,NT,tropical,12b,tropical_wet_dry,April,"Dry season is growing season. Consistent warmth and low humidity ideal.

Plant and sow everything: brassicas, lettuce, roots, tomatoes, capsicums, beans, squash.

Water essential—no dry-season rain. Dry season is productive heart."
Humpty Doo,NT,tropical,12b,tropical_wet_dry,May,"Dry season is growing season. Consistent warmth and low humidity ideal.

Plant and sow everything: brassicas, lettuce, roots, tomatoes, capsicums, beans, squash.

Water essential—no dry-season rain. Dry season is productive heart."
Humpty Doo,NT,tropical,12b,tropical_wet_dry,June,"Dry season is growing season. Consistent warmth and low humidity ideal.

Plant and sow everything: brassicas, lettuce, roots, tomatoes, capsicums, beans, squash.

Water essential—no dry-season rain. Dry season is productive heart."
Humpty Doo,NT,tropical,12b,tropical_wet_dry,July,"Dry season is growing season. Consistent warmth and low humidity ideal.

Plant and sow everything: brassicas, lettuce, roots, tomatoes, capsicums, beans, squash.

Water essential—no dry-season rain. Dry season is productive heart."
Humpty Doo,NT,tropical,12b,tropical_wet_dry,August,"Dry season is growing season. Consistent warmth and low humidity ideal.

Plant and sow everything: brassicas, lettuce, roots, tomatoes, capsicums, beans, squash.

Water essential—no dry-season rain. Dry season is productive heart."
Humpty Doo,NT,tropical,12b,tropical_wet_dry,September,"Dry season is growing season. Consistent warmth and low humidity ideal.

Plant and sow everything: brassicas, lettuce, roots, tomatoes, capsicums, beans, squash.

Water essential—no dry-season rain. Dry season is productive heart."
Humpty Doo,NT,tropical,12b,tropical_wet_dry,October,"Dry season is growing season. Consistent warmth and low humidity ideal.

Plant and sow everything: brassicas, lettuce, roots, tomatoes, capsicums, beans, squash.

Water essential—no dry-season rain. Dry season is productive heart."
Humpty Doo,NT,tropical,12b,tropical_wet_dry,November,"Dry season is growing season. Consistent warmth and low humidity ideal.

Plant and sow everything: brassicas, lettuce, roots, tomatoes, capsicums, beans, squash.

Water essential—no dry-season rain. Dry season is productive heart."
Humpty Doo,NT,tropical,12b,tropical_wet_dry,December,"Wet season dominates. Humidity extreme, rain heavy, fungal disease intense.

Cool-season crops grow well. Lettuce, Asian greens, tomatoes, capsicums produce but need disease management.

Drainage critical. Succession plant rather than one heavy planting."
Jabiru,NT,tropical,12a,tropical_wet_dry,January,"Wet season dominates. Humidity extreme, rain heavy, fungal disease intense.

Cool-season crops grow well. Lettuce, Asian greens, tomatoes, capsicums produce but need disease management.

Drainage critical. Succession plant rather than one heavy planting."
Jabiru,NT,tropical,12a,tropical_wet_dry,February,"Wet season dominates. Humidity extreme, rain heavy, fungal disease intense.

Cool-season crops grow well. Lettuce, Asian greens, tomatoes, capsicums produce but need disease management.

Drainage critical. Succession plant rather than one heavy planting."
Jabiru,NT,tropical,12a,tropical_wet_dry,March,"Wet season dominates. Humidity extreme, rain heavy, fungal disease intense.

Cool-season crops grow well. Lettuce, Asian greens, tomatoes, capsicums produce but need disease management.

Drainage critical. Succession plant rather than one heavy planting."
Jabiru,NT,tropical,12a,tropical_wet_dry,April,"Dry season is growing season. Consistent warmth and low humidity ideal.

Plant and sow everything: brassicas, lettuce, roots, tomatoes, capsicums, beans, squash.

Water essential—no dry-season rain. Dry season is productive heart."
Jabiru,NT,tropical,12a,tropical_wet_dry,May,"Dry season is growing season. Consistent warmth and low humidity ideal.

Plant and sow everything: brassicas, lettuce, roots, tomatoes, capsicums, beans, squash.

Water essential—no dry-season rain. Dry season is productive heart."
Jabiru,NT,tropical,12a,tropical_wet_dry,June,"Dry season is growing season. Consistent warmth and low humidity ideal.

Plant and sow everything: brassicas, lettuce, roots, tomatoes, capsicums, beans, squash.

Water essential—no dry-season rain. Dry season is productive heart."
Jabiru,NT,tropical,12a,tropical_wet_dry,July,"Dry season is growing season. Consistent warmth and low humidity ideal.

Plant and sow everything: brassicas, lettuce, roots, tomatoes, capsicums, beans, squash.

Water essential—no dry-season rain. Dry season is productive heart."
Jabiru,NT,tropical,12a,tropical_wet_dry,August,"Dry season is growing season. Consistent warmth and low humidity ideal.

Plant and sow everything: brassicas, lettuce, roots, tomatoes, capsicums, beans, squash.

Water essential—no dry-season rain. Dry season is productive heart."
Jabiru,NT,tropical,12a,tropical_wet_dry,September,"Dry season is growing season. Consistent warmth and low humidity ideal.

Plant and sow everything: brassicas, lettuce, roots, tomatoes, capsicums, beans, squash.

Water essential—no dry-season rain. Dry season is productive heart."
Jabiru,NT,tropical,12a,tropical_wet_dry,October,"Dry season is growing season. Consistent warmth and low humidity ideal.

Plant and sow everything: brassicas, lettuce, roots, tomatoes, capsicums, beans, squash.

Water essential—no dry-season rain. Dry season is productive heart."
Jabiru,NT,tropical,12a,tropical_wet_dry,November,"Dry season is growing season. Consistent warmth and low humidity ideal.

Plant and sow everything: brassicas, lettuce, roots, tomatoes, capsicums, beans, squash.

Water essential—no dry-season rain. Dry season is productive heart."
Jabiru,NT,tropical,12a,tropical_wet_dry,December,"Wet season dominates. Humidity extreme, rain heavy, fungal disease intense.

Cool-season crops grow well. Lettuce, Asian greens, tomatoes, capsicums produce but need disease management.

Drainage critical. Succession plant rather than one heavy planting."
Katherine,NT,tropical,12a,tropical_wet_dry,January,"Wet season dominates. Humidity extreme, rain heavy, fungal disease intense.

Cool-season crops grow well. Lettuce, Asian greens, tomatoes, capsicums produce but need disease management.

Drainage critical. Succession plant rather than one heavy planting."
Katherine,NT,tropical,12a,tropical_wet_dry,February,"Wet season dominates. Humidity extreme, rain heavy, fungal disease intense.

Cool-season crops grow well. Lettuce, Asian greens, tomatoes, capsicums produce but need disease management.

Drainage critical. Succession plant rather than one heavy planting."
Katherine,NT,tropical,12a,tropical_wet_dry,March,"Wet season dominates. Humidity extreme, rain heavy, fungal disease intense.

Cool-season crops grow well. Lettuce, Asian greens, tomatoes, capsicums produce but need disease management.

Drainage critical. Succession plant rather than one heavy planting."
Katherine,NT,tropical,12a,tropical_wet_dry,April,"Dry season is growing season. Consistent warmth and low humidity ideal.

Plant and sow everything: brassicas, lettuce, roots, tomatoes, capsicums, beans, squash.

Water essential—no dry-season rain. Dry season is productive heart."
Katherine,NT,tropical,12a,tropical_wet_dry,May,"Dry season is growing season. Consistent warmth and low humidity ideal.

Plant and sow everything: brassicas, lettuce, roots, tomatoes, capsicums, beans, squash.

Water essential—no dry-season rain. Dry season is productive heart."
Katherine,NT,tropical,12a,tropical_wet_dry,June,"Dry season is growing season. Consistent warmth and low humidity ideal.

Plant and sow everything: brassicas, lettuce, roots, tomatoes, capsicums, beans, squash.

Water essential—no dry-season rain. Dry season is productive heart."
Katherine,NT,tropical,12a,tropical_wet_dry,July,"Dry season is growing season. Consistent warmth and low humidity ideal.

Plant and sow everything: brassicas, lettuce, roots, tomatoes, capsicums, beans, squash.

Water essential—no dry-season rain. Dry season is productive heart."
Katherine,NT,tropical,12a,tropical_wet_dry,August,"Dry season is growing season. Consistent warmth and low humidity ideal.

Plant and sow everything: brassicas, lettuce, roots, tomatoes, capsicums, beans, squash.

Water essential—no dry-season rain. Dry season is productive heart."
Katherine,NT,tropical,12a,tropical_wet_dry,September,"Dry season is growing season. Consistent warmth and low humidity ideal.

Plant and sow everything: brassicas, lettuce, roots, tomatoes, capsicums, beans, squash.

Water essential—no dry-season rain. Dry season is productive heart."
Katherine,NT,tropical,12a,tropical_wet_dry,October,"Dry season is growing season. Consistent warmth and low humidity ideal.

Plant and sow everything: brassicas, lettuce, roots, tomatoes, capsicums, beans, squash.

Water essential—no dry-season rain. Dry season is productive heart."
Katherine,NT,tropical,12a,tropical_wet_dry,November,"Dry season is growing season. Consistent warmth and low humidity ideal.

Plant and sow everything: brassicas, lettuce, roots, tomatoes, capsicums, beans, squash.

Water essential—no dry-season rain. Dry season is productive heart."
Katherine,NT,tropical,12a,tropical_wet_dry,December,"Wet season dominates. Humidity extreme, rain heavy, fungal disease intense.

Cool-season crops grow well. Lettuce, Asian greens, tomatoes, capsicums produce but need disease management.

Drainage critical. Succession plant rather than one heavy planting."
Nhulunbuy,NT,tropical,12a,tropical_wet_dry,January,"Wet season dominates. Humidity extreme, rain heavy, fungal disease intense.

Cool-season crops grow well. Lettuce, Asian greens, tomatoes, capsicums produce but need disease management.

Drainage critical. Succession plant rather than one heavy planting."
Nhulunbuy,NT,tropical,12a,tropical_wet_dry,February,"Wet season dominates. Humidity extreme, rain heavy, fungal disease intense.

Cool-season crops grow well. Lettuce, Asian greens, tomatoes, capsicums produce but need disease management.

Drainage critical. Succession plant rather than one heavy planting."
Nhulunbuy,NT,tropical,12a,tropical_wet_dry,March,"Wet season dominates. Humidity extreme, rain heavy, fungal disease intense.

Cool-season crops grow well. Lettuce, Asian greens, tomatoes, capsicums produce but need disease management.

Drainage critical. Succession plant rather than one heavy planting."
Nhulunbuy,NT,tropical,12a,tropical_wet_dry,April,"Dry season is growing season. Consistent warmth and low humidity ideal.

Plant and sow everything: brassicas, lettuce, roots, tomatoes, capsicums, beans, squash.

Water essential—no dry-season rain. Dry season is productive heart."
Nhulunbuy,NT,tropical,12a,tropical_wet_dry,May,"Dry season is growing season. Consistent warmth and low humidity ideal.

Plant and sow everything: brassicas, lettuce, roots, tomatoes, capsicums, beans, squash.

Water essential—no dry-season rain. Dry season is productive heart."
Nhulunbuy,NT,tropical,12a,tropical_wet_dry,June,"Dry season is growing season. Consistent warmth and low humidity ideal.

Plant and sow everything: brassicas, lettuce, roots, tomatoes, capsicums, beans, squash.

Water essential—no dry-season rain. Dry season is productive heart."
Nhulunbuy,NT,tropical,12a,tropical_wet_dry,July,"Dry season is growing season. Consistent warmth and low humidity ideal.

Plant and sow everything: brassicas, lettuce, roots, tomatoes, capsicums, beans, squash.

Water essential—no dry-season rain. Dry season is productive heart."
Nhulunbuy,NT,tropical,12a,tropical_wet_dry,August,"Dry season is growing season. Consistent warmth and low humidity ideal.

Plant and sow everything: brassicas, lettuce, roots, tomatoes, capsicums, beans, squash.

Water essential—no dry-season rain. Dry season is productive heart."
Nhulunbuy,NT,tropical,12a,tropical_wet_dry,September,"Dry season is growing season. Consistent warmth and low humidity ideal.

Plant and sow everything: brassicas, lettuce, roots, tomatoes, capsicums, beans, squash.

Water essential—no dry-season rain. Dry season is productive heart."
Nhulunbuy,NT,tropical,12a,tropical_wet_dry,October,"Dry season is growing season. Consistent warmth and low humidity ideal.

Plant and sow everything: brassicas, lettuce, roots, tomatoes, capsicums, beans, squash.

Water essential—no dry-season rain. Dry season is productive heart."
Nhulunbuy,NT,tropical,12a,tropical_wet_dry,November,"Dry season is growing season. Consistent warmth and low humidity ideal.

Plant and sow everything: brassicas, lettuce, roots, tomatoes, capsicums, beans, squash.

Water essential—no dry-season rain. Dry season is productive heart."
Nhulunbuy,NT,tropical,12a,tropical_wet_dry,December,"Wet season dominates. Humidity extreme, rain heavy, fungal disease intense.

Cool-season crops grow well. Lettuce, Asian greens, tomatoes, capsicums produce but need disease management.

Drainage critical. Succession plant rather than one heavy planting."
Palmerston,NT,tropical,12b,tropical_wet_dry,January,"Wet season dominates. Humidity extreme, rain heavy, fungal disease intense.

Cool-season crops grow well. Lettuce, Asian greens, tomatoes, capsicums produce but need disease management.

Drainage critical. Succession plant rather than one heavy planting."
Palmerston,NT,tropical,12b,tropical_wet_dry,February,"Wet season dominates. Humidity extreme, rain heavy, fungal disease intense.

Cool-season crops grow well. Lettuce, Asian greens, tomatoes, capsicums produce but need disease management.

Drainage critical. Succession plant rather than one heavy planting."
Palmerston,NT,tropical,12b,tropical_wet_dry,March,"Wet season dominates. Humidity extreme, rain heavy, fungal disease intense.

Cool-season crops grow well. Lettuce, Asian greens, tomatoes, capsicums produce but need disease management.

Drainage critical. Succession plant rather than one heavy planting."
Palmerston,NT,tropical,12b,tropical_wet_dry,April,"Dry season is growing season. Consistent warmth and low humidity ideal.

Plant and sow everything: brassicas, lettuce, roots, tomatoes, capsicums, beans, squash.

Water essential—no dry-season rain. Dry season is productive heart."
Palmerston,NT,tropical,12b,tropical_wet_dry,May,"Dry season is growing season. Consistent warmth and low humidity ideal.

Plant and sow everything: brassicas, lettuce, roots, tomatoes, capsicums, beans, squash.

Water essential—no dry-season rain. Dry season is productive heart."
Palmerston,NT,tropical,12b,tropical_wet_dry,June,"Dry season is growing season. Consistent warmth and low humidity ideal.

Plant and sow everything: brassicas, lettuce, roots, tomatoes, capsicums, beans, squash.

Water essential—no dry-season rain. Dry season is productive heart."
Palmerston,NT,tropical,12b,tropical_wet_dry,July,"Dry season is growing season. Consistent warmth and low humidity ideal.

Plant and sow everything: brassicas, lettuce, roots, tomatoes, capsicums, beans, squash.

Water essential—no dry-season rain. Dry season is productive heart."
Palmerston,NT,tropical,12b,tropical_wet_dry,August,"Dry season is growing season. Consistent warmth and low humidity ideal.

Plant and sow everything: brassicas, lettuce, roots, tomatoes, capsicums, beans, squash.

Water essential—no dry-season rain. Dry season is productive heart."
Palmerston,NT,tropical,12b,tropical_wet_dry,September,"Dry season is growing season. Consistent warmth and low humidity ideal.

Plant and sow everything: brassicas, lettuce, roots, tomatoes, capsicums, beans, squash.

Water essential—no dry-season rain. Dry season is productive heart."
Palmerston,NT,tropical,12b,tropical_wet_dry,October,"Dry season is growing season. Consistent warmth and low humidity ideal.

Plant and sow everything: brassicas, lettuce, roots, tomatoes, capsicums, beans, squash.

Water essential—no dry-season rain. Dry season is productive heart."
Palmerston,NT,tropical,12b,tropical_wet_dry,November,"Dry season is growing season. Consistent warmth and low humidity ideal.

Plant and sow everything: brassicas, lettuce, roots, tomatoes, capsicums, beans, squash.

Water essential—no dry-season rain. Dry season is productive heart."
Palmerston,NT,tropical,12b,tropical_wet_dry,December,"Wet season dominates. Humidity extreme, rain heavy, fungal disease intense.

Cool-season crops grow well. Lettuce, Asian greens, tomatoes, capsicums produce but need disease management.

Drainage critical. Succession plant rather than one heavy planting."
Tennant Creek,NT,warm,11b,inland,January,"Heat builds intensely. Days long and hot. Summer crops produce but need deep watering.

Sow autumn crops early. Carrots, beets, brassicas, lettuce thrive as heat fades. Get in early.

Afternoon shade helps. Mulch heavily. Water early morning."
Tennant Creek,NT,warm,11b,inland,February,"Heat builds intensely. Days long and hot. Summer crops produce but need deep watering.

Sow autumn crops early. Carrots, beets, brassicas, lettuce thrive as heat fades. Get in early.

Afternoon shade helps. Mulch heavily. Water early morning."
Tennant Creek,NT,warm,11b,inland,March,"Autumn arrives. Heat releases, autumn crops thrive.

Prime planting season. Brassicas, lettuce, roots, peas, beans establish strongly. Direct-sow freely.

Clear summer crops. Autumn is most productive season."
Tennant Creek,NT,warm,11b,inland,April,"Autumn arrives. Heat releases, autumn crops thrive.

Prime planting season. Brassicas, lettuce, roots, peas, beans establish strongly. Direct-sow freely.

Clear summer crops. Autumn is most productive season."
Tennant Creek,NT,warm,11b,inland,May,"Autumn arrives. Heat releases, autumn crops thrive.

Prime planting season. Brassicas, lettuce, roots, peas, beans establish strongly. Direct-sow freely.

Clear summer crops. Autumn is most productive season."
Tennant Creek,NT,warm,11b,inland,June,"Winter is cool but rarely harsh. Frosts rare.

Winter crops grow steadily. Brassicas, lettuce, spinach, peas, beans, roots thrive. Peak harvest season.

Start spring seedlings by August. Winter often easiest and most productive."
Tennant Creek,NT,warm,11b,inland,July,"Winter is cool but rarely harsh. Frosts rare.

Winter crops grow steadily. Brassicas, lettuce, spinach, peas, beans, roots thrive. Peak harvest season.

Start spring seedlings by August. Winter often easiest and most productive."
Tennant Creek,NT,warm,11b,inland,August,"Winter is cool but rarely harsh. Frosts rare.

Winter crops grow steadily. Brassicas, lettuce, spinach, peas, beans, roots thrive. Peak harvest season.

Start spring seedlings by August. Winter often easiest and most productive."
Tennant Creek,NT,warm,11b,inland,September,"Spring arrives and heat builds fast. Transition happens quickly.

Plant spring crops early: tomatoes, capsicums, beans, squash before serious heat.

Mulch heavily. Afternoon shade valuable. Spring is brief."
Tennant Creek,NT,warm,11b,inland,October,"Spring arrives and heat builds fast. Transition happens quickly.

Plant spring crops early: tomatoes, capsicums, beans, squash before serious heat.

Mulch heavily. Afternoon shade valuable. Spring is brief."
Tennant Creek,NT,warm,11b,inland,November,"Spring arrives and heat builds fast. Transition happens quickly.

Plant spring crops early: tomatoes, capsicums, beans, squash before serious heat.

Mulch heavily. Afternoon shade valuable. Spring is brief."
Tennant Creek,NT,warm,11b,inland,December,"Heat builds intensely. Days long and hot. Summer crops produce but need deep watering.

Sow autumn crops early. Carrots, beets, brassicas, lettuce thrive as heat fades. Get in early.

Afternoon shade helps. Mulch heavily. Water early morning."
Atherton,QLD,tropical,12a,tropical_wet_dry,January,"Wet season dominates. Humidity extreme, rain heavy, fungal disease intense.

Cool-season crops grow well. Lettuce, Asian greens, tomatoes, capsicums produce but need disease management.

Drainage critical. Succession plant rather than one heavy planting."
Atherton,QLD,tropical,12a,tropical_wet_dry,February,"Wet season dominates. Humidity extreme, rain heavy, fungal disease intense.

Cool-season crops grow well. Lettuce, Asian greens, tomatoes, capsicums produce but need disease management.

Drainage critical. Succession plant rather than one heavy planting."
Atherton,QLD,tropical,12a,tropical_wet_dry,March,"Wet season dominates. Humidity extreme, rain heavy, fungal disease intense.

Cool-season crops grow well. Lettuce, Asian greens, tomatoes, capsicums produce but need disease management.

Drainage critical. Succession plant rather than one heavy planting."
Atherton,QLD,tropical,12a,tropical_wet_dry,April,"Dry season is growing season. Consistent warmth and low humidity ideal.

Plant and sow everything: brassicas, lettuce, roots, tomatoes, capsicums, beans, squash.

Water essential—no dry-season rain. Dry season is productive heart."
Atherton,QLD,tropical,12a,tropical_wet_dry,May,"Dry season is growing season. Consistent warmth and low humidity ideal.

Plant and sow everything: brassicas, lettuce, roots, tomatoes, capsicums, beans, squash.

Water essential—no dry-season rain. Dry season is productive heart."
Atherton,QLD,tropical,12a,tropical_wet_dry,June,"Dry season is growing season. Consistent warmth and low humidity ideal.

Plant and sow everything: brassicas, lettuce, roots, tomatoes, capsicums, beans, squash.

Water essential—no dry-season rain. Dry season is productive heart."
Atherton,QLD,tropical,12a,tropical_wet_dry,July,"Dry season is growing season. Consistent warmth and low humidity ideal.

Plant and sow everything: brassicas, lettuce, roots, tomatoes, capsicums, beans, squash.

Water essential—no dry-season rain. Dry season is productive heart."
Atherton,QLD,tropical,12a,tropical_wet_dry,August,"Dry season is growing season. Consistent warmth and low humidity ideal.

Plant and sow everything: brassicas, lettuce, roots, tomatoes, capsicums, beans, squash.

Water essential—no dry-season rain. Dry season is productive heart."
Atherton,QLD,tropical,12a,tropical_wet_dry,September,"Dry season is growing season. Consistent warmth and low humidity ideal.

Plant and sow everything: brassicas, lettuce, roots, tomatoes, capsicums, beans, squash.

Water essential—no dry-season rain. Dry season is productive heart."
Atherton,QLD,tropical,12a,tropical_wet_dry,October,"Dry season is growing season. Consistent warmth and low humidity ideal.

Plant and sow everything: brassicas, lettuce, roots, tomatoes, capsicums, beans, squash.

Water essential—no dry-season rain. Dry season is productive heart."
Atherton,QLD,tropical,12a,tropical_wet_dry,November,"Dry season is growing season. Consistent warmth and low humidity ideal.

Plant and sow everything: brassicas, lettuce, roots, tomatoes, capsicums, beans, squash.

Water essential—no dry-season rain. Dry season is productive heart."
Atherton,QLD,tropical,12a,tropical_wet_dry,December,"Wet season dominates. Humidity extreme, rain heavy, fungal disease intense.

Cool-season crops grow well. Lettuce, Asian greens, tomatoes, capsicums produce but need disease management.

Drainage critical. Succession plant rather than one heavy planting."
Ayr,QLD,tropical,12a,tropical_wet_dry,January,"Wet season dominates. Humidity extreme, rain heavy, fungal disease intense.

Cool-season crops grow well. Lettuce, Asian greens, tomatoes, capsicums produce but need disease management.

Drainage critical. Succession plant rather than one heavy planting."
Ayr,QLD,tropical,12a,tropical_wet_dry,February,"Wet season dominates. Humidity extreme, rain heavy, fungal disease intense.

Cool-season crops grow well. Lettuce, Asian greens, tomatoes, capsicums produce but need disease management.

Drainage critical. Succession plant rather than one heavy planting."
Ayr,QLD,tropical,12a,tropical_wet_dry,March,"Wet season dominates. Humidity extreme, rain heavy, fungal disease intense.

Cool-season crops grow well. Lettuce, Asian greens, tomatoes, capsicums produce but need disease management.

Drainage critical. Succession plant rather than one heavy planting."
Ayr,QLD,tropical,12a,tropical_wet_dry,April,"Dry season is growing season. Consistent warmth and low humidity ideal.

Plant and sow everything: brassicas, lettuce, roots, tomatoes, capsicums, beans, squash.

Water essential—no dry-season rain. Dry season is productive heart."
Ayr,QLD,tropical,12a,tropical_wet_dry,May,"Dry season is growing season. Consistent warmth and low humidity ideal.

Plant and sow everything: brassicas, lettuce, roots, tomatoes, capsicums, beans, squash.

Water essential—no dry-season rain. Dry season is productive heart."
Ayr,QLD,tropical,12a,tropical_wet_dry,June,"Dry season is growing season. Consistent warmth and low humidity ideal.

Plant and sow everything: brassicas, lettuce, roots, tomatoes, capsicums, beans, squash.

Water essential—no dry-season rain. Dry season is productive heart."
Ayr,QLD,tropical,12a,tropical_wet_dry,July,"Dry season is growing season. Consistent warmth and low humidity ideal.

Plant and sow everything: brassicas, lettuce, roots, tomatoes, capsicums, beans, squash.

Water essential—no dry-season rain. Dry season is productive heart."
Ayr,QLD,tropical,12a,tropical_wet_dry,August,"Dry season is growing season. Consistent warmth and low humidity ideal.

Plant and sow everything: brassicas, lettuce, roots, tomatoes, capsicums, beans, squash.

Water essential—no dry-season rain. Dry season is productive heart."
Ayr,QLD,tropical,12a,tropical_wet_dry,September,"Dry season is growing season. Consistent warmth and low humidity ideal.

Plant and sow everything: brassicas, lettuce, roots, tomatoes, capsicums, beans, squash.

Water essential—no dry-season rain. Dry season is productive heart."
Ayr,QLD,tropical,12a,tropical_wet_dry,October,"Dry season is growing season. Consistent warmth and low humidity ideal.

Plant and sow everything: brassicas, lettuce, roots, tomatoes, capsicums, beans, squash.

Water essential—no dry-season rain. Dry season is productive heart."
Ayr,QLD,tropical,12a,tropical_wet_dry,November,"Dry season is growing season. Consistent warmth and low humidity ideal.

Plant and sow everything: brassicas, lettuce, roots, tomatoes, capsicums, beans, squash.

Water essential—no dry-season rain. Dry season is productive heart."
Ayr,QLD,tropical,12a,tropical_wet_dry,December,"Wet season dominates. Humidity extreme, rain heavy, fungal disease intense.

Cool-season crops grow well. Lettuce, Asian greens, tomatoes, capsicums produce but need disease management.

Drainage critical. Succession plant rather than one heavy planting."
Bowen,QLD,tropical,12a,tropical_wet_dry,January,"Wet season dominates. Humidity extreme, rain heavy, fungal disease intense.

Cool-season crops grow well. Lettuce, Asian greens, tomatoes, capsicums produce but need disease management.

Drainage critical. Succession plant rather than one heavy planting."
Bowen,QLD,tropical,12a,tropical_wet_dry,February,"Wet season dominates. Humidity extreme, rain heavy, fungal disease intense.

Cool-season crops grow well. Lettuce, Asian greens, tomatoes, capsicums produce but need disease management.

Drainage critical. Succession plant rather than one heavy planting."
Bowen,QLD,tropical,12a,tropical_wet_dry,March,"Wet season dominates. Humidity extreme, rain heavy, fungal disease intense.

Cool-season crops grow well. Lettuce, Asian greens, tomatoes, capsicums produce but need disease management.

Drainage critical. Succession plant rather than one heavy planting."
Bowen,QLD,tropical,12a,tropical_wet_dry,April,"Dry season is growing season. Consistent warmth and low humidity ideal.

Plant and sow everything: brassicas, lettuce, roots, tomatoes, capsicums, beans, squash.

Water essential—no dry-season rain. Dry season is productive heart."
Bowen,QLD,tropical,12a,tropical_wet_dry,May,"Dry season is growing season. Consistent warmth and low humidity ideal.

Plant and sow everything: brassicas, lettuce, roots, tomatoes, capsicums, beans, squash.

Water essential—no dry-season rain. Dry season is productive heart."
Bowen,QLD,tropical,12a,tropical_wet_dry,June,"Dry season is growing season. Consistent warmth and low humidity ideal.

Plant and sow everything: brassicas, lettuce, roots, tomatoes, capsicums, beans, squash.

Water essential—no dry-season rain. Dry season is productive heart."
Bowen,QLD,tropical,12a,tropical_wet_dry,July,"Dry season is growing season. Consistent warmth and low humidity ideal.

Plant and sow everything: brassicas, lettuce, roots, tomatoes, capsicums, beans, squash.

Water essential—no dry-season rain. Dry season is productive heart."
Bowen,QLD,tropical,12a,tropical_wet_dry,August,"Dry season is growing season. Consistent warmth and low humidity ideal.

Plant and sow everything: brassicas, lettuce, roots, tomatoes, capsicums, beans, squash.

Water essential—no dry-season rain. Dry season is productive heart."
Bowen,QLD,tropical,12a,tropical_wet_dry,September,"Dry season is growing season. Consistent warmth and low humidity ideal.

Plant and sow everything: brassicas, lettuce, roots, tomatoes, capsicums, beans, squash.

Water essential—no dry-season rain. Dry season is productive heart."
Bowen,QLD,tropical,12a,tropical_wet_dry,October,"Dry season is growing season. Consistent warmth and low humidity ideal.

Plant and sow everything: brassicas, lettuce, roots, tomatoes, capsicums, beans, squash.

Water essential—no dry-season rain. Dry season is productive heart."
Bowen,QLD,tropical,12a,tropical_wet_dry,November,"Dry season is growing season. Consistent warmth and low humidity ideal.

Plant and sow everything: brassicas, lettuce, roots, tomatoes, capsicums, beans, squash.

Water essential—no dry-season rain. Dry season is productive heart."
Bowen,QLD,tropical,12a,tropical_wet_dry,December,"Wet season dominates. Humidity extreme, rain heavy, fungal disease intense.

Cool-season crops grow well. Lettuce, Asian greens, tomatoes, capsicums produce but need disease management.

Drainage critical. Succession plant rather than one heavy planting."
Brisbane,QLD,warm,11a,coastal|subtropical_humid,January,"Summer warm but coastal moderation helps. Regular growth with good water management.

Sow autumn crops in warm soil. Carrots, beets, brassicas, lettuce establish quickly.

Deep early morning watering prevents stress."
Brisbane,QLD,warm,11a,coastal|subtropical_humid,February,"Summer warm but coastal moderation helps. Regular growth with good water management.

Sow autumn crops in warm soil. Carrots, beets, brassicas, lettuce establish quickly.

Deep early morning watering prevents stress."
Brisbane,QLD,warm,11a,coastal|subtropical_humid,March,"Autumn mild and extended by coastal protection. Excellent for cool-weather crops.

Plant brassicas, lettuce, onions, leeks, roots. Direct-sow peas, beans, Asian greens. Garlic in April.

Autumn is prime season."
Brisbane,QLD,warm,11a,coastal|subtropical_humid,April,"Autumn mild and extended by coastal protection. Excellent for cool-weather crops.

Plant brassicas, lettuce, onions, leeks, roots. Direct-sow peas, beans, Asian greens. Garlic in April.

Autumn is prime season."
Brisbane,QLD,warm,11a,coastal|subtropical_humid,May,"Autumn mild and extended by coastal protection. Excellent for cool-weather crops.

Plant brassicas, lettuce, onions, leeks, roots. Direct-sow peas, beans, Asian greens. Garlic in April.

Autumn is prime season."
Brisbane,QLD,warm,11a,coastal|subtropical_humid,June,"Winter mild. Frosts rare. Growth continues steadily.

Winter crops produce heavily. Brassicas, lettuce, spinach, peas, roots thrive.

Start spring seedlings by August."
Brisbane,QLD,warm,11a,coastal|subtropical_humid,July,"Winter mild. Frosts rare. Growth continues steadily.

Winter crops produce heavily. Brassicas, lettuce, spinach, peas, roots thrive.

Start spring seedlings by August."
Brisbane,QLD,warm,11a,coastal|subtropical_humid,August,"Winter mild. Frosts rare. Growth continues steadily.

Winter crops produce heavily. Brassicas, lettuce, spinach, peas, roots thrive.

Start spring seedlings by August."
Brisbane,QLD,warm,11a,coastal|subtropical_humid,September,"Spring arrives gradually, moderated by coast. Growth accelerates steadily.

Plant tender crops: tomatoes, capsicums, beans. Sow lettuce, herbs, quick crops. Succession sow.

Spring is extended and rewarding."
Brisbane,QLD,warm,11a,coastal|subtropical_humid,October,"Spring arrives gradually, moderated by coast. Growth accelerates steadily.

Plant tender crops: tomatoes, capsicums, beans. Sow lettuce, herbs, quick crops. Succession sow.

Spring is extended and rewarding."
Brisbane,QLD,warm,11a,coastal|subtropical_humid,November,"Spring arrives gradually, moderated by coast. Growth accelerates steadily.

Plant tender crops: tomatoes, capsicums, beans. Sow lettuce, herbs, quick crops. Succession sow.

Spring is extended and rewarding."
Brisbane,QLD,warm,11a,coastal|subtropical_humid,December,"Summer warm but coastal moderation helps. Regular growth with good water management.

Sow autumn crops in warm soil. Carrots, beets, brassicas, lettuce establish quickly.

Deep early morning watering prevents stress."
Broadbeach,QLD,warm,11a,coastal,January,"Summer warm but coastal moderation helps. Regular growth with good water management.

Sow autumn crops in warm soil. Carrots, beets, brassicas, lettuce establish quickly.

Deep early morning watering prevents stress."
Broadbeach,QLD,warm,11a,coastal,February,"Summer warm but coastal moderation helps. Regular growth with good water management.

Sow autumn crops in warm soil. Carrots, beets, brassicas, lettuce establish quickly.

Deep early morning watering prevents stress."
Broadbeach,QLD,warm,11a,coastal,March,"Autumn mild and extended by coastal protection. Excellent for cool-weather crops.

Plant brassicas, lettuce, onions, leeks, roots. Direct-sow peas, beans, Asian greens. Garlic in April.

Autumn is prime season."
Broadbeach,QLD,warm,11a,coastal,April,"Autumn mild and extended by coastal protection. Excellent for cool-weather crops.

Plant brassicas, lettuce, onions, leeks, roots. Direct-sow peas, beans, Asian greens. Garlic in April.

Autumn is prime season."
Broadbeach,QLD,warm,11a,coastal,May,"Autumn mild and extended by coastal protection. Excellent for cool-weather crops.

Plant brassicas, lettuce, onions, leeks, roots. Direct-sow peas, beans, Asian greens. Garlic in April.

Autumn is prime season."
Broadbeach,QLD,warm,11a,coastal,June,"Winter mild. Frosts rare. Growth continues steadily.

Winter crops produce heavily. Brassicas, lettuce, spinach, peas, roots thrive.

Start spring seedlings by August."
Broadbeach,QLD,warm,11a,coastal,July,"Winter mild. Frosts rare. Growth continues steadily.

Winter crops produce heavily. Brassicas, lettuce, spinach, peas, roots thrive.

Start spring seedlings by August."
Broadbeach,QLD,warm,11a,coastal,August,"Winter mild. Frosts rare. Growth continues steadily.

Winter crops produce heavily. Brassicas, lettuce, spinach, peas, roots thrive.

Start spring seedlings by August."
Broadbeach,QLD,warm,11a,coastal,September,"Spring arrives gradually, moderated by coast. Growth accelerates steadily.

Plant tender crops: tomatoes, capsicums, beans. Sow lettuce, herbs, quick crops. Succession sow.

Spring is extended and rewarding."
Broadbeach,QLD,warm,11a,coastal,October,"Spring arrives gradually, moderated by coast. Growth accelerates steadily.

Plant tender crops: tomatoes, capsicums, beans. Sow lettuce, herbs, quick crops. Succession sow.

Spring is extended and rewarding."
Broadbeach,QLD,warm,11a,coastal,November,"Spring arrives gradually, moderated by coast. Growth accelerates steadily.

Plant tender crops: tomatoes, capsicums, beans. Sow lettuce, herbs, quick crops. Succession sow.

Spring is extended and rewarding."
Broadbeach,QLD,warm,11a,coastal,December,"Summer warm but coastal moderation helps. Regular growth with good water management.

Sow autumn crops in warm soil. Carrots, beets, brassicas, lettuce establish quickly.

Deep early morning watering prevents stress."
Bundaberg,QLD,warm,11b,subtropical_humid|coastal,January,"Summer warm but coastal moderation helps. Regular growth with good water management.

Sow autumn crops in warm soil. Carrots, beets, brassicas, lettuce establish quickly.

Deep early morning watering prevents stress."
Bundaberg,QLD,warm,11b,subtropical_humid|coastal,February,"Summer warm but coastal moderation helps. Regular growth with good water management.

Sow autumn crops in warm soil. Carrots, beets, brassicas, lettuce establish quickly.

Deep early morning watering prevents stress."
Bundaberg,QLD,warm,11b,subtropical_humid|coastal,March,"Autumn mild and extended by coastal protection. Excellent for cool-weather crops.

Plant brassicas, lettuce, onions, leeks, roots. Direct-sow peas, beans, Asian greens. Garlic in April.

Autumn is prime season."
Bundaberg,QLD,warm,11b,subtropical_humid|coastal,April,"Autumn mild and extended by coastal protection. Excellent for cool-weather crops.

Plant brassicas, lettuce, onions, leeks, roots. Direct-sow peas, beans, Asian greens. Garlic in April.

Autumn is prime season."
Bundaberg,QLD,warm,11b,subtropical_humid|coastal,May,"Autumn mild and extended by coastal protection. Excellent for cool-weather crops.

Plant brassicas, lettuce, onions, leeks, roots. Direct-sow peas, beans, Asian greens. Garlic in April.

Autumn is prime season."
Bundaberg,QLD,warm,11b,subtropical_humid|coastal,June,"Winter mild. Frosts rare. Growth continues steadily.

Winter crops produce heavily. Brassicas, lettuce, spinach, peas, roots thrive.

Start spring seedlings by August."
Bundaberg,QLD,warm,11b,subtropical_humid|coastal,July,"Winter mild. Frosts rare. Growth continues steadily.

Winter crops produce heavily. Brassicas, lettuce, spinach, peas, roots thrive.

Start spring seedlings by August."
Bundaberg,QLD,warm,11b,subtropical_humid|coastal,August,"Winter mild. Frosts rare. Growth continues steadily.

Winter crops produce heavily. Brassicas, lettuce, spinach, peas, roots thrive.

Start spring seedlings by August."
Bundaberg,QLD,warm,11b,subtropical_humid|coastal,September,"Spring arrives gradually, moderated by coast. Growth accelerates steadily.

Plant tender crops: tomatoes, capsicums, beans. Sow lettuce, herbs, quick crops. Succession sow.

Spring is extended and rewarding."
Bundaberg,QLD,warm,11b,subtropical_humid|coastal,October,"Spring arrives gradually, moderated by coast. Growth accelerates steadily.

Plant tender crops: tomatoes, capsicums, beans. Sow lettuce, herbs, quick crops. Succession sow.

Spring is extended and rewarding."
Bundaberg,QLD,warm,11b,subtropical_humid|coastal,November,"Spring arrives gradually, moderated by coast. Growth accelerates steadily.

Plant tender crops: tomatoes, capsicums, beans. Sow lettuce, herbs, quick crops. Succession sow.

Spring is extended and rewarding."
Bundaberg,QLD,warm,11b,subtropical_humid|coastal,December,"Summer warm but coastal moderation helps. Regular growth with good water management.

Sow autumn crops in warm soil. Carrots, beets, brassicas, lettuce establish quickly.

Deep early morning watering prevents stress."
Caboolture,QLD,warm,11a,subtropical_humid,January,"Summer warm but coastal moderation helps. Regular growth with good water management.

Sow autumn crops in warm soil. Carrots, beets, brassicas, lettuce establish quickly.

Deep early morning watering prevents stress."
Caboolture,QLD,warm,11a,subtropical_humid,February,"Summer warm but coastal moderation helps. Regular growth with good water management.

Sow autumn crops in warm soil. Carrots, beets, brassicas, lettuce establish quickly.

Deep early morning watering prevents stress."
Caboolture,QLD,warm,11a,subtropical_humid,March,"Autumn mild and extended by coastal protection. Excellent for cool-weather crops.

Plant brassicas, lettuce, onions, leeks, roots. Direct-sow peas, beans, Asian greens. Garlic in April.

Autumn is prime season."
Caboolture,QLD,warm,11a,subtropical_humid,April,"Autumn mild and extended by coastal protection. Excellent for cool-weather crops.

Plant brassicas, lettuce, onions, leeks, roots. Direct-sow peas, beans, Asian greens. Garlic in April.

Autumn is prime season."
Caboolture,QLD,warm,11a,subtropical_humid,May,"Autumn mild and extended by coastal protection. Excellent for cool-weather crops.

Plant brassicas, lettuce, onions, leeks, roots. Direct-sow peas, beans, Asian greens. Garlic in April.

Autumn is prime season."
Caboolture,QLD,warm,11a,subtropical_humid,June,"Winter mild. Frosts rare. Growth continues steadily.

Winter crops produce heavily. Brassicas, lettuce, spinach, peas, roots thrive.

Start spring seedlings by August."
Caboolture,QLD,warm,11a,subtropical_humid,July,"Winter mild. Frosts rare. Growth continues steadily.

Winter crops produce heavily. Brassicas, lettuce, spinach, peas, roots thrive.

Start spring seedlings by August."
Caboolture,QLD,warm,11a,subtropical_humid,August,"Winter mild. Frosts rare. Growth continues steadily.

Winter crops produce heavily. Brassicas, lettuce, spinach, peas, roots thrive.

Start spring seedlings by August."
Caboolture,QLD,warm,11a,subtropical_humid,September,"Spring arrives gradually, moderated by coast. Growth accelerates steadily.

Plant tender crops: tomatoes, capsicums, beans. Sow lettuce, herbs, quick crops. Succession sow.

Spring is extended and rewarding."
Caboolture,QLD,warm,11a,subtropical_humid,October,"Spring arrives gradually, moderated by coast. Growth accelerates steadily.

Plant tender crops: tomatoes, capsicums, beans. Sow lettuce, herbs, quick crops. Succession sow.

Spring is extended and rewarding."
Caboolture,QLD,warm,11a,subtropical_humid,November,"Spring arrives gradually, moderated by coast. Growth accelerates steadily.

Plant tender crops: tomatoes, capsicums, beans. Sow lettuce, herbs, quick crops. Succession sow.

Spring is extended and rewarding."
Caboolture,QLD,warm,11a,subtropical_humid,December,"Summer warm but coastal moderation helps. Regular growth with good water management.

Sow autumn crops in warm soil. Carrots, beets, brassicas, lettuce establish quickly.

Deep early morning watering prevents stress."
Cairns,QLD,tropical,12b,coastal|tropical_wet_dry,January,"Wet season dominates. Humidity extreme, rain heavy, fungal disease intense.

Cool-season crops grow well. Lettuce, Asian greens, tomatoes, capsicums produce but need disease management.

Drainage critical. Succession plant rather than one heavy planting."
Cairns,QLD,tropical,12b,coastal|tropical_wet_dry,February,"Wet season dominates. Humidity extreme, rain heavy, fungal disease intense.

Cool-season crops grow well. Lettuce, Asian greens, tomatoes, capsicums produce but need disease management.

Drainage critical. Succession plant rather than one heavy planting."
Cairns,QLD,tropical,12b,coastal|tropical_wet_dry,March,"Wet season dominates. Humidity extreme, rain heavy, fungal disease intense.

Cool-season crops grow well. Lettuce, Asian greens, tomatoes, capsicums produce but need disease management.

Drainage critical. Succession plant rather than one heavy planting."
Cairns,QLD,tropical,12b,coastal|tropical_wet_dry,April,"Dry season is growing season. Consistent warmth and low humidity ideal.

Plant and sow everything: brassicas, lettuce, roots, tomatoes, capsicums, beans, squash.

Water essential—no dry-season rain. Dry season is productive heart."
Cairns,QLD,tropical,12b,coastal|tropical_wet_dry,May,"Dry season is growing season. Consistent warmth and low humidity ideal.

Plant and sow everything: brassicas, lettuce, roots, tomatoes, capsicums, beans, squash.

Water essential—no dry-season rain. Dry season is productive heart."
Cairns,QLD,tropical,12b,coastal|tropical_wet_dry,June,"Dry season is growing season. Consistent warmth and low humidity ideal.

Plant and sow everything: brassicas, lettuce, roots, tomatoes, capsicums, beans, squash.

Water essential—no dry-season rain. Dry season is productive heart."
Cairns,QLD,tropical,12b,coastal|tropical_wet_dry,July,"Dry season is growing season. Consistent warmth and low humidity ideal.

Plant and sow everything: brassicas, lettuce, roots, tomatoes, capsicums, beans, squash.

Water essential—no dry-season rain. Dry season is productive heart."
Cairns,QLD,tropical,12b,coastal|tropical_wet_dry,August,"Dry season is growing season. Consistent warmth and low humidity ideal.

Plant and sow everything: brassicas, lettuce, roots, tomatoes, capsicums, beans, squash.

Water essential—no dry-season rain. Dry season is productive heart."
Cairns,QLD,tropical,12b,coastal|tropical_wet_dry,September,"Dry season is growing season. Consistent warmth and low humidity ideal.

Plant and sow everything: brassicas, lettuce, roots, tomatoes, capsicums, beans, squash.

Water essential—no dry-season rain. Dry season is productive heart."
Cairns,QLD,tropical,12b,coastal|tropical_wet_dry,October,"Dry season is growing season. Consistent warmth and low humidity ideal.

Plant and sow everything: brassicas, lettuce, roots, tomatoes, capsicums, beans, squash.

Water essential—no dry-season rain. Dry season is productive heart."
Cairns,QLD,tropical,12b,coastal|tropical_wet_dry,November,"Dry season is growing season. Consistent warmth and low humidity ideal.

Plant and sow everything: brassicas, lettuce, roots, tomatoes, capsicums, beans, squash.

Water essential—no dry-season rain. Dry season is productive heart."
Cairns,QLD,tropical,12b,coastal|tropical_wet_dry,December,"Wet season dominates. Humidity extreme, rain heavy, fungal disease intense.

Cool-season crops grow well. Lettuce, Asian greens, tomatoes, capsicums produce but need disease management.

Drainage critical. Succession plant rather than one heavy planting."
Caloundra,QLD,warm,11a,coastal,January,"Summer warm but coastal moderation helps. Regular growth with good water management.

Sow autumn crops in warm soil. Carrots, beets, brassicas, lettuce establish quickly.

Deep early morning watering prevents stress."
Caloundra,QLD,warm,11a,coastal,February,"Summer warm but coastal moderation helps. Regular growth with good water management.

Sow autumn crops in warm soil. Carrots, beets, brassicas, lettuce establish quickly.

Deep early morning watering prevents stress."
Caloundra,QLD,warm,11a,coastal,March,"Autumn mild and extended by coastal protection. Excellent for cool-weather crops.

Plant brassicas, lettuce, onions, leeks, roots. Direct-sow peas, beans, Asian greens. Garlic in April.

Autumn is prime season."
Caloundra,QLD,warm,11a,coastal,April,"Autumn mild and extended by coastal protection. Excellent for cool-weather crops.

Plant brassicas, lettuce, onions, leeks, roots. Direct-sow peas, beans, Asian greens. Garlic in April.

Autumn is prime season."
Caloundra,QLD,warm,11a,coastal,May,"Autumn mild and extended by coastal protection. Excellent for cool-weather crops.

Plant brassicas, lettuce, onions, leeks, roots. Direct-sow peas, beans, Asian greens. Garlic in April.

Autumn is prime season."
Caloundra,QLD,warm,11a,coastal,June,"Winter mild. Frosts rare. Growth continues steadily.

Winter crops produce heavily. Brassicas, lettuce, spinach, peas, roots thrive.

Start spring seedlings by August."
Caloundra,QLD,warm,11a,coastal,July,"Winter mild. Frosts rare. Growth continues steadily.

Winter crops produce heavily. Brassicas, lettuce, spinach, peas, roots thrive.

Start spring seedlings by August."
Caloundra,QLD,warm,11a,coastal,August,"Winter mild. Frosts rare. Growth continues steadily.

Winter crops produce heavily. Brassicas, lettuce, spinach, peas, roots thrive.

Start spring seedlings by August."
Caloundra,QLD,warm,11a,coastal,September,"Spring arrives gradually, moderated by coast. Growth accelerates steadily.

Plant tender crops: tomatoes, capsicums, beans. Sow lettuce, herbs, quick crops. Succession sow.

Spring is extended and rewarding."
Caloundra,QLD,warm,11a,coastal,October,"Spring arrives gradually, moderated by coast. Growth accelerates steadily.

Plant tender crops: tomatoes, capsicums, beans. Sow lettuce, herbs, quick crops. Succession sow.

Spring is extended and rewarding."
Caloundra,QLD,warm,11a,coastal,November,"Spring arrives gradually, moderated by coast. Growth accelerates steadily.

Plant tender crops: tomatoes, capsicums, beans. Sow lettuce, herbs, quick crops. Succession sow.

Spring is extended and rewarding."
Caloundra,QLD,warm,11a,coastal,December,"Summer warm but coastal moderation helps. Regular growth with good water management.

Sow autumn crops in warm soil. Carrots, beets, brassicas, lettuce establish quickly.

Deep early morning watering prevents stress."
Carindale,QLD,warm,11a,coastal|subtropical_humid,January,"Summer warm but coastal moderation helps. Regular growth with good water management.

Sow autumn crops in warm soil. Carrots, beets, brassicas, lettuce establish quickly.

Deep early morning watering prevents stress."
Carindale,QLD,warm,11a,coastal|subtropical_humid,February,"Summer warm but coastal moderation helps. Regular growth with good water management.

Sow autumn crops in warm soil. Carrots, beets, brassicas, lettuce establish quickly.

Deep early morning watering prevents stress."
Carindale,QLD,warm,11a,coastal|subtropical_humid,March,"Autumn mild and extended by coastal protection. Excellent for cool-weather crops.

Plant brassicas, lettuce, onions, leeks, roots. Direct-sow peas, beans, Asian greens. Garlic in April.

Autumn is prime season."
Carindale,QLD,warm,11a,coastal|subtropical_humid,April,"Autumn mild and extended by coastal protection. Excellent for cool-weather crops.

Plant brassicas, lettuce, onions, leeks, roots. Direct-sow peas, beans, Asian greens. Garlic in April.

Autumn is prime season."
Carindale,QLD,warm,11a,coastal|subtropical_humid,May,"Autumn mild and extended by coastal protection. Excellent for cool-weather crops.

Plant brassicas, lettuce, onions, leeks, roots. Direct-sow peas, beans, Asian greens. Garlic in April.

Autumn is prime season."
Carindale,QLD,warm,11a,coastal|subtropical_humid,June,"Winter mild. Frosts rare. Growth continues steadily.

Winter crops produce heavily. Brassicas, lettuce, spinach, peas, roots thrive.

Start spring seedlings by August."
Carindale,QLD,warm,11a,coastal|subtropical_humid,July,"Winter mild. Frosts rare. Growth continues steadily.

Winter crops produce heavily. Brassicas, lettuce, spinach, peas, roots thrive.

Start spring seedlings by August."
Carindale,QLD,warm,11a,coastal|subtropical_humid,August,"Winter mild. Frosts rare. Growth continues steadily.

Winter crops produce heavily. Brassicas, lettuce, spinach, peas, roots thrive.

Start spring seedlings by August."
Carindale,QLD,warm,11a,coastal|subtropical_humid,September,"Spring arrives gradually, moderated by coast. Growth accelerates steadily.

Plant tender crops: tomatoes, capsicums, beans. Sow lettuce, herbs, quick crops. Succession sow.

Spring is extended and rewarding."
Carindale,QLD,warm,11a,coastal|subtropical_humid,October,"Spring arrives gradually, moderated by coast. Growth accelerates steadily.

Plant tender crops: tomatoes, capsicums, beans. Sow lettuce, herbs, quick crops. Succession sow.

Spring is extended and rewarding."
Carindale,QLD,warm,11a,coastal|subtropical_humid,November,"Spring arrives gradually, moderated by coast. Growth accelerates steadily.

Plant tender crops: tomatoes, capsicums, beans. Sow lettuce, herbs, quick crops. Succession sow.

Spring is extended and rewarding."
Carindale,QLD,warm,11a,coastal|subtropical_humid,December,"Summer warm but coastal moderation helps. Regular growth with good water management.

Sow autumn crops in warm soil. Carrots, beets, brassicas, lettuce establish quickly.

Deep early morning watering prevents stress."
Charleville,QLD,warm,11a,subtropical_humid,January,"Summer warm but coastal moderation helps. Regular growth with good water management.

Sow autumn crops in warm soil. Carrots, beets, brassicas, lettuce establish quickly.

Deep early morning watering prevents stress."
Charleville,QLD,warm,11a,subtropical_humid,February,"Summer warm but coastal moderation helps. Regular growth with good water management.

Sow autumn crops in warm soil. Carrots, beets, brassicas, lettuce establish quickly.

Deep early morning watering prevents stress."
Charleville,QLD,warm,11a,subtropical_humid,March,"Autumn mild and extended by coastal protection. Excellent for cool-weather crops.

Plant brassicas, lettuce, onions, leeks, roots. Direct-sow peas, beans, Asian greens. Garlic in April.

Autumn is prime season."
Charleville,QLD,warm,11a,subtropical_humid,April,"Autumn mild and extended by coastal protection. Excellent for cool-weather crops.

Plant brassicas, lettuce, onions, leeks, roots. Direct-sow peas, beans, Asian greens. Garlic in April.

Autumn is prime season."
Charleville,QLD,warm,11a,subtropical_humid,May,"Autumn mild and extended by coastal protection. Excellent for cool-weather crops.

Plant brassicas, lettuce, onions, leeks, roots. Direct-sow peas, beans, Asian greens. Garlic in April.

Autumn is prime season."
Charleville,QLD,warm,11a,subtropical_humid,June,"Winter mild. Frosts rare. Growth continues steadily.

Winter crops produce heavily. Brassicas, lettuce, spinach, peas, roots thrive.

Start spring seedlings by August."
Charleville,QLD,warm,11a,subtropical_humid,July,"Winter mild. Frosts rare. Growth continues steadily.

Winter crops produce heavily. Brassicas, lettuce, spinach, peas, roots thrive.

Start spring seedlings by August."
Charleville,QLD,warm,11a,subtropical_humid,August,"Winter mild. Frosts rare. Growth continues steadily.

Winter crops produce heavily. Brassicas, lettuce, spinach, peas, roots thrive.

Start spring seedlings by August."
Charleville,QLD,warm,11a,subtropical_humid,September,"Spring arrives gradually, moderated by coast. Growth accelerates steadily.

Plant tender crops: tomatoes, capsicums, beans. Sow lettuce, herbs, quick crops. Succession sow.

Spring is extended and rewarding."
Charleville,QLD,warm,11a,subtropical_humid,October,"Spring arrives gradually, moderated by coast. Growth accelerates steadily.

Plant tender crops: tomatoes, capsicums, beans. Sow lettuce, herbs, quick crops. Succession sow.

Spring is extended and rewarding."
Charleville,QLD,warm,11a,subtropical_humid,November,"Spring arrives gradually, moderated by coast. Growth accelerates steadily.

Plant tender crops: tomatoes, capsicums, beans. Sow lettuce, herbs, quick crops. Succession sow.

Spring is extended and rewarding."
Charleville,QLD,warm,11a,subtropical_humid,December,"Summer warm but coastal moderation helps. Regular growth with good water management.

Sow autumn crops in warm soil. Carrots, beets, brassicas, lettuce establish quickly.

Deep early morning watering prevents stress."
Chermside,QLD,warm,11a,coastal|subtropical_humid,January,"Summer warm but coastal moderation helps. Regular growth with good water management.

Sow autumn crops in warm soil. Carrots, beets, brassicas, lettuce establish quickly.

Deep early morning watering prevents stress."
Chermside,QLD,warm,11a,coastal|subtropical_humid,February,"Summer warm but coastal moderation helps. Regular growth with good water management.

Sow autumn crops in warm soil. Carrots, beets, brassicas, lettuce establish quickly.

Deep early morning watering prevents stress."
Chermside,QLD,warm,11a,coastal|subtropical_humid,March,"Autumn mild and extended by coastal protection. Excellent for cool-weather crops.

Plant brassicas, lettuce, onions, leeks, roots. Direct-sow peas, beans, Asian greens. Garlic in April.

Autumn is prime season."
Chermside,QLD,warm,11a,coastal|subtropical_humid,April,"Autumn mild and extended by coastal protection. Excellent for cool-weather crops.

Plant brassicas, lettuce, onions, leeks, roots. Direct-sow peas, beans, Asian greens. Garlic in April.

Autumn is prime season."
Chermside,QLD,warm,11a,coastal|subtropical_humid,May,"Autumn mild and extended by coastal protection. Excellent for cool-weather crops.

Plant brassicas, lettuce, onions, leeks, roots. Direct-sow peas, beans, Asian greens. Garlic in April.

Autumn is prime season."
Chermside,QLD,warm,11a,coastal|subtropical_humid,June,"Winter mild. Frosts rare. Growth continues steadily.

Winter crops produce heavily. Brassicas, lettuce, spinach, peas, roots thrive.

Start spring seedlings by August."
Chermside,QLD,warm,11a,coastal|subtropical_humid,July,"Winter mild. Frosts rare. Growth continues steadily.

Winter crops produce heavily. Brassicas, lettuce, spinach, peas, roots thrive.

Start spring seedlings by August."
Chermside,QLD,warm,11a,coastal|subtropical_humid,August,"Winter mild. Frosts rare. Growth continues steadily.

Winter crops produce heavily. Brassicas, lettuce, spinach, peas, roots thrive.

Start spring seedlings by August."
Chermside,QLD,warm,11a,coastal|subtropical_humid,September,"Spring arrives gradually, moderated by coast. Growth accelerates steadily.

Plant tender crops: tomatoes, capsicums, beans. Sow lettuce, herbs, quick crops. Succession sow.

Spring is extended and rewarding."
Chermside,QLD,warm,11a,coastal|subtropical_humid,October,"Spring arrives gradually, moderated by coast. Growth accelerates steadily.

Plant tender crops: tomatoes, capsicums, beans. Sow lettuce, herbs, quick crops. Succession sow.

Spring is extended and rewarding."
Chermside,QLD,warm,11a,coastal|subtropical_humid,November,"Spring arrives gradually, moderated by coast. Growth accelerates steadily.

Plant tender crops: tomatoes, capsicums, beans. Sow lettuce, herbs, quick crops. Succession sow.

Spring is extended and rewarding."
Chermside,QLD,warm,11a,coastal|subtropical_humid,December,"Summer warm but coastal moderation helps. Regular growth with good water management.

Sow autumn crops in warm soil. Carrots, beets, brassicas, lettuce establish quickly.

Deep early morning watering prevents stress."
Dalby,QLD,temperate,10b,inland,January,"Summer production solid. Tomatoes, beans, cucumbers, zucchini, pumpkins grow well with consistent water. Pick regularly.

Sow autumn crops in warm soil: carrots, beets, brassicas, lettuce establish quickly.

Water deeply morning. Mulch moderates temperature."
Dalby,QLD,temperate,10b,inland,February,"Summer production solid. Tomatoes, beans, cucumbers, zucchini, pumpkins grow well with consistent water. Pick regularly.

Sow autumn crops in warm soil: carrots, beets, brassicas, lettuce establish quickly.

Water deeply morning. Mulch moderates temperature."
Dalby,QLD,temperate,10b,inland,March,"Autumn established. Prime time for cool-season crops: brassicas, lettuce, roots, peas, beans.

Plant seedlings and direct-sow freely. Garlic in April. Everything grows steadily as temperatures cool.

Clear summer crops. Empty beds should be mulched."
Dalby,QLD,temperate,10b,inland,April,"Autumn established. Prime time for cool-season crops: brassicas, lettuce, roots, peas, beans.

Plant seedlings and direct-sow freely. Garlic in April. Everything grows steadily as temperatures cool.

Clear summer crops. Empty beds should be mulched."
Dalby,QLD,temperate,10b,inland,May,"Autumn established. Prime time for cool-season crops: brassicas, lettuce, roots, peas, beans.

Plant seedlings and direct-sow freely. Garlic in April. Everything grows steadily as temperatures cool.

Clear summer crops. Empty beds should be mulched."
Dalby,QLD,temperate,10b,inland,June,"Winter is cool to cold. Frosts vary by location.

Winter crops provide steady harvest. Kale, spinach, peas, beans, roots produce. Protect tender plantings.

Start spring seedlings indoors. Prepare beds."
Dalby,QLD,temperate,10b,inland,July,"Winter is cool to cold. Frosts vary by location.

Winter crops provide steady harvest. Kale, spinach, peas, beans, roots produce. Protect tender plantings.

Start spring seedlings indoors. Prepare beds."
Dalby,QLD,temperate,10b,inland,August,"Winter is cool to cold. Frosts vary by location.

Winter crops provide steady harvest. Kale, spinach, peas, beans, roots produce. Protect tender plantings.

Start spring seedlings indoors. Prepare beds."
Dalby,QLD,temperate,10b,inland,September,"Spring arrives progressively. Frost risk decreases but may linger into early October.

Plant tender crops after last frost. Sow: carrots, lettuce, roots, herbs. Succession sow.

Growth accelerates through spring."
Dalby,QLD,temperate,10b,inland,October,"Spring arrives progressively. Frost risk decreases but may linger into early October.

Plant tender crops after last frost. Sow: carrots, lettuce, roots, herbs. Succession sow.

Growth accelerates through spring."
Dalby,QLD,temperate,10b,inland,November,"Spring arrives progressively. Frost risk decreases but may linger into early October.

Plant tender crops after last frost. Sow: carrots, lettuce, roots, herbs. Succession sow.

Growth accelerates through spring."
Dalby,QLD,temperate,10b,inland,December,"Summer production solid. Tomatoes, beans, cucumbers, zucchini, pumpkins grow well with consistent water. Pick regularly.

Sow autumn crops in warm soil: carrots, beets, brassicas, lettuce establish quickly.

Water deeply morning. Mulch moderates temperature."
Emerald,QLD,warm,11b,subtropical_humid,January,"Summer warm but coastal moderation helps. Regular growth with good water management.

Sow autumn crops in warm soil. Carrots, beets, brassicas, lettuce establish quickly.

Deep early morning watering prevents stress."
Emerald,QLD,warm,11b,subtropical_humid,February,"Summer warm but coastal moderation helps. Regular growth with good water management.

Sow autumn crops in warm soil. Carrots, beets, brassicas, lettuce establish quickly.

Deep early morning watering prevents stress."
Emerald,QLD,warm,11b,subtropical_humid,March,"Autumn mild and extended by coastal protection. Excellent for cool-weather crops.

Plant brassicas, lettuce, onions, leeks, roots. Direct-sow peas, beans, Asian greens. Garlic in April.

Autumn is prime season."
Emerald,QLD,warm,11b,subtropical_humid,April,"Autumn mild and extended by coastal protection. Excellent for cool-weather crops.

Plant brassicas, lettuce, onions, leeks, roots. Direct-sow peas, beans, Asian greens. Garlic in April.

Autumn is prime season."
Emerald,QLD,warm,11b,subtropical_humid,May,"Autumn mild and extended by coastal protection. Excellent for cool-weather crops.

Plant brassicas, lettuce, onions, leeks, roots. Direct-sow peas, beans, Asian greens. Garlic in April.

Autumn is prime season."
Emerald,QLD,warm,11b,subtropical_humid,June,"Winter mild. Frosts rare. Growth continues steadily.

Winter crops produce heavily. Brassicas, lettuce, spinach, peas, roots thrive.

Start spring seedlings by August."
Emerald,QLD,warm,11b,subtropical_humid,July,"Winter mild. Frosts rare. Growth continues steadily.

Winter crops produce heavily. Brassicas, lettuce, spinach, peas, roots thrive.

Start spring seedlings by August."
Emerald,QLD,warm,11b,subtropical_humid,August,"Winter mild. Frosts rare. Growth continues steadily.

Winter crops produce heavily. Brassicas, lettuce, spinach, peas, roots thrive.

Start spring seedlings by August."
Emerald,QLD,warm,11b,subtropical_humid,September,"Spring arrives gradually, moderated by coast. Growth accelerates steadily.

Plant tender crops: tomatoes, capsicums, beans. Sow lettuce, herbs, quick crops. Succession sow.

Spring is extended and rewarding."
Emerald,QLD,warm,11b,subtropical_humid,October,"Spring arrives gradually, moderated by coast. Growth accelerates steadily.

Plant tender crops: tomatoes, capsicums, beans. Sow lettuce, herbs, quick crops. Succession sow.

Spring is extended and rewarding."
Emerald,QLD,warm,11b,subtropical_humid,November,"Spring arrives gradually, moderated by coast. Growth accelerates steadily.

Plant tender crops: tomatoes, capsicums, beans. Sow lettuce, herbs, quick crops. Succession sow.

Spring is extended and rewarding."
Emerald,QLD,warm,11b,subtropical_humid,December,"Summer warm but coastal moderation helps. Regular growth with good water management.

Sow autumn crops in warm soil. Carrots, beets, brassicas, lettuce establish quickly.

Deep early morning watering prevents stress."
Fortitude Valley,QLD,warm,11a,coastal|subtropical_humid,January,"Summer warm but coastal moderation helps. Regular growth with good water management.

Sow autumn crops in warm soil. Carrots, beets, brassicas, lettuce establish quickly.

Deep early morning watering prevents stress."
Fortitude Valley,QLD,warm,11a,coastal|subtropical_humid,February,"Summer warm but coastal moderation helps. Regular growth with good water management.

Sow autumn crops in warm soil. Carrots, beets, brassicas, lettuce establish quickly.

Deep early morning watering prevents stress."
Fortitude Valley,QLD,warm,11a,coastal|subtropical_humid,March,"Autumn mild and extended by coastal protection. Excellent for cool-weather crops.

Plant brassicas, lettuce, onions, leeks, roots. Direct-sow peas, beans, Asian greens. Garlic in April.

Autumn is prime season."
Fortitude Valley,QLD,warm,11a,coastal|subtropical_humid,April,"Autumn mild and extended by coastal protection. Excellent for cool-weather crops.

Plant brassicas, lettuce, onions, leeks, roots. Direct-sow peas, beans, Asian greens. Garlic in April.

Autumn is prime season."
Fortitude Valley,QLD,warm,11a,coastal|subtropical_humid,May,"Autumn mild and extended by coastal protection. Excellent for cool-weather crops.

Plant brassicas, lettuce, onions, leeks, roots. Direct-sow peas, beans, Asian greens. Garlic in April.

Autumn is prime season."
Fortitude Valley,QLD,warm,11a,coastal|subtropical_humid,June,"Winter mild. Frosts rare. Growth continues steadily.

Winter crops produce heavily. Brassicas, lettuce, spinach, peas, roots thrive.

Start spring seedlings by August."
Fortitude Valley,QLD,warm,11a,coastal|subtropical_humid,July,"Winter mild. Frosts rare. Growth continues steadily.

Winter crops produce heavily. Brassicas, lettuce, spinach, peas, roots thrive.

Start spring seedlings by August."
Fortitude Valley,QLD,warm,11a,coastal|subtropical_humid,August,"Winter mild. Frosts rare. Growth continues steadily.

Winter crops produce heavily. Brassicas, lettuce, spinach, peas, roots thrive.

Start spring seedlings by August."
Fortitude Valley,QLD,warm,11a,coastal|subtropical_humid,September,"Spring arrives gradually, moderated by coast. Growth accelerates steadily.

Plant tender crops: tomatoes, capsicums, beans. Sow lettuce, herbs, quick crops. Succession sow.

Spring is extended and rewarding."
Fortitude Valley,QLD,warm,11a,coastal|subtropical_humid,October,"Spring arrives gradually, moderated by coast. Growth accelerates steadily.

Plant tender crops: tomatoes, capsicums, beans. Sow lettuce, herbs, quick crops. Succession sow.

Spring is extended and rewarding."
Fortitude Valley,QLD,warm,11a,coastal|subtropical_humid,November,"Spring arrives gradually, moderated by coast. Growth accelerates steadily.

Plant tender crops: tomatoes, capsicums, beans. Sow lettuce, herbs, quick crops. Succession sow.

Spring is extended and rewarding."
Fortitude Valley,QLD,warm,11a,coastal|subtropical_humid,December,"Summer warm but coastal moderation helps. Regular growth with good water management.

Sow autumn crops in warm soil. Carrots, beets, brassicas, lettuce establish quickly.

Deep early morning watering prevents stress."
Gladstone,QLD,warm,11b,subtropical_humid,January,"Summer warm but coastal moderation helps. Regular growth with good water management.

Sow autumn crops in warm soil. Carrots, beets, brassicas, lettuce establish quickly.

Deep early morning watering prevents stress."
Gladstone,QLD,warm,11b,subtropical_humid,February,"Summer warm but coastal moderation helps. Regular growth with good water management.

Sow autumn crops in warm soil. Carrots, beets, brassicas, lettuce establish quickly.

Deep early morning watering prevents stress."
Gladstone,QLD,warm,11b,subtropical_humid,March,"Autumn mild and extended by coastal protection. Excellent for cool-weather crops.

Plant brassicas, lettuce, onions, leeks, roots. Direct-sow peas, beans, Asian greens. Garlic in April.

Autumn is prime season."
Gladstone,QLD,warm,11b,subtropical_humid,April,"Autumn mild and extended by coastal protection. Excellent for cool-weather crops.

Plant brassicas, lettuce, onions, leeks, roots. Direct-sow peas, beans, Asian greens. Garlic in April.

Autumn is prime season."
Gladstone,QLD,warm,11b,subtropical_humid,May,"Autumn mild and extended by coastal protection. Excellent for cool-weather crops.

Plant brassicas, lettuce, onions, leeks, roots. Direct-sow peas, beans, Asian greens. Garlic in April.

Autumn is prime season."
Gladstone,QLD,warm,11b,subtropical_humid,June,"Winter mild. Frosts rare. Growth continues steadily.

Winter crops produce heavily. Brassicas, lettuce, spinach, peas, roots thrive.

Start spring seedlings by August."
Gladstone,QLD,warm,11b,subtropical_humid,July,"Winter mild. Frosts rare. Growth continues steadily.

Winter crops produce heavily. Brassicas, lettuce, spinach, peas, roots thrive.

Start spring seedlings by August."
Gladstone,QLD,warm,11b,subtropical_humid,August,"Winter mild. Frosts rare. Growth continues steadily.

Winter crops produce heavily. Brassicas, lettuce, spinach, peas, roots thrive.

Start spring seedlings by August."
Gladstone,QLD,warm,11b,subtropical_humid,September,"Spring arrives gradually, moderated by coast. Growth accelerates steadily.

Plant tender crops: tomatoes, capsicums, beans. Sow lettuce, herbs, quick crops. Succession sow.

Spring is extended and rewarding."
Gladstone,QLD,warm,11b,subtropical_humid,October,"Spring arrives gradually, moderated by coast. Growth accelerates steadily.

Plant tender crops: tomatoes, capsicums, beans. Sow lettuce, herbs, quick crops. Succession sow.

Spring is extended and rewarding."
Gladstone,QLD,warm,11b,subtropical_humid,November,"Spring arrives gradually, moderated by coast. Growth accelerates steadily.

Plant tender crops: tomatoes, capsicums, beans. Sow lettuce, herbs, quick crops. Succession sow.

Spring is extended and rewarding."
Gladstone,QLD,warm,11b,subtropical_humid,December,"Summer warm but coastal moderation helps. Regular growth with good water management.

Sow autumn crops in warm soil. Carrots, beets, brassicas, lettuce establish quickly.

Deep early morning watering prevents stress."
Gold Coast,QLD,warm,11a,coastal|subtropical_humid,January,"Summer warm but coastal moderation helps. Regular growth with good water management.

Sow autumn crops in warm soil. Carrots, beets, brassicas, lettuce establish quickly.

Deep early morning watering prevents stress."
Gold Coast,QLD,warm,11a,coastal|subtropical_humid,February,"Summer warm but coastal moderation helps. Regular growth with good water management.

Sow autumn crops in warm soil. Carrots, beets, brassicas, lettuce establish quickly.

Deep early morning watering prevents stress."
Gold Coast,QLD,warm,11a,coastal|subtropical_humid,March,"Autumn mild and extended by coastal protection. Excellent for cool-weather crops.

Plant brassicas, lettuce, onions, leeks, roots. Direct-sow peas, beans, Asian greens. Garlic in April.

Autumn is prime season."
Gold Coast,QLD,warm,11a,coastal|subtropical_humid,April,"Autumn mild and extended by coastal protection. Excellent for cool-weather crops.

Plant brassicas, lettuce, onions, leeks, roots. Direct-sow peas, beans, Asian greens. Garlic in April.

Autumn is prime season."
Gold Coast,QLD,warm,11a,coastal|subtropical_humid,May,"Autumn mild and extended by coastal protection. Excellent for cool-weather crops.

Plant brassicas, lettuce, onions, leeks, roots. Direct-sow peas, beans, Asian greens. Garlic in April.

Autumn is prime season."
Gold Coast,QLD,warm,11a,coastal|subtropical_humid,June,"Winter mild. Frosts rare. Growth continues steadily.

Winter crops produce heavily. Brassicas, lettuce, spinach, peas, roots thrive.

Start spring seedlings by August."
Gold Coast,QLD,warm,11a,coastal|subtropical_humid,July,"Winter mild. Frosts rare. Growth continues steadily.

Winter crops produce heavily. Brassicas, lettuce, spinach, peas, roots thrive.

Start spring seedlings by August."
Gold Coast,QLD,warm,11a,coastal|subtropical_humid,August,"Winter mild. Frosts rare. Growth continues steadily.

Winter crops produce heavily. Brassicas, lettuce, spinach, peas, roots thrive.

Start spring seedlings by August."
Gold Coast,QLD,warm,11a,coastal|subtropical_humid,September,"Spring arrives gradually, moderated by coast. Growth accelerates steadily.

Plant tender crops: tomatoes, capsicums, beans. Sow lettuce, herbs, quick crops. Succession sow.

Spring is extended and rewarding."
Gold Coast,QLD,warm,11a,coastal|subtropical_humid,October,"Spring arrives gradually, moderated by coast. Growth accelerates steadily.

Plant tender crops: tomatoes, capsicums, beans. Sow lettuce, herbs, quick crops. Succession sow.

Spring is extended and rewarding."
Gold Coast,QLD,warm,11a,coastal|subtropical_humid,November,"Spring arrives gradually, moderated by coast. Growth accelerates steadily.

Plant tender crops: tomatoes, capsicums, beans. Sow lettuce, herbs, quick crops. Succession sow.

Spring is extended and rewarding."
Gold Coast,QLD,warm,11a,coastal|subtropical_humid,December,"Summer warm but coastal moderation helps. Regular growth with good water management.

Sow autumn crops in warm soil. Carrots, beets, brassicas, lettuce establish quickly.

Deep early morning watering prevents stress."
Gympie,QLD,warm,11a,subtropical_humid,January,"Summer warm but coastal moderation helps. Regular growth with good water management.

Sow autumn crops in warm soil. Carrots, beets, brassicas, lettuce establish quickly.

Deep early morning watering prevents stress."
Gympie,QLD,warm,11a,subtropical_humid,February,"Summer warm but coastal moderation helps. Regular growth with good water management.

Sow autumn crops in warm soil. Carrots, beets, brassicas, lettuce establish quickly.

Deep early morning watering prevents stress."
Gympie,QLD,warm,11a,subtropical_humid,March,"Autumn mild and extended by coastal protection. Excellent for cool-weather crops.

Plant brassicas, lettuce, onions, leeks, roots. Direct-sow peas, beans, Asian greens. Garlic in April.

Autumn is prime season."
Gympie,QLD,warm,11a,subtropical_humid,April,"Autumn mild and extended by coastal protection. Excellent for cool-weather crops.

Plant brassicas, lettuce, onions, leeks, roots. Direct-sow peas, beans, Asian greens. Garlic in April.

Autumn is prime season."
Gympie,QLD,warm,11a,subtropical_humid,May,"Autumn mild and extended by coastal protection. Excellent for cool-weather crops.

Plant brassicas, lettuce, onions, leeks, roots. Direct-sow peas, beans, Asian greens. Garlic in April.

Autumn is prime season."
Gympie,QLD,warm,11a,subtropical_humid,June,"Winter mild. Frosts rare. Growth continues steadily.

Winter crops produce heavily. Brassicas, lettuce, spinach, peas, roots thrive.

Start spring seedlings by August."
Gympie,QLD,warm,11a,subtropical_humid,July,"Winter mild. Frosts rare. Growth continues steadily.

Winter crops produce heavily. Brassicas, lettuce, spinach, peas, roots thrive.

Start spring seedlings by August."
Gympie,QLD,warm,11a,subtropical_humid,August,"Winter mild. Frosts rare. Growth continues steadily.

Winter crops produce heavily. Brassicas, lettuce, spinach, peas, roots thrive.

Start spring seedlings by August."
Gympie,QLD,warm,11a,subtropical_humid,September,"Spring arrives gradually, moderated by coast. Growth accelerates steadily.

Plant tender crops: tomatoes, capsicums, beans. Sow lettuce, herbs, quick crops. Succession sow.

Spring is extended and rewarding."
Gympie,QLD,warm,11a,subtropical_humid,October,"Spring arrives gradually, moderated by coast. Growth accelerates steadily.

Plant tender crops: tomatoes, capsicums, beans. Sow lettuce, herbs, quick crops. Succession sow.

Spring is extended and rewarding."
Gympie,QLD,warm,11a,subtropical_humid,November,"Spring arrives gradually, moderated by coast. Growth accelerates steadily.

Plant tender crops: tomatoes, capsicums, beans. Sow lettuce, herbs, quick crops. Succession sow.

Spring is extended and rewarding."
Gympie,QLD,warm,11a,subtropical_humid,December,"Summer warm but coastal moderation helps. Regular growth with good water management.

Sow autumn crops in warm soil. Carrots, beets, brassicas, lettuce establish quickly.

Deep early morning watering prevents stress."
Hervey Bay,QLD,warm,11a,coastal|subtropical_humid,January,"Summer warm but coastal moderation helps. Regular growth with good water management.

Sow autumn crops in warm soil. Carrots, beets, brassicas, lettuce establish quickly.

Deep early morning watering prevents stress."
Hervey Bay,QLD,warm,11a,coastal|subtropical_humid,February,"Summer warm but coastal moderation helps. Regular growth with good water management.

Sow autumn crops in warm soil. Carrots, beets, brassicas, lettuce establish quickly.

Deep early morning watering prevents stress."
Hervey Bay,QLD,warm,11a,coastal|subtropical_humid,March,"Autumn mild and extended by coastal protection. Excellent for cool-weather crops.

Plant brassicas, lettuce, onions, leeks, roots. Direct-sow peas, beans, Asian greens. Garlic in April.

Autumn is prime season."
Hervey Bay,QLD,warm,11a,coastal|subtropical_humid,April,"Autumn mild and extended by coastal protection. Excellent for cool-weather crops.

Plant brassicas, lettuce, onions, leeks, roots. Direct-sow peas, beans, Asian greens. Garlic in April.

Autumn is prime season."
Hervey Bay,QLD,warm,11a,coastal|subtropical_humid,May,"Autumn mild and extended by coastal protection. Excellent for cool-weather crops.

Plant brassicas, lettuce, onions, leeks, roots. Direct-sow peas, beans, Asian greens. Garlic in April.

Autumn is prime season."
Hervey Bay,QLD,warm,11a,coastal|subtropical_humid,June,"Winter mild. Frosts rare. Growth continues steadily.

Winter crops produce heavily. Brassicas, lettuce, spinach, peas, roots thrive.

Start spring seedlings by August."
Hervey Bay,QLD,warm,11a,coastal|subtropical_humid,July,"Winter mild. Frosts rare. Growth continues steadily.

Winter crops produce heavily. Brassicas, lettuce, spinach, peas, roots thrive.

Start spring seedlings by August."
Hervey Bay,QLD,warm,11a,coastal|subtropical_humid,August,"Winter mild. Frosts rare. Growth continues steadily.

Winter crops produce heavily. Brassicas, lettuce, spinach, peas, roots thrive.

Start spring seedlings by August."
Hervey Bay,QLD,warm,11a,coastal|subtropical_humid,September,"Spring arrives gradually, moderated by coast. Growth accelerates steadily.

Plant tender crops: tomatoes, capsicums, beans. Sow lettuce, herbs, quick crops. Succession sow.

Spring is extended and rewarding."
Hervey Bay,QLD,warm,11a,coastal|subtropical_humid,October,"Spring arrives gradually, moderated by coast. Growth accelerates steadily.

Plant tender crops: tomatoes, capsicums, beans. Sow lettuce, herbs, quick crops. Succession sow.

Spring is extended and rewarding."
Hervey Bay,QLD,warm,11a,coastal|subtropical_humid,November,"Spring arrives gradually, moderated by coast. Growth accelerates steadily.

Plant tender crops: tomatoes, capsicums, beans. Sow lettuce, herbs, quick crops. Succession sow.

Spring is extended and rewarding."
Hervey Bay,QLD,warm,11a,coastal|subtropical_humid,December,"Summer warm but coastal moderation helps. Regular growth with good water management.

Sow autumn crops in warm soil. Carrots, beets, brassicas, lettuce establish quickly.

Deep early morning watering prevents stress."
Indooroopilly,QLD,warm,11a,coastal|subtropical_humid,January,"Summer warm but coastal moderation helps. Regular growth with good water management.

Sow autumn crops in warm soil. Carrots, beets, brassicas, lettuce establish quickly.

Deep early morning watering prevents stress."
Indooroopilly,QLD,warm,11a,coastal|subtropical_humid,February,"Summer warm but coastal moderation helps. Regular growth with good water management.

Sow autumn crops in warm soil. Carrots, beets, brassicas, lettuce establish quickly.

Deep early morning watering prevents stress."
Indooroopilly,QLD,warm,11a,coastal|subtropical_humid,March,"Autumn mild and extended by coastal protection. Excellent for cool-weather crops.

Plant brassicas, lettuce, onions, leeks, roots. Direct-sow peas, beans, Asian greens. Garlic in April.

Autumn is prime season."
Indooroopilly,QLD,warm,11a,coastal|subtropical_humid,April,"Autumn mild and extended by coastal protection. Excellent for cool-weather crops.

Plant brassicas, lettuce, onions, leeks, roots. Direct-sow peas, beans, Asian greens. Garlic in April.

Autumn is prime season."
Indooroopilly,QLD,warm,11a,coastal|subtropical_humid,May,"Autumn mild and extended by coastal protection. Excellent for cool-weather crops.

Plant brassicas, lettuce, onions, leeks, roots. Direct-sow peas, beans, Asian greens. Garlic in April.

Autumn is prime season."
Indooroopilly,QLD,warm,11a,coastal|subtropical_humid,June,"Winter mild. Frosts rare. Growth continues steadily.

Winter crops produce heavily. Brassicas, lettuce, spinach, peas, roots thrive.

Start spring seedlings by August."
Indooroopilly,QLD,warm,11a,coastal|subtropical_humid,July,"Winter mild. Frosts rare. Growth continues steadily.

Winter crops produce heavily. Brassicas, lettuce, spinach, peas, roots thrive.

Start spring seedlings by August."
Indooroopilly,QLD,warm,11a,coastal|subtropical_humid,August,"Winter mild. Frosts rare. Growth continues steadily.

Winter crops produce heavily. Brassicas, lettuce, spinach, peas, roots thrive.

Start spring seedlings by August."
Indooroopilly,QLD,warm,11a,coastal|subtropical_humid,September,"Spring arrives gradually, moderated by coast. Growth accelerates steadily.

Plant tender crops: tomatoes, capsicums, beans. Sow lettuce, herbs, quick crops. Succession sow.

Spring is extended and rewarding."
Indooroopilly,QLD,warm,11a,coastal|subtropical_humid,October,"Spring arrives gradually, moderated by coast. Growth accelerates steadily.

Plant tender crops: tomatoes, capsicums, beans. Sow lettuce, herbs, quick crops. Succession sow.

Spring is extended and rewarding."
Indooroopilly,QLD,warm,11a,coastal|subtropical_humid,November,"Spring arrives gradually, moderated by coast. Growth accelerates steadily.

Plant tender crops: tomatoes, capsicums, beans. Sow lettuce, herbs, quick crops. Succession sow.

Spring is extended and rewarding."
Indooroopilly,QLD,warm,11a,coastal|subtropical_humid,December,"Summer warm but coastal moderation helps. Regular growth with good water management.

Sow autumn crops in warm soil. Carrots, beets, brassicas, lettuce establish quickly.

Deep early morning watering prevents stress."
Innisfail,QLD,tropical,12b,tropical_wet_dry,January,"Wet season dominates. Humidity extreme, rain heavy, fungal disease intense.

Cool-season crops grow well. Lettuce, Asian greens, tomatoes, capsicums produce but need disease management.

Drainage critical. Succession plant rather than one heavy planting."
Innisfail,QLD,tropical,12b,tropical_wet_dry,February,"Wet season dominates. Humidity extreme, rain heavy, fungal disease intense.

Cool-season crops grow well. Lettuce, Asian greens, tomatoes, capsicums produce but need disease management.

Drainage critical. Succession plant rather than one heavy planting."
Innisfail,QLD,tropical,12b,tropical_wet_dry,March,"Wet season dominates. Humidity extreme, rain heavy, fungal disease intense.

Cool-season crops grow well. Lettuce, Asian greens, tomatoes, capsicums produce but need disease management.

Drainage critical. Succession plant rather than one heavy planting."
Innisfail,QLD,tropical,12b,tropical_wet_dry,April,"Dry season is growing season. Consistent warmth and low humidity ideal.

Plant and sow everything: brassicas, lettuce, roots, tomatoes, capsicums, beans, squash.

Water essential—no dry-season rain. Dry season is productive heart."
Innisfail,QLD,tropical,12b,tropical_wet_dry,May,"Dry season is growing season. Consistent warmth and low humidity ideal.

Plant and sow everything: brassicas, lettuce, roots, tomatoes, capsicums, beans, squash.

Water essential—no dry-season rain. Dry season is productive heart."
Innisfail,QLD,tropical,12b,tropical_wet_dry,June,"Dry season is growing season. Consistent warmth and low humidity ideal.

Plant and sow everything: brassicas, lettuce, roots, tomatoes, capsicums, beans, squash.

Water essential—no dry-season rain. Dry season is productive heart."
Innisfail,QLD,tropical,12b,tropical_wet_dry,July,"Dry season is growing season. Consistent warmth and low humidity ideal.

Plant and sow everything: brassicas, lettuce, roots, tomatoes, capsicums, beans, squash.

Water essential—no dry-season rain. Dry season is productive heart."
Innisfail,QLD,tropical,12b,tropical_wet_dry,August,"Dry season is growing season. Consistent warmth and low humidity ideal.

Plant and sow everything: brassicas, lettuce, roots, tomatoes, capsicums, beans, squash.

Water essential—no dry-season rain. Dry season is productive heart."
Innisfail,QLD,tropical,12b,tropical_wet_dry,September,"Dry season is growing season. Consistent warmth and low humidity ideal.

Plant and sow everything: brassicas, lettuce, roots, tomatoes, capsicums, beans, squash.

Water essential—no dry-season rain. Dry season is productive heart."
Innisfail,QLD,tropical,12b,tropical_wet_dry,October,"Dry season is growing season. Consistent warmth and low humidity ideal.

Plant and sow everything: brassicas, lettuce, roots, tomatoes, capsicums, beans, squash.

Water essential—no dry-season rain. Dry season is productive heart."
Innisfail,QLD,tropical,12b,tropical_wet_dry,November,"Dry season is growing season. Consistent warmth and low humidity ideal.

Plant and sow everything: brassicas, lettuce, roots, tomatoes, capsicums, beans, squash.

Water essential—no dry-season rain. Dry season is productive heart."
Innisfail,QLD,tropical,12b,tropical_wet_dry,December,"Wet season dominates. Humidity extreme, rain heavy, fungal disease intense.

Cool-season crops grow well. Lettuce, Asian greens, tomatoes, capsicums produce but need disease management.

Drainage critical. Succession plant rather than one heavy planting."
Ipswich,QLD,temperate,10b,inland,January,"Summer production solid. Tomatoes, beans, cucumbers, zucchini, pumpkins grow well with consistent water. Pick regularly.

Sow autumn crops in warm soil: carrots, beets, brassicas, lettuce establish quickly.

Water deeply morning. Mulch moderates temperature."
Ipswich,QLD,temperate,10b,inland,February,"Summer production solid. Tomatoes, beans, cucumbers, zucchini, pumpkins grow well with consistent water. Pick regularly.

Sow autumn crops in warm soil: carrots, beets, brassicas, lettuce establish quickly.

Water deeply morning. Mulch moderates temperature."
Ipswich,QLD,temperate,10b,inland,March,"Autumn established. Prime time for cool-season crops: brassicas, lettuce, roots, peas, beans.

Plant seedlings and direct-sow freely. Garlic in April. Everything grows steadily as temperatures cool.

Clear summer crops. Empty beds should be mulched."
Ipswich,QLD,temperate,10b,inland,April,"Autumn established. Prime time for cool-season crops: brassicas, lettuce, roots, peas, beans.

Plant seedlings and direct-sow freely. Garlic in April. Everything grows steadily as temperatures cool.

Clear summer crops. Empty beds should be mulched."
Ipswich,QLD,temperate,10b,inland,May,"Autumn established. Prime time for cool-season crops: brassicas, lettuce, roots, peas, beans.

Plant seedlings and direct-sow freely. Garlic in April. Everything grows steadily as temperatures cool.

Clear summer crops. Empty beds should be mulched."
Ipswich,QLD,temperate,10b,inland,June,"Winter is cool to cold. Frosts vary by location.

Winter crops provide steady harvest. Kale, spinach, peas, beans, roots produce. Protect tender plantings.

Start spring seedlings indoors. Prepare beds."
Ipswich,QLD,temperate,10b,inland,July,"Winter is cool to cold. Frosts vary by location.

Winter crops provide steady harvest. Kale, spinach, peas, beans, roots produce. Protect tender plantings.

Start spring seedlings indoors. Prepare beds."
Ipswich,QLD,temperate,10b,inland,August,"Winter is cool to cold. Frosts vary by location.

Winter crops provide steady harvest. Kale, spinach, peas, beans, roots produce. Protect tender plantings.

Start spring seedlings indoors. Prepare beds."
Ipswich,QLD,temperate,10b,inland,September,"Spring arrives progressively. Frost risk decreases but may linger into early October.

Plant tender crops after last frost. Sow: carrots, lettuce, roots, herbs. Succession sow.

Growth accelerates through spring."
Ipswich,QLD,temperate,10b,inland,October,"Spring arrives progressively. Frost risk decreases but may linger into early October.

Plant tender crops after last frost. Sow: carrots, lettuce, roots, herbs. Succession sow.

Growth accelerates through spring."
Ipswich,QLD,temperate,10b,inland,November,"Spring arrives progressively. Frost risk decreases but may linger into early October.

Plant tender crops after last frost. Sow: carrots, lettuce, roots, herbs. Succession sow.

Growth accelerates through spring."
Ipswich,QLD,temperate,10b,inland,December,"Summer production solid. Tomatoes, beans, cucumbers, zucchini, pumpkins grow well with consistent water. Pick regularly.

Sow autumn crops in warm soil: carrots, beets, brassicas, lettuce establish quickly.

Water deeply morning. Mulch moderates temperature."
Kingaroy,QLD,temperate,10b,inland,January,"Summer production solid. Tomatoes, beans, cucumbers, zucchini, pumpkins grow well with consistent water. Pick regularly.

Sow autumn crops in warm soil: carrots, beets, brassicas, lettuce establish quickly.

Water deeply morning. Mulch moderates temperature."
Kingaroy,QLD,temperate,10b,inland,February,"Summer production solid. Tomatoes, beans, cucumbers, zucchini, pumpkins grow well with consistent water. Pick regularly.

Sow autumn crops in warm soil: carrots, beets, brassicas, lettuce establish quickly.

Water deeply morning. Mulch moderates temperature."
Kingaroy,QLD,temperate,10b,inland,March,"Autumn established. Prime time for cool-season crops: brassicas, lettuce, roots, peas, beans.

Plant seedlings and direct-sow freely. Garlic in April. Everything grows steadily as temperatures cool.

Clear summer crops. Empty beds should be mulched."
Kingaroy,QLD,temperate,10b,inland,April,"Autumn established. Prime time for cool-season crops: brassicas, lettuce, roots, peas, beans.

Plant seedlings and direct-sow freely. Garlic in April. Everything grows steadily as temperatures cool.

Clear summer crops. Empty beds should be mulched."
Kingaroy,QLD,temperate,10b,inland,May,"Autumn established. Prime time for cool-season crops: brassicas, lettuce, roots, peas, beans.

Plant seedlings and direct-sow freely. Garlic in April. Everything grows steadily as temperatures cool.

Clear summer crops. Empty beds should be mulched."
Kingaroy,QLD,temperate,10b,inland,June,"Winter is cool to cold. Frosts vary by location.

Winter crops provide steady harvest. Kale, spinach, peas, beans, roots produce. Protect tender plantings.

Start spring seedlings indoors. Prepare beds."
Kingaroy,QLD,temperate,10b,inland,July,"Winter is cool to cold. Frosts vary by location.

Winter crops provide steady harvest. Kale, spinach, peas, beans, roots produce. Protect tender plantings.

Start spring seedlings indoors. Prepare beds."
Kingaroy,QLD,temperate,10b,inland,August,"Winter is cool to cold. Frosts vary by location.

Winter crops provide steady harvest. Kale, spinach, peas, beans, roots produce. Protect tender plantings.

Start spring seedlings indoors. Prepare beds."
Kingaroy,QLD,temperate,10b,inland,September,"Spring arrives progressively. Frost risk decreases but may linger into early October.

Plant tender crops after last frost. Sow: carrots, lettuce, roots, herbs. Succession sow.

Growth accelerates through spring."
Kingaroy,QLD,temperate,10b,inland,October,"Spring arrives progressively. Frost risk decreases but may linger into early October.

Plant tender crops after last frost. Sow: carrots, lettuce, roots, herbs. Succession sow.

Growth accelerates through spring."
Kingaroy,QLD,temperate,10b,inland,November,"Spring arrives progressively. Frost risk decreases but may linger into early October.

Plant tender crops after last frost. Sow: carrots, lettuce, roots, herbs. Succession sow.

Growth accelerates through spring."
Kingaroy,QLD,temperate,10b,inland,December,"Summer production solid. Tomatoes, beans, cucumbers, zucchini, pumpkins grow well with consistent water. Pick regularly.

Sow autumn crops in warm soil: carrots, beets, brassicas, lettuce establish quickly.

Water deeply morning. Mulch moderates temperature."
Logan,QLD,warm,11a,subtropical_humid|inland,January,"Heat builds intensely. Days long and hot. Summer crops produce but need deep watering.

Sow autumn crops early. Carrots, beets, brassicas, lettuce thrive as heat fades. Get in early.

Afternoon shade helps. Mulch heavily. Water early morning."
Logan,QLD,warm,11a,subtropical_humid|inland,February,"Heat builds intensely. Days long and hot. Summer crops produce but need deep watering.

Sow autumn crops early. Carrots, beets, brassicas, lettuce thrive as heat fades. Get in early.

Afternoon shade helps. Mulch heavily. Water early morning."
Logan,QLD,warm,11a,subtropical_humid|inland,March,"Autumn arrives. Heat releases, autumn crops thrive.

Prime planting season. Brassicas, lettuce, roots, peas, beans establish strongly. Direct-sow freely.

Clear summer crops. Autumn is most productive season."
Logan,QLD,warm,11a,subtropical_humid|inland,April,"Autumn arrives. Heat releases, autumn crops thrive.

Prime planting season. Brassicas, lettuce, roots, peas, beans establish strongly. Direct-sow freely.

Clear summer crops. Autumn is most productive season."
Logan,QLD,warm,11a,subtropical_humid|inland,May,"Autumn arrives. Heat releases, autumn crops thrive.

Prime planting season. Brassicas, lettuce, roots, peas, beans establish strongly. Direct-sow freely.

Clear summer crops. Autumn is most productive season."
Logan,QLD,warm,11a,subtropical_humid|inland,June,"Winter is cool but rarely harsh. Frosts rare.

Winter crops grow steadily. Brassicas, lettuce, spinach, peas, beans, roots thrive. Peak harvest season.

Start spring seedlings by August. Winter often easiest and most productive."
Logan,QLD,warm,11a,subtropical_humid|inland,July,"Winter is cool but rarely harsh. Frosts rare.

Winter crops grow steadily. Brassicas, lettuce, spinach, peas, beans, roots thrive. Peak harvest season.

Start spring seedlings by August. Winter often easiest and most productive."
Logan,QLD,warm,11a,subtropical_humid|inland,August,"Winter is cool but rarely harsh. Frosts rare.

Winter crops grow steadily. Brassicas, lettuce, spinach, peas, beans, roots thrive. Peak harvest season.

Start spring seedlings by August. Winter often easiest and most productive."
Logan,QLD,warm,11a,subtropical_humid|inland,September,"Spring arrives and heat builds fast. Transition happens quickly.

Plant spring crops early: tomatoes, capsicums, beans, squash before serious heat.

Mulch heavily. Afternoon shade valuable. Spring is brief."
Logan,QLD,warm,11a,subtropical_humid|inland,October,"Spring arrives and heat builds fast. Transition happens quickly.

Plant spring crops early: tomatoes, capsicums, beans, squash before serious heat.

Mulch heavily. Afternoon shade valuable. Spring is brief."
Logan,QLD,warm,11a,subtropical_humid|inland,November,"Spring arrives and heat builds fast. Transition happens quickly.

Plant spring crops early: tomatoes, capsicums, beans, squash before serious heat.

Mulch heavily. Afternoon shade valuable. Spring is brief."
Logan,QLD,warm,11a,subtropical_humid|inland,December,"Heat builds intensely. Days long and hot. Summer crops produce but need deep watering.

Sow autumn crops early. Carrots, beets, brassicas, lettuce thrive as heat fades. Get in early.

Afternoon shade helps. Mulch heavily. Water early morning."
Longreach,QLD,warm,11b,subtropical_humid,January,"Summer warm but coastal moderation helps. Regular growth with good water management.

Sow autumn crops in warm soil. Carrots, beets, brassicas, lettuce establish quickly.

Deep early morning watering prevents stress."
Longreach,QLD,warm,11b,subtropical_humid,February,"Summer warm but coastal moderation helps. Regular growth with good water management.

Sow autumn crops in warm soil. Carrots, beets, brassicas, lettuce establish quickly.

Deep early morning watering prevents stress."
Longreach,QLD,warm,11b,subtropical_humid,March,"Autumn mild and extended by coastal protection. Excellent for cool-weather crops.

Plant brassicas, lettuce, onions, leeks, roots. Direct-sow peas, beans, Asian greens. Garlic in April.

Autumn is prime season."
Longreach,QLD,warm,11b,subtropical_humid,April,"Autumn mild and extended by coastal protection. Excellent for cool-weather crops.

Plant brassicas, lettuce, onions, leeks, roots. Direct-sow peas, beans, Asian greens. Garlic in April.

Autumn is prime season."
Longreach,QLD,warm,11b,subtropical_humid,May,"Autumn mild and extended by coastal protection. Excellent for cool-weather crops.

Plant brassicas, lettuce, onions, leeks, roots. Direct-sow peas, beans, Asian greens. Garlic in April.

Autumn is prime season."
Longreach,QLD,warm,11b,subtropical_humid,June,"Winter mild. Frosts rare. Growth continues steadily.

Winter crops produce heavily. Brassicas, lettuce, spinach, peas, roots thrive.

Start spring seedlings by August."
Longreach,QLD,warm,11b,subtropical_humid,July,"Winter mild. Frosts rare. Growth continues steadily.

Winter crops produce heavily. Brassicas, lettuce, spinach, peas, roots thrive.

Start spring seedlings by August."
Longreach,QLD,warm,11b,subtropical_humid,August,"Winter mild. Frosts rare. Growth continues steadily.

Winter crops produce heavily. Brassicas, lettuce, spinach, peas, roots thrive.

Start spring seedlings by August."
Longreach,QLD,warm,11b,subtropical_humid,September,"Spring arrives gradually, moderated by coast. Growth accelerates steadily.

Plant tender crops: tomatoes, capsicums, beans. Sow lettuce, herbs, quick crops. Succession sow.

Spring is extended and rewarding."
Longreach,QLD,warm,11b,subtropical_humid,October,"Spring arrives gradually, moderated by coast. Growth accelerates steadily.

Plant tender crops: tomatoes, capsicums, beans. Sow lettuce, herbs, quick crops. Succession sow.

Spring is extended and rewarding."
Longreach,QLD,warm,11b,subtropical_humid,November,"Spring arrives gradually, moderated by coast. Growth accelerates steadily.

Plant tender crops: tomatoes, capsicums, beans. Sow lettuce, herbs, quick crops. Succession sow.

Spring is extended and rewarding."
Longreach,QLD,warm,11b,subtropical_humid,December,"Summer warm but coastal moderation helps. Regular growth with good water management.

Sow autumn crops in warm soil. Carrots, beets, brassicas, lettuce establish quickly.

Deep early morning watering prevents stress."
Mackay,QLD,tropical,12a,coastal|tropical_wet_dry,January,"Wet season dominates. Humidity extreme, rain heavy, fungal disease intense.

Cool-season crops grow well. Lettuce, Asian greens, tomatoes, capsicums produce but need disease management.

Drainage critical. Succession plant rather than one heavy planting."
Mackay,QLD,tropical,12a,coastal|tropical_wet_dry,February,"Wet season dominates. Humidity extreme, rain heavy, fungal disease intense.

Cool-season crops grow well. Lettuce, Asian greens, tomatoes, capsicums produce but need disease management.

Drainage critical. Succession plant rather than one heavy planting."
Mackay,QLD,tropical,12a,coastal|tropical_wet_dry,March,"Wet season dominates. Humidity extreme, rain heavy, fungal disease intense.

Cool-season crops grow well. Lettuce, Asian greens, tomatoes, capsicums produce but need disease management.

Drainage critical. Succession plant rather than one heavy planting."
Mackay,QLD,tropical,12a,coastal|tropical_wet_dry,April,"Dry season is growing season. Consistent warmth and low humidity ideal.

Plant and sow everything: brassicas, lettuce, roots, tomatoes, capsicums, beans, squash.

Water essential—no dry-season rain. Dry season is productive heart."
Mackay,QLD,tropical,12a,coastal|tropical_wet_dry,May,"Dry season is growing season. Consistent warmth and low humidity ideal.

Plant and sow everything: brassicas, lettuce, roots, tomatoes, capsicums, beans, squash.

Water essential—no dry-season rain. Dry season is productive heart."
Mackay,QLD,tropical,12a,coastal|tropical_wet_dry,June,"Dry season is growing season. Consistent warmth and low humidity ideal.

Plant and sow everything: brassicas, lettuce, roots, tomatoes, capsicums, beans, squash.

Water essential—no dry-season rain. Dry season is productive heart."
Mackay,QLD,tropical,12a,coastal|tropical_wet_dry,July,"Dry season is growing season. Consistent warmth and low humidity ideal.

Plant and sow everything: brassicas, lettuce, roots, tomatoes, capsicums, beans, squash.

Water essential—no dry-season rain. Dry season is productive heart."
Mackay,QLD,tropical,12a,coastal|tropical_wet_dry,August,"Dry season is growing season. Consistent warmth and low humidity ideal.

Plant and sow everything: brassicas, lettuce, roots, tomatoes, capsicums, beans, squash.

Water essential—no dry-season rain. Dry season is productive heart."
Mackay,QLD,tropical,12a,coastal|tropical_wet_dry,September,"Dry season is growing season. Consistent warmth and low humidity ideal.

Plant and sow everything: brassicas, lettuce, roots, tomatoes, capsicums, beans, squash.

Water essential—no dry-season rain. Dry season is productive heart."
Mackay,QLD,tropical,12a,coastal|tropical_wet_dry,October,"Dry season is growing season. Consistent warmth and low humidity ideal.

Plant and sow everything: brassicas, lettuce, roots, tomatoes, capsicums, beans, squash.

Water essential—no dry-season rain. Dry season is productive heart."
Mackay,QLD,tropical,12a,coastal|tropical_wet_dry,November,"Dry season is growing season. Consistent warmth and low humidity ideal.

Plant and sow everything: brassicas, lettuce, roots, tomatoes, capsicums, beans, squash.

Water essential—no dry-season rain. Dry season is productive heart."
Mackay,QLD,tropical,12a,coastal|tropical_wet_dry,December,"Wet season dominates. Humidity extreme, rain heavy, fungal disease intense.

Cool-season crops grow well. Lettuce, Asian greens, tomatoes, capsicums produce but need disease management.

Drainage critical. Succession plant rather than one heavy planting."
Maroochydore,QLD,warm,11a,coastal,January,"Summer warm but coastal moderation helps. Regular growth with good water management.

Sow autumn crops in warm soil. Carrots, beets, brassicas, lettuce establish quickly.

Deep early morning watering prevents stress."
Maroochydore,QLD,warm,11a,coastal,February,"Summer warm but coastal moderation helps. Regular growth with good water management.

Sow autumn crops in warm soil. Carrots, beets, brassicas, lettuce establish quickly.

Deep early morning watering prevents stress."
Maroochydore,QLD,warm,11a,coastal,March,"Autumn mild and extended by coastal protection. Excellent for cool-weather crops.

Plant brassicas, lettuce, onions, leeks, roots. Direct-sow peas, beans, Asian greens. Garlic in April.

Autumn is prime season."
Maroochydore,QLD,warm,11a,coastal,April,"Autumn mild and extended by coastal protection. Excellent for cool-weather crops.

Plant brassicas, lettuce, onions, leeks, roots. Direct-sow peas, beans, Asian greens. Garlic in April.

Autumn is prime season."
Maroochydore,QLD,warm,11a,coastal,May,"Autumn mild and extended by coastal protection. Excellent for cool-weather crops.

Plant brassicas, lettuce, onions, leeks, roots. Direct-sow peas, beans, Asian greens. Garlic in April.

Autumn is prime season."
Maroochydore,QLD,warm,11a,coastal,June,"Winter mild. Frosts rare. Growth continues steadily.

Winter crops produce heavily. Brassicas, lettuce, spinach, peas, roots thrive.

Start spring seedlings by August."
Maroochydore,QLD,warm,11a,coastal,July,"Winter mild. Frosts rare. Growth continues steadily.

Winter crops produce heavily. Brassicas, lettuce, spinach, peas, roots thrive.

Start spring seedlings by August."
Maroochydore,QLD,warm,11a,coastal,August,"Winter mild. Frosts rare. Growth continues steadily.

Winter crops produce heavily. Brassicas, lettuce, spinach, peas, roots thrive.

Start spring seedlings by August."
Maroochydore,QLD,warm,11a,coastal,September,"Spring arrives gradually, moderated by coast. Growth accelerates steadily.

Plant tender crops: tomatoes, capsicums, beans. Sow lettuce, herbs, quick crops. Succession sow.

Spring is extended and rewarding."
Maroochydore,QLD,warm,11a,coastal,October,"Spring arrives gradually, moderated by coast. Growth accelerates steadily.

Plant tender crops: tomatoes, capsicums, beans. Sow lettuce, herbs, quick crops. Succession sow.

Spring is extended and rewarding."
Maroochydore,QLD,warm,11a,coastal,November,"Spring arrives gradually, moderated by coast. Growth accelerates steadily.

Plant tender crops: tomatoes, capsicums, beans. Sow lettuce, herbs, quick crops. Succession sow.

Spring is extended and rewarding."
Maroochydore,QLD,warm,11a,coastal,December,"Summer warm but coastal moderation helps. Regular growth with good water management.

Sow autumn crops in warm soil. Carrots, beets, brassicas, lettuce establish quickly.

Deep early morning watering prevents stress."
Maryborough,QLD,warm,11a,subtropical_humid,January,"Summer warm but coastal moderation helps. Regular growth with good water management.

Sow autumn crops in warm soil. Carrots, beets, brassicas, lettuce establish quickly.

Deep early morning watering prevents stress."
Maryborough,QLD,warm,11a,subtropical_humid,February,"Summer warm but coastal moderation helps. Regular growth with good water management.

Sow autumn crops in warm soil. Carrots, beets, brassicas, lettuce establish quickly.

Deep early morning watering prevents stress."
Maryborough,QLD,warm,11a,subtropical_humid,March,"Autumn mild and extended by coastal protection. Excellent for cool-weather crops.

Plant brassicas, lettuce, onions, leeks, roots. Direct-sow peas, beans, Asian greens. Garlic in April.

Autumn is prime season."
Maryborough,QLD,warm,11a,subtropical_humid,April,"Autumn mild and extended by coastal protection. Excellent for cool-weather crops.

Plant brassicas, lettuce, onions, leeks, roots. Direct-sow peas, beans, Asian greens. Garlic in April.

Autumn is prime season."
Maryborough,QLD,warm,11a,subtropical_humid,May,"Autumn mild and extended by coastal protection. Excellent for cool-weather crops.

Plant brassicas, lettuce, onions, leeks, roots. Direct-sow peas, beans, Asian greens. Garlic in April.

Autumn is prime season."
Maryborough,QLD,warm,11a,subtropical_humid,June,"Winter mild. Frosts rare. Growth continues steadily.

Winter crops produce heavily. Brassicas, lettuce, spinach, peas, roots thrive.

Start spring seedlings by August."
Maryborough,QLD,warm,11a,subtropical_humid,July,"Winter mild. Frosts rare. Growth continues steadily.

Winter crops produce heavily. Brassicas, lettuce, spinach, peas, roots thrive.

Start spring seedlings by August."
Maryborough,QLD,warm,11a,subtropical_humid,August,"Winter mild. Frosts rare. Growth continues steadily.

Winter crops produce heavily. Brassicas, lettuce, spinach, peas, roots thrive.

Start spring seedlings by August."
Maryborough,QLD,warm,11a,subtropical_humid,September,"Spring arrives gradually, moderated by coast. Growth accelerates steadily.

Plant tender crops: tomatoes, capsicums, beans. Sow lettuce, herbs, quick crops. Succession sow.

Spring is extended and rewarding."
Maryborough,QLD,warm,11a,subtropical_humid,October,"Spring arrives gradually, moderated by coast. Growth accelerates steadily.

Plant tender crops: tomatoes, capsicums, beans. Sow lettuce, herbs, quick crops. Succession sow.

Spring is extended and rewarding."
Maryborough,QLD,warm,11a,subtropical_humid,November,"Spring arrives gradually, moderated by coast. Growth accelerates steadily.

Plant tender crops: tomatoes, capsicums, beans. Sow lettuce, herbs, quick crops. Succession sow.

Spring is extended and rewarding."
Maryborough,QLD,warm,11a,subtropical_humid,December,"Summer warm but coastal moderation helps. Regular growth with good water management.

Sow autumn crops in warm soil. Carrots, beets, brassicas, lettuce establish quickly.

Deep early morning watering prevents stress."
Mount Isa,QLD,warm,11b,arid_inland,January,"Heat builds intensely. Days long and hot. Summer crops produce but need deep watering.

Sow autumn crops early. Carrots, beets, brassicas, lettuce thrive as heat fades. Get in early.

Afternoon shade helps. Mulch heavily. Water early morning."
Mount Isa,QLD,warm,11b,arid_inland,February,"Heat builds intensely. Days long and hot. Summer crops produce but need deep watering.

Sow autumn crops early. Carrots, beets, brassicas, lettuce thrive as heat fades. Get in early.

Afternoon shade helps. Mulch heavily. Water early morning."
Mount Isa,QLD,warm,11b,arid_inland,March,"Autumn arrives. Heat releases, autumn crops thrive.

Prime planting season. Brassicas, lettuce, roots, peas, beans establish strongly. Direct-sow freely.

Clear summer crops. Autumn is most productive season."
Mount Isa,QLD,warm,11b,arid_inland,April,"Autumn arrives. Heat releases, autumn crops thrive.

Prime planting season. Brassicas, lettuce, roots, peas, beans establish strongly. Direct-sow freely.

Clear summer crops. Autumn is most productive season."
Mount Isa,QLD,warm,11b,arid_inland,May,"Autumn arrives. Heat releases, autumn crops thrive.

Prime planting season. Brassicas, lettuce, roots, peas, beans establish strongly. Direct-sow freely.

Clear summer crops. Autumn is most productive season."
Mount Isa,QLD,warm,11b,arid_inland,June,"Winter is cool but rarely harsh. Frosts rare.

Winter crops grow steadily. Brassicas, lettuce, spinach, peas, beans, roots thrive. Peak harvest season.

Start spring seedlings by August. Winter often easiest and most productive."
Mount Isa,QLD,warm,11b,arid_inland,July,"Winter is cool but rarely harsh. Frosts rare.

Winter crops grow steadily. Brassicas, lettuce, spinach, peas, beans, roots thrive. Peak harvest season.

Start spring seedlings by August. Winter often easiest and most productive."
Mount Isa,QLD,warm,11b,arid_inland,August,"Winter is cool but rarely harsh. Frosts rare.

Winter crops grow steadily. Brassicas, lettuce, spinach, peas, beans, roots thrive. Peak harvest season.

Start spring seedlings by August. Winter often easiest and most productive."
Mount Isa,QLD,warm,11b,arid_inland,September,"Spring arrives and heat builds fast. Transition happens quickly.

Plant spring crops early: tomatoes, capsicums, beans, squash before serious heat.

Mulch heavily. Afternoon shade valuable. Spring is brief."
Mount Isa,QLD,warm,11b,arid_inland,October,"Spring arrives and heat builds fast. Transition happens quickly.

Plant spring crops early: tomatoes, capsicums, beans, squash before serious heat.

Mulch heavily. Afternoon shade valuable. Spring is brief."
Mount Isa,QLD,warm,11b,arid_inland,November,"Spring arrives and heat builds fast. Transition happens quickly.

Plant spring crops early: tomatoes, capsicums, beans, squash before serious heat.

Mulch heavily. Afternoon shade valuable. Spring is brief."
Mount Isa,QLD,warm,11b,arid_inland,December,"Heat builds intensely. Days long and hot. Summer crops produce but need deep watering.

Sow autumn crops early. Carrots, beets, brassicas, lettuce thrive as heat fades. Get in early.

Afternoon shade helps. Mulch heavily. Water early morning."
Nambour,QLD,warm,11a,subtropical_humid,January,"Summer warm but coastal moderation helps. Regular growth with good water management.

Sow autumn crops in warm soil. Carrots, beets, brassicas, lettuce establish quickly.

Deep early morning watering prevents stress."
Nambour,QLD,warm,11a,subtropical_humid,February,"Summer warm but coastal moderation helps. Regular growth with good water management.

Sow autumn crops in warm soil. Carrots, beets, brassicas, lettuce establish quickly.

Deep early morning watering prevents stress."
Nambour,QLD,warm,11a,subtropical_humid,March,"Autumn mild and extended by coastal protection. Excellent for cool-weather crops.

Plant brassicas, lettuce, onions, leeks, roots. Direct-sow peas, beans, Asian greens. Garlic in April.

Autumn is prime season."
Nambour,QLD,warm,11a,subtropical_humid,April,"Autumn mild and extended by coastal protection. Excellent for cool-weather crops.

Plant brassicas, lettuce, onions, leeks, roots. Direct-sow peas, beans, Asian greens. Garlic in April.

Autumn is prime season."
Nambour,QLD,warm,11a,subtropical_humid,May,"Autumn mild and extended by coastal protection. Excellent for cool-weather crops.

Plant brassicas, lettuce, onions, leeks, roots. Direct-sow peas, beans, Asian greens. Garlic in April.

Autumn is prime season."
Nambour,QLD,warm,11a,subtropical_humid,June,"Winter mild. Frosts rare. Growth continues steadily.

Winter crops produce heavily. Brassicas, lettuce, spinach, peas, roots thrive.

Start spring seedlings by August."
Nambour,QLD,warm,11a,subtropical_humid,July,"Winter mild. Frosts rare. Growth continues steadily.

Winter crops produce heavily. Brassicas, lettuce, spinach, peas, roots thrive.

Start spring seedlings by August."
Nambour,QLD,warm,11a,subtropical_humid,August,"Winter mild. Frosts rare. Growth continues steadily.

Winter crops produce heavily. Brassicas, lettuce, spinach, peas, roots thrive.

Start spring seedlings by August."
Nambour,QLD,warm,11a,subtropical_humid,September,"Spring arrives gradually, moderated by coast. Growth accelerates steadily.

Plant tender crops: tomatoes, capsicums, beans. Sow lettuce, herbs, quick crops. Succession sow.

Spring is extended and rewarding."
Nambour,QLD,warm,11a,subtropical_humid,October,"Spring arrives gradually, moderated by coast. Growth accelerates steadily.

Plant tender crops: tomatoes, capsicums, beans. Sow lettuce, herbs, quick crops. Succession sow.

Spring is extended and rewarding."
Nambour,QLD,warm,11a,subtropical_humid,November,"Spring arrives gradually, moderated by coast. Growth accelerates steadily.

Plant tender crops: tomatoes, capsicums, beans. Sow lettuce, herbs, quick crops. Succession sow.

Spring is extended and rewarding."
Nambour,QLD,warm,11a,subtropical_humid,December,"Summer warm but coastal moderation helps. Regular growth with good water management.

Sow autumn crops in warm soil. Carrots, beets, brassicas, lettuce establish quickly.

Deep early morning watering prevents stress."
New Farm,QLD,warm,11a,coastal|subtropical_humid,January,"Summer warm but coastal moderation helps. Regular growth with good water management.

Sow autumn crops in warm soil. Carrots, beets, brassicas, lettuce establish quickly.

Deep early morning watering prevents stress."
New Farm,QLD,warm,11a,coastal|subtropical_humid,February,"Summer warm but coastal moderation helps. Regular growth with good water management.

Sow autumn crops in warm soil. Carrots, beets, brassicas, lettuce establish quickly.

Deep early morning watering prevents stress."
New Farm,QLD,warm,11a,coastal|subtropical_humid,March,"Autumn mild and extended by coastal protection. Excellent for cool-weather crops.

Plant brassicas, lettuce, onions, leeks, roots. Direct-sow peas, beans, Asian greens. Garlic in April.

Autumn is prime season."
New Farm,QLD,warm,11a,coastal|subtropical_humid,April,"Autumn mild and extended by coastal protection. Excellent for cool-weather crops.

Plant brassicas, lettuce, onions, leeks, roots. Direct-sow peas, beans, Asian greens. Garlic in April.

Autumn is prime season."
New Farm,QLD,warm,11a,coastal|subtropical_humid,May,"Autumn mild and extended by coastal protection. Excellent for cool-weather crops.

Plant brassicas, lettuce, onions, leeks, roots. Direct-sow peas, beans, Asian greens. Garlic in April.

Autumn is prime season."
New Farm,QLD,warm,11a,coastal|subtropical_humid,June,"Winter mild. Frosts rare. Growth continues steadily.

Winter crops produce heavily. Brassicas, lettuce, spinach, peas, roots thrive.

Start spring seedlings by August."
New Farm,QLD,warm,11a,coastal|subtropical_humid,July,"Winter mild. Frosts rare. Growth continues steadily.

Winter crops produce heavily. Brassicas, lettuce, spinach, peas, roots thrive.

Start spring seedlings by August."
New Farm,QLD,warm,11a,coastal|subtropical_humid,August,"Winter mild. Frosts rare. Growth continues steadily.

Winter crops produce heavily. Brassicas, lettuce, spinach, peas, roots thrive.

Start spring seedlings by August."
New Farm,QLD,warm,11a,coastal|subtropical_humid,September,"Spring arrives gradually, moderated by coast. Growth accelerates steadily.

Plant tender crops: tomatoes, capsicums, beans. Sow lettuce, herbs, quick crops. Succession sow.

Spring is extended and rewarding."
New Farm,QLD,warm,11a,coastal|subtropical_humid,October,"Spring arrives gradually, moderated by coast. Growth accelerates steadily.

Plant tender crops: tomatoes, capsicums, beans. Sow lettuce, herbs, quick crops. Succession sow.

Spring is extended and rewarding."
New Farm,QLD,warm,11a,coastal|subtropical_humid,November,"Spring arrives gradually, moderated by coast. Growth accelerates steadily.

Plant tender crops: tomatoes, capsicums, beans. Sow lettuce, herbs, quick crops. Succession sow.

Spring is extended and rewarding."
New Farm,QLD,warm,11a,coastal|subtropical_humid,December,"Summer warm but coastal moderation helps. Regular growth with good water management.

Sow autumn crops in warm soil. Carrots, beets, brassicas, lettuce establish quickly.

Deep early morning watering prevents stress."
Noosa Heads,QLD,warm,11a,coastal,January,"Summer warm but coastal moderation helps. Regular growth with good water management.

Sow autumn crops in warm soil. Carrots, beets, brassicas, lettuce establish quickly.

Deep early morning watering prevents stress."
Noosa Heads,QLD,warm,11a,coastal,February,"Summer warm but coastal moderation helps. Regular growth with good water management.

Sow autumn crops in warm soil. Carrots, beets, brassicas, lettuce establish quickly.

Deep early morning watering prevents stress."
Noosa Heads,QLD,warm,11a,coastal,March,"Autumn mild and extended by coastal protection. Excellent for cool-weather crops.

Plant brassicas, lettuce, onions, leeks, roots. Direct-sow peas, beans, Asian greens. Garlic in April.

Autumn is prime season."
Noosa Heads,QLD,warm,11a,coastal,April,"Autumn mild and extended by coastal protection. Excellent for cool-weather crops.

Plant brassicas, lettuce, onions, leeks, roots. Direct-sow peas, beans, Asian greens. Garlic in April.

Autumn is prime season."
Noosa Heads,QLD,warm,11a,coastal,May,"Autumn mild and extended by coastal protection. Excellent for cool-weather crops.

Plant brassicas, lettuce, onions, leeks, roots. Direct-sow peas, beans, Asian greens. Garlic in April.

Autumn is prime season."
Noosa Heads,QLD,warm,11a,coastal,June,"Winter mild. Frosts rare. Growth continues steadily.

Winter crops produce heavily. Brassicas, lettuce, spinach, peas, roots thrive.

Start spring seedlings by August."
Noosa Heads,QLD,warm,11a,coastal,July,"Winter mild. Frosts rare. Growth continues steadily.

Winter crops produce heavily. Brassicas, lettuce, spinach, peas, roots thrive.

Start spring seedlings by August."
Noosa Heads,QLD,warm,11a,coastal,August,"Winter mild. Frosts rare. Growth continues steadily.

Winter crops produce heavily. Brassicas, lettuce, spinach, peas, roots thrive.

Start spring seedlings by August."
Noosa Heads,QLD,warm,11a,coastal,September,"Spring arrives gradually, moderated by coast. Growth accelerates steadily.

Plant tender crops: tomatoes, capsicums, beans. Sow lettuce, herbs, quick crops. Succession sow.

Spring is extended and rewarding."
Noosa Heads,QLD,warm,11a,coastal,October,"Spring arrives gradually, moderated by coast. Growth accelerates steadily.

Plant tender crops: tomatoes, capsicums, beans. Sow lettuce, herbs, quick crops. Succession sow.

Spring is extended and rewarding."
Noosa Heads,QLD,warm,11a,coastal,November,"Spring arrives gradually, moderated by coast. Growth accelerates steadily.

Plant tender crops: tomatoes, capsicums, beans. Sow lettuce, herbs, quick crops. Succession sow.

Spring is extended and rewarding."
Noosa Heads,QLD,warm,11a,coastal,December,"Summer warm but coastal moderation helps. Regular growth with good water management.

Sow autumn crops in warm soil. Carrots, beets, brassicas, lettuce establish quickly.

Deep early morning watering prevents stress."
Port Douglas,QLD,tropical,12b,coastal,January,"Wet season dominates. Humidity extreme, rain heavy, fungal disease intense.

Cool-season crops grow well. Lettuce, Asian greens, tomatoes, capsicums produce but need disease management.

Drainage critical. Succession plant rather than one heavy planting."
Port Douglas,QLD,tropical,12b,coastal,February,"Wet season dominates. Humidity extreme, rain heavy, fungal disease intense.

Cool-season crops grow well. Lettuce, Asian greens, tomatoes, capsicums produce but need disease management.

Drainage critical. Succession plant rather than one heavy planting."
Port Douglas,QLD,tropical,12b,coastal,March,"Wet season dominates. Humidity extreme, rain heavy, fungal disease intense.

Cool-season crops grow well. Lettuce, Asian greens, tomatoes, capsicums produce but need disease management.

Drainage critical. Succession plant rather than one heavy planting."
Port Douglas,QLD,tropical,12b,coastal,April,"Dry season is growing season. Consistent warmth and low humidity ideal.

Plant and sow everything: brassicas, lettuce, roots, tomatoes, capsicums, beans, squash.

Water essential—no dry-season rain. Dry season is productive heart."
Port Douglas,QLD,tropical,12b,coastal,May,"Dry season is growing season. Consistent warmth and low humidity ideal.

Plant and sow everything: brassicas, lettuce, roots, tomatoes, capsicums, beans, squash.

Water essential—no dry-season rain. Dry season is productive heart."
Port Douglas,QLD,tropical,12b,coastal,June,"Dry season is growing season. Consistent warmth and low humidity ideal.

Plant and sow everything: brassicas, lettuce, roots, tomatoes, capsicums, beans, squash.

Water essential—no dry-season rain. Dry season is productive heart."
Port Douglas,QLD,tropical,12b,coastal,July,"Dry season is growing season. Consistent warmth and low humidity ideal.

Plant and sow everything: brassicas, lettuce, roots, tomatoes, capsicums, beans, squash.

Water essential—no dry-season rain. Dry season is productive heart."
Port Douglas,QLD,tropical,12b,coastal,August,"Dry season is growing season. Consistent warmth and low humidity ideal.

Plant and sow everything: brassicas, lettuce, roots, tomatoes, capsicums, beans, squash.

Water essential—no dry-season rain. Dry season is productive heart."
Port Douglas,QLD,tropical,12b,coastal,September,"Dry season is growing season. Consistent warmth and low humidity ideal.

Plant and sow everything: brassicas, lettuce, roots, tomatoes, capsicums, beans, squash.

Water essential—no dry-season rain. Dry season is productive heart."
Port Douglas,QLD,tropical,12b,coastal,October,"Dry season is growing season. Consistent warmth and low humidity ideal.

Plant and sow everything: brassicas, lettuce, roots, tomatoes, capsicums, beans, squash.

Water essential—no dry-season rain. Dry season is productive heart."
Port Douglas,QLD,tropical,12b,coastal,November,"Dry season is growing season. Consistent warmth and low humidity ideal.

Plant and sow everything: brassicas, lettuce, roots, tomatoes, capsicums, beans, squash.

Water essential—no dry-season rain. Dry season is productive heart."
Port Douglas,QLD,tropical,12b,coastal,December,"Wet season dominates. Humidity extreme, rain heavy, fungal disease intense.

Cool-season crops grow well. Lettuce, Asian greens, tomatoes, capsicums produce but need disease management.

Drainage critical. Succession plant rather than one heavy planting."
Redcliffe,QLD,warm,11a,subtropical_humid,January,"Summer warm but coastal moderation helps. Regular growth with good water management.

Sow autumn crops in warm soil. Carrots, beets, brassicas, lettuce establish quickly.

Deep early morning watering prevents stress."
Redcliffe,QLD,warm,11a,subtropical_humid,February,"Summer warm but coastal moderation helps. Regular growth with good water management.

Sow autumn crops in warm soil. Carrots, beets, brassicas, lettuce establish quickly.

Deep early morning watering prevents stress."
Redcliffe,QLD,warm,11a,subtropical_humid,March,"Autumn mild and extended by coastal protection. Excellent for cool-weather crops.

Plant brassicas, lettuce, onions, leeks, roots. Direct-sow peas, beans, Asian greens. Garlic in April.

Autumn is prime season."
Redcliffe,QLD,warm,11a,subtropical_humid,April,"Autumn mild and extended by coastal protection. Excellent for cool-weather crops.

Plant brassicas, lettuce, onions, leeks, roots. Direct-sow peas, beans, Asian greens. Garlic in April.

Autumn is prime season."
Redcliffe,QLD,warm,11a,subtropical_humid,May,"Autumn mild and extended by coastal protection. Excellent for cool-weather crops.

Plant brassicas, lettuce, onions, leeks, roots. Direct-sow peas, beans, Asian greens. Garlic in April.

Autumn is prime season."
Redcliffe,QLD,warm,11a,subtropical_humid,June,"Winter mild. Frosts rare. Growth continues steadily.

Winter crops produce heavily. Brassicas, lettuce, spinach, peas, roots thrive.

Start spring seedlings by August."
Redcliffe,QLD,warm,11a,subtropical_humid,July,"Winter mild. Frosts rare. Growth continues steadily.

Winter crops produce heavily. Brassicas, lettuce, spinach, peas, roots thrive.

Start spring seedlings by August."
Redcliffe,QLD,warm,11a,subtropical_humid,August,"Winter mild. Frosts rare. Growth continues steadily.

Winter crops produce heavily. Brassicas, lettuce, spinach, peas, roots thrive.

Start spring seedlings by August."
Redcliffe,QLD,warm,11a,subtropical_humid,September,"Spring arrives gradually, moderated by coast. Growth accelerates steadily.

Plant tender crops: tomatoes, capsicums, beans. Sow lettuce, herbs, quick crops. Succession sow.

Spring is extended and rewarding."
Redcliffe,QLD,warm,11a,subtropical_humid,October,"Spring arrives gradually, moderated by coast. Growth accelerates steadily.

Plant tender crops: tomatoes, capsicums, beans. Sow lettuce, herbs, quick crops. Succession sow.

Spring is extended and rewarding."
Redcliffe,QLD,warm,11a,subtropical_humid,November,"Spring arrives gradually, moderated by coast. Growth accelerates steadily.

Plant tender crops: tomatoes, capsicums, beans. Sow lettuce, herbs, quick crops. Succession sow.

Spring is extended and rewarding."
Redcliffe,QLD,warm,11a,subtropical_humid,December,"Summer warm but coastal moderation helps. Regular growth with good water management.

Sow autumn crops in warm soil. Carrots, beets, brassicas, lettuce establish quickly.

Deep early morning watering prevents stress."
Rockhampton,QLD,warm,11b,coastal|subtropical_humid,January,"Summer warm but coastal moderation helps. Regular growth with good water management.

Sow autumn crops in warm soil. Carrots, beets, brassicas, lettuce establish quickly.

Deep early morning watering prevents stress."
Rockhampton,QLD,warm,11b,coastal|subtropical_humid,February,"Summer warm but coastal moderation helps. Regular growth with good water management.

Sow autumn crops in warm soil. Carrots, beets, brassicas, lettuce establish quickly.

Deep early morning watering prevents stress."
Rockhampton,QLD,warm,11b,coastal|subtropical_humid,March,"Autumn mild and extended by coastal protection. Excellent for cool-weather crops.

Plant brassicas, lettuce, onions, leeks, roots. Direct-sow peas, beans, Asian greens. Garlic in April.

Autumn is prime season."
Rockhampton,QLD,warm,11b,coastal|subtropical_humid,April,"Autumn mild and extended by coastal protection. Excellent for cool-weather crops.

Plant brassicas, lettuce, onions, leeks, roots. Direct-sow peas, beans, Asian greens. Garlic in April.

Autumn is prime season."
Rockhampton,QLD,warm,11b,coastal|subtropical_humid,May,"Autumn mild and extended by coastal protection. Excellent for cool-weather crops.

Plant brassicas, lettuce, onions, leeks, roots. Direct-sow peas, beans, Asian greens. Garlic in April.

Autumn is prime season."
Rockhampton,QLD,warm,11b,coastal|subtropical_humid,June,"Winter mild. Frosts rare. Growth continues steadily.

Winter crops produce heavily. Brassicas, lettuce, spinach, peas, roots thrive.

Start spring seedlings by August."
Rockhampton,QLD,warm,11b,coastal|subtropical_humid,July,"Winter mild. Frosts rare. Growth continues steadily.

Winter crops produce heavily. Brassicas, lettuce, spinach, peas, roots thrive.

Start spring seedlings by August."
Rockhampton,QLD,warm,11b,coastal|subtropical_humid,August,"Winter mild. Frosts rare. Growth continues steadily.

Winter crops produce heavily. Brassicas, lettuce, spinach, peas, roots thrive.

Start spring seedlings by August."
Rockhampton,QLD,warm,11b,coastal|subtropical_humid,September,"Spring arrives gradually, moderated by coast. Growth accelerates steadily.

Plant tender crops: tomatoes, capsicums, beans. Sow lettuce, herbs, quick crops. Succession sow.

Spring is extended and rewarding."
Rockhampton,QLD,warm,11b,coastal|subtropical_humid,October,"Spring arrives gradually, moderated by coast. Growth accelerates steadily.

Plant tender crops: tomatoes, capsicums, beans. Sow lettuce, herbs, quick crops. Succession sow.

Spring is extended and rewarding."
Rockhampton,QLD,warm,11b,coastal|subtropical_humid,November,"Spring arrives gradually, moderated by coast. Growth accelerates steadily.

Plant tender crops: tomatoes, capsicums, beans. Sow lettuce, herbs, quick crops. Succession sow.

Spring is extended and rewarding."
Rockhampton,QLD,warm,11b,coastal|subtropical_humid,December,"Summer warm but coastal moderation helps. Regular growth with good water management.

Sow autumn crops in warm soil. Carrots, beets, brassicas, lettuce establish quickly.

Deep early morning watering prevents stress."
Roma,QLD,warm,11a,subtropical_humid,January,"Summer warm but coastal moderation helps. Regular growth with good water management.

Sow autumn crops in warm soil. Carrots, beets, brassicas, lettuce establish quickly.

Deep early morning watering prevents stress."
Roma,QLD,warm,11a,subtropical_humid,February,"Summer warm but coastal moderation helps. Regular growth with good water management.

Sow autumn crops in warm soil. Carrots, beets, brassicas, lettuce establish quickly.

Deep early morning watering prevents stress."
Roma,QLD,warm,11a,subtropical_humid,March,"Autumn mild and extended by coastal protection. Excellent for cool-weather crops.

Plant brassicas, lettuce, onions, leeks, roots. Direct-sow peas, beans, Asian greens. Garlic in April.

Autumn is prime season."
Roma,QLD,warm,11a,subtropical_humid,April,"Autumn mild and extended by coastal protection. Excellent for cool-weather crops.

Plant brassicas, lettuce, onions, leeks, roots. Direct-sow peas, beans, Asian greens. Garlic in April.

Autumn is prime season."
Roma,QLD,warm,11a,subtropical_humid,May,"Autumn mild and extended by coastal protection. Excellent for cool-weather crops.

Plant brassicas, lettuce, onions, leeks, roots. Direct-sow peas, beans, Asian greens. Garlic in April.

Autumn is prime season."
Roma,QLD,warm,11a,subtropical_humid,June,"Winter mild. Frosts rare. Growth continues steadily.

Winter crops produce heavily. Brassicas, lettuce, spinach, peas, roots thrive.

Start spring seedlings by August."
Roma,QLD,warm,11a,subtropical_humid,July,"Winter mild. Frosts rare. Growth continues steadily.

Winter crops produce heavily. Brassicas, lettuce, spinach, peas, roots thrive.

Start spring seedlings by August."
Roma,QLD,warm,11a,subtropical_humid,August,"Winter mild. Frosts rare. Growth continues steadily.

Winter crops produce heavily. Brassicas, lettuce, spinach, peas, roots thrive.

Start spring seedlings by August."
Roma,QLD,warm,11a,subtropical_humid,September,"Spring arrives gradually, moderated by coast. Growth accelerates steadily.

Plant tender crops: tomatoes, capsicums, beans. Sow lettuce, herbs, quick crops. Succession sow.

Spring is extended and rewarding."
Roma,QLD,warm,11a,subtropical_humid,October,"Spring arrives gradually, moderated by coast. Growth accelerates steadily.

Plant tender crops: tomatoes, capsicums, beans. Sow lettuce, herbs, quick crops. Succession sow.

Spring is extended and rewarding."
Roma,QLD,warm,11a,subtropical_humid,November,"Spring arrives gradually, moderated by coast. Growth accelerates steadily.

Plant tender crops: tomatoes, capsicums, beans. Sow lettuce, herbs, quick crops. Succession sow.

Spring is extended and rewarding."
Roma,QLD,warm,11a,subtropical_humid,December,"Summer warm but coastal moderation helps. Regular growth with good water management.

Sow autumn crops in warm soil. Carrots, beets, brassicas, lettuce establish quickly.

Deep early morning watering prevents stress."
South Brisbane,QLD,warm,11a,coastal|subtropical_humid,January,"Summer warm but coastal moderation helps. Regular growth with good water management.

Sow autumn crops in warm soil. Carrots, beets, brassicas, lettuce establish quickly.

Deep early morning watering prevents stress."
South Brisbane,QLD,warm,11a,coastal|subtropical_humid,February,"Summer warm but coastal moderation helps. Regular growth with good water management.

Sow autumn crops in warm soil. Carrots, beets, brassicas, lettuce establish quickly.

Deep early morning watering prevents stress."
South Brisbane,QLD,warm,11a,coastal|subtropical_humid,March,"Autumn mild and extended by coastal protection. Excellent for cool-weather crops.

Plant brassicas, lettuce, onions, leeks, roots. Direct-sow peas, beans, Asian greens. Garlic in April.

Autumn is prime season."
South Brisbane,QLD,warm,11a,coastal|subtropical_humid,April,"Autumn mild and extended by coastal protection. Excellent for cool-weather crops.

Plant brassicas, lettuce, onions, leeks, roots. Direct-sow peas, beans, Asian greens. Garlic in April.

Autumn is prime season."
South Brisbane,QLD,warm,11a,coastal|subtropical_humid,May,"Autumn mild and extended by coastal protection. Excellent for cool-weather crops.

Plant brassicas, lettuce, onions, leeks, roots. Direct-sow peas, beans, Asian greens. Garlic in April.

Autumn is prime season."
South Brisbane,QLD,warm,11a,coastal|subtropical_humid,June,"Winter mild. Frosts rare. Growth continues steadily.

Winter crops produce heavily. Brassicas, lettuce, spinach, peas, roots thrive.

Start spring seedlings by August."
South Brisbane,QLD,warm,11a,coastal|subtropical_humid,July,"Winter mild. Frosts rare. Growth continues steadily.

Winter crops produce heavily. Brassicas, lettuce, spinach, peas, roots thrive.

Start spring seedlings by August."
South Brisbane,QLD,warm,11a,coastal|subtropical_humid,August,"Winter mild. Frosts rare. Growth continues steadily.

Winter crops produce heavily. Brassicas, lettuce, spinach, peas, roots thrive.

Start spring seedlings by August."
South Brisbane,QLD,warm,11a,coastal|subtropical_humid,September,"Spring arrives gradually, moderated by coast. Growth accelerates steadily.

Plant tender crops: tomatoes, capsicums, beans. Sow lettuce, herbs, quick crops. Succession sow.

Spring is extended and rewarding."
South Brisbane,QLD,warm,11a,coastal|subtropical_humid,October,"Spring arrives gradually, moderated by coast. Growth accelerates steadily.

Plant tender crops: tomatoes, capsicums, beans. Sow lettuce, herbs, quick crops. Succession sow.

Spring is extended and rewarding."
South Brisbane,QLD,warm,11a,coastal|subtropical_humid,November,"Spring arrives gradually, moderated by coast. Growth accelerates steadily.

Plant tender crops: tomatoes, capsicums, beans. Sow lettuce, herbs, quick crops. Succession sow.

Spring is extended and rewarding."
South Brisbane,QLD,warm,11a,coastal|subtropical_humid,December,"Summer warm but coastal moderation helps. Regular growth with good water management.

Sow autumn crops in warm soil. Carrots, beets, brassicas, lettuce establish quickly.

Deep early morning watering prevents stress."
Spring Hill,QLD,warm,11a,subtropical_humid|urban_heat,January,"Summer warm but coastal moderation helps. Regular growth with good water management.

Sow autumn crops in warm soil. Carrots, beets, brassicas, lettuce establish quickly.

Deep early morning watering prevents stress."
Spring Hill,QLD,warm,11a,subtropical_humid|urban_heat,February,"Summer warm but coastal moderation helps. Regular growth with good water management.

Sow autumn crops in warm soil. Carrots, beets, brassicas, lettuce establish quickly.

Deep early morning watering prevents stress."
Spring Hill,QLD,warm,11a,subtropical_humid|urban_heat,March,"Autumn mild and extended by coastal protection. Excellent for cool-weather crops.

Plant brassicas, lettuce, onions, leeks, roots. Direct-sow peas, beans, Asian greens. Garlic in April.

Autumn is prime season."
Spring Hill,QLD,warm,11a,subtropical_humid|urban_heat,April,"Autumn mild and extended by coastal protection. Excellent for cool-weather crops.

Plant brassicas, lettuce, onions, leeks, roots. Direct-sow peas, beans, Asian greens. Garlic in April.

Autumn is prime season."
Spring Hill,QLD,warm,11a,subtropical_humid|urban_heat,May,"Autumn mild and extended by coastal protection. Excellent for cool-weather crops.

Plant brassicas, lettuce, onions, leeks, roots. Direct-sow peas, beans, Asian greens. Garlic in April.

Autumn is prime season."
Spring Hill,QLD,warm,11a,subtropical_humid|urban_heat,June,"Winter mild. Frosts rare. Growth continues steadily.

Winter crops produce heavily. Brassicas, lettuce, spinach, peas, roots thrive.

Start spring seedlings by August."
Spring Hill,QLD,warm,11a,subtropical_humid|urban_heat,July,"Winter mild. Frosts rare. Growth continues steadily.

Winter crops produce heavily. Brassicas, lettuce, spinach, peas, roots thrive.

Start spring seedlings by August."
Spring Hill,QLD,warm,11a,subtropical_humid|urban_heat,August,"Winter mild. Frosts rare. Growth continues steadily.

Winter crops produce heavily. Brassicas, lettuce, spinach, peas, roots thrive.

Start spring seedlings by August."
Spring Hill,QLD,warm,11a,subtropical_humid|urban_heat,September,"Spring arrives gradually, moderated by coast. Growth accelerates steadily.

Plant tender crops: tomatoes, capsicums, beans. Sow lettuce, herbs, quick crops. Succession sow.

Spring is extended and rewarding."
Spring Hill,QLD,warm,11a,subtropical_humid|urban_heat,October,"Spring arrives gradually, moderated by coast. Growth accelerates steadily.

Plant tender crops: tomatoes, capsicums, beans. Sow lettuce, herbs, quick crops. Succession sow.

Spring is extended and rewarding."
Spring Hill,QLD,warm,11a,subtropical_humid|urban_heat,November,"Spring arrives gradually, moderated by coast. Growth accelerates steadily.

Plant tender crops: tomatoes, capsicums, beans. Sow lettuce, herbs, quick crops. Succession sow.

Spring is extended and rewarding."
Spring Hill,QLD,warm,11a,subtropical_humid|urban_heat,December,"Summer warm but coastal moderation helps. Regular growth with good water management.

Sow autumn crops in warm soil. Carrots, beets, brassicas, lettuce establish quickly.

Deep early morning watering prevents stress."
Sunshine Coast,QLD,warm,11a,subtropical_humid,January,"Summer warm but coastal moderation helps. Regular growth with good water management.

Sow autumn crops in warm soil. Carrots, beets, brassicas, lettuce establish quickly.

Deep early morning watering prevents stress."
Sunshine Coast,QLD,warm,11a,subtropical_humid,February,"Summer warm but coastal moderation helps. Regular growth with good water management.

Sow autumn crops in warm soil. Carrots, beets, brassicas, lettuce establish quickly.

Deep early morning watering prevents stress."
Sunshine Coast,QLD,warm,11a,subtropical_humid,March,"Autumn mild and extended by coastal protection. Excellent for cool-weather crops.

Plant brassicas, lettuce, onions, leeks, roots. Direct-sow peas, beans, Asian greens. Garlic in April.

Autumn is prime season."
Sunshine Coast,QLD,warm,11a,subtropical_humid,April,"Autumn mild and extended by coastal protection. Excellent for cool-weather crops.

Plant brassicas, lettuce, onions, leeks, roots. Direct-sow peas, beans, Asian greens. Garlic in April.

Autumn is prime season."
Sunshine Coast,QLD,warm,11a,subtropical_humid,May,"Autumn mild and extended by coastal protection. Excellent for cool-weather crops.

Plant brassicas, lettuce, onions, leeks, roots. Direct-sow peas, beans, Asian greens. Garlic in April.

Autumn is prime season."
Sunshine Coast,QLD,warm,11a,subtropical_humid,June,"Winter mild. Frosts rare. Growth continues steadily.

Winter crops produce heavily. Brassicas, lettuce, spinach, peas, roots thrive.

Start spring seedlings by August."
Sunshine Coast,QLD,warm,11a,subtropical_humid,July,"Winter mild. Frosts rare. Growth continues steadily.

Winter crops produce heavily. Brassicas, lettuce, spinach, peas, roots thrive.

Start spring seedlings by August."
Sunshine Coast,QLD,warm,11a,subtropical_humid,August,"Winter mild. Frosts rare. Growth continues steadily.

Winter crops produce heavily. Brassicas, lettuce, spinach, peas, roots thrive.

Start spring seedlings by August."
Sunshine Coast,QLD,warm,11a,subtropical_humid,September,"Spring arrives gradually, moderated by coast. Growth accelerates steadily.

Plant tender crops: tomatoes, capsicums, beans. Sow lettuce, herbs, quick crops. Succession sow.

Spring is extended and rewarding."
Sunshine Coast,QLD,warm,11a,subtropical_humid,October,"Spring arrives gradually, moderated by coast. Growth accelerates steadily.

Plant tender crops: tomatoes, capsicums, beans. Sow lettuce, herbs, quick crops. Succession sow.

Spring is extended and rewarding."
Sunshine Coast,QLD,warm,11a,subtropical_humid,November,"Spring arrives gradually, moderated by coast. Growth accelerates steadily.

Plant tender crops: tomatoes, capsicums, beans. Sow lettuce, herbs, quick crops. Succession sow.

Spring is extended and rewarding."
Sunshine Coast,QLD,warm,11a,subtropical_humid,December,"Summer warm but coastal moderation helps. Regular growth with good water management.

Sow autumn crops in warm soil. Carrots, beets, brassicas, lettuce establish quickly.

Deep early morning watering prevents stress."
Surfers Paradise,QLD,warm,11a,coastal,January,"Summer warm but coastal moderation helps. Regular growth with good water management.

Sow autumn crops in warm soil. Carrots, beets, brassicas, lettuce establish quickly.

Deep early morning watering prevents stress."
Surfers Paradise,QLD,warm,11a,coastal,February,"Summer warm but coastal moderation helps. Regular growth with good water management.

Sow autumn crops in warm soil. Carrots, beets, brassicas, lettuce establish quickly.

Deep early morning watering prevents stress."
Surfers Paradise,QLD,warm,11a,coastal,March,"Autumn mild and extended by coastal protection. Excellent for cool-weather crops.

Plant brassicas, lettuce, onions, leeks, roots. Direct-sow peas, beans, Asian greens. Garlic in April.

Autumn is prime season."
Surfers Paradise,QLD,warm,11a,coastal,April,"Autumn mild and extended by coastal protection. Excellent for cool-weather crops.

Plant brassicas, lettuce, onions, leeks, roots. Direct-sow peas, beans, Asian greens. Garlic in April.

Autumn is prime season."
Surfers Paradise,QLD,warm,11a,coastal,May,"Autumn mild and extended by coastal protection. Excellent for cool-weather crops.

Plant brassicas, lettuce, onions, leeks, roots. Direct-sow peas, beans, Asian greens. Garlic in April.

Autumn is prime season."
Surfers Paradise,QLD,warm,11a,coastal,June,"Winter mild. Frosts rare. Growth continues steadily.

Winter crops produce heavily. Brassicas, lettuce, spinach, peas, roots thrive.

Start spring seedlings by August."
Surfers Paradise,QLD,warm,11a,coastal,July,"Winter mild. Frosts rare. Growth continues steadily.

Winter crops produce heavily. Brassicas, lettuce, spinach, peas, roots thrive.

Start spring seedlings by August."
Surfers Paradise,QLD,warm,11a,coastal,August,"Winter mild. Frosts rare. Growth continues steadily.

Winter crops produce heavily. Brassicas, lettuce, spinach, peas, roots thrive.

Start spring seedlings by August."
Surfers Paradise,QLD,warm,11a,coastal,September,"Spring arrives gradually, moderated by coast. Growth accelerates steadily.

Plant tender crops: tomatoes, capsicums, beans. Sow lettuce, herbs, quick crops. Succession sow.

Spring is extended and rewarding."
Surfers Paradise,QLD,warm,11a,coastal,October,"Spring arrives gradually, moderated by coast. Growth accelerates steadily.

Plant tender crops: tomatoes, capsicums, beans. Sow lettuce, herbs, quick crops. Succession sow.

Spring is extended and rewarding."
Surfers Paradise,QLD,warm,11a,coastal,November,"Spring arrives gradually, moderated by coast. Growth accelerates steadily.

Plant tender crops: tomatoes, capsicums, beans. Sow lettuce, herbs, quick crops. Succession sow.

Spring is extended and rewarding."
Surfers Paradise,QLD,warm,11a,coastal,December,"Summer warm but coastal moderation helps. Regular growth with good water management.

Sow autumn crops in warm soil. Carrots, beets, brassicas, lettuce establish quickly.

Deep early morning watering prevents stress."
Toowong,QLD,warm,11a,subtropical_humid,January,"Summer warm but coastal moderation helps. Regular growth with good water management.

Sow autumn crops in warm soil. Carrots, beets, brassicas, lettuce establish quickly.

Deep early morning watering prevents stress."
Toowong,QLD,warm,11a,subtropical_humid,February,"Summer warm but coastal moderation helps. Regular growth with good water management.

Sow autumn crops in warm soil. Carrots, beets, brassicas, lettuce establish quickly.

Deep early morning watering prevents stress."
Toowong,QLD,warm,11a,subtropical_humid,March,"Autumn mild and extended by coastal protection. Excellent for cool-weather crops.

Plant brassicas, lettuce, onions, leeks, roots. Direct-sow peas, beans, Asian greens. Garlic in April.

Autumn is prime season."
Toowong,QLD,warm,11a,subtropical_humid,April,"Autumn mild and extended by coastal protection. Excellent for cool-weather crops.

Plant brassicas, lettuce, onions, leeks, roots. Direct-sow peas, beans, Asian greens. Garlic in April.

Autumn is prime season."
Toowong,QLD,warm,11a,subtropical_humid,May,"Autumn mild and extended by coastal protection. Excellent for cool-weather crops.

Plant brassicas, lettuce, onions, leeks, roots. Direct-sow peas, beans, Asian greens. Garlic in April.

Autumn is prime season."
Toowong,QLD,warm,11a,subtropical_humid,June,"Winter mild. Frosts rare. Growth continues steadily.

Winter crops produce heavily. Brassicas, lettuce, spinach, peas, roots thrive.

Start spring seedlings by August."
Toowong,QLD,warm,11a,subtropical_humid,July,"Winter mild. Frosts rare. Growth continues steadily.

Winter crops produce heavily. Brassicas, lettuce, spinach, peas, roots thrive.

Start spring seedlings by August."
Toowong,QLD,warm,11a,subtropical_humid,August,"Winter mild. Frosts rare. Growth continues steadily.

Winter crops produce heavily. Brassicas, lettuce, spinach, peas, roots thrive.

Start spring seedlings by August."
Toowong,QLD,warm,11a,subtropical_humid,September,"Spring arrives gradually, moderated by coast. Growth accelerates steadily.

Plant tender crops: tomatoes, capsicums, beans. Sow lettuce, herbs, quick crops. Succession sow.

Spring is extended and rewarding."
Toowong,QLD,warm,11a,subtropical_humid,October,"Spring arrives gradually, moderated by coast. Growth accelerates steadily.

Plant tender crops: tomatoes, capsicums, beans. Sow lettuce, herbs, quick crops. Succession sow.

Spring is extended and rewarding."
Toowong,QLD,warm,11a,subtropical_humid,November,"Spring arrives gradually, moderated by coast. Growth accelerates steadily.

Plant tender crops: tomatoes, capsicums, beans. Sow lettuce, herbs, quick crops. Succession sow.

Spring is extended and rewarding."
Toowong,QLD,warm,11a,subtropical_humid,December,"Summer warm but coastal moderation helps. Regular growth with good water management.

Sow autumn crops in warm soil. Carrots, beets, brassicas, lettuce establish quickly.

Deep early morning watering prevents stress."
Toowoomba,QLD,temperate,10b,alpine_highland|inland,January,"Summer production solid. Tomatoes, beans, cucumbers, zucchini, pumpkins grow well with consistent water. Pick regularly.

Sow autumn crops in warm soil: carrots, beets, brassicas, lettuce establish quickly.

Water deeply morning. Mulch moderates temperature."
Toowoomba,QLD,temperate,10b,alpine_highland|inland,February,"Summer production solid. Tomatoes, beans, cucumbers, zucchini, pumpkins grow well with consistent water. Pick regularly.

Sow autumn crops in warm soil: carrots, beets, brassicas, lettuce establish quickly.

Water deeply morning. Mulch moderates temperature."
Toowoomba,QLD,temperate,10b,alpine_highland|inland,March,"Autumn established. Prime time for cool-season crops: brassicas, lettuce, roots, peas, beans.

Plant seedlings and direct-sow freely. Garlic in April. Everything grows steadily as temperatures cool.

Clear summer crops. Empty beds should be mulched."
Toowoomba,QLD,temperate,10b,alpine_highland|inland,April,"Autumn established. Prime time for cool-season crops: brassicas, lettuce, roots, peas, beans.

Plant seedlings and direct-sow freely. Garlic in April. Everything grows steadily as temperatures cool.

Clear summer crops. Empty beds should be mulched."
Toowoomba,QLD,temperate,10b,alpine_highland|inland,May,"Autumn established. Prime time for cool-season crops: brassicas, lettuce, roots, peas, beans.

Plant seedlings and direct-sow freely. Garlic in April. Everything grows steadily as temperatures cool.

Clear summer crops. Empty beds should be mulched."
Toowoomba,QLD,temperate,10b,alpine_highland|inland,June,"Winter is cool to cold. Frosts vary by location.

Winter crops provide steady harvest. Kale, spinach, peas, beans, roots produce. Protect tender plantings.

Start spring seedlings indoors. Prepare beds."
Toowoomba,QLD,temperate,10b,alpine_highland|inland,July,"Winter is cool to cold. Frosts vary by location.

Winter crops provide steady harvest. Kale, spinach, peas, beans, roots produce. Protect tender plantings.

Start spring seedlings indoors. Prepare beds."
Toowoomba,QLD,temperate,10b,alpine_highland|inland,August,"Winter is cool to cold. Frosts vary by location.

Winter crops provide steady harvest. Kale, spinach, peas, beans, roots produce. Protect tender plantings.

Start spring seedlings indoors. Prepare beds."
Toowoomba,QLD,temperate,10b,alpine_highland|inland,September,"Spring arrives progressively. Frost risk decreases but may linger into early October.

Plant tender crops after last frost. Sow: carrots, lettuce, roots, herbs. Succession sow.

Growth accelerates through spring."
Toowoomba,QLD,temperate,10b,alpine_highland|inland,October,"Spring arrives progressively. Frost risk decreases but may linger into early October.

Plant tender crops after last frost. Sow: carrots, lettuce, roots, herbs. Succession sow.

Growth accelerates through spring."
Toowoomba,QLD,temperate,10b,alpine_highland|inland,November,"Spring arrives progressively. Frost risk decreases but may linger into early October.

Plant tender crops after last frost. Sow: carrots, lettuce, roots, herbs. Succession sow.

Growth accelerates through spring."
Toowoomba,QLD,temperate,10b,alpine_highland|inland,December,"Summer production solid. Tomatoes, beans, cucumbers, zucchini, pumpkins grow well with consistent water. Pick regularly.

Sow autumn crops in warm soil: carrots, beets, brassicas, lettuce establish quickly.

Water deeply morning. Mulch moderates temperature."
Townsville,QLD,tropical,12a,coastal|tropical_wet_dry,January,"Wet season dominates. Humidity extreme, rain heavy, fungal disease intense.

Cool-season crops grow well. Lettuce, Asian greens, tomatoes, capsicums produce but need disease management.

Drainage critical. Succession plant rather than one heavy planting."
Townsville,QLD,tropical,12a,coastal|tropical_wet_dry,February,"Wet season dominates. Humidity extreme, rain heavy, fungal disease intense.

Cool-season crops grow well. Lettuce, Asian greens, tomatoes, capsicums produce but need disease management.

Drainage critical. Succession plant rather than one heavy planting."
Townsville,QLD,tropical,12a,coastal|tropical_wet_dry,March,"Wet season dominates. Humidity extreme, rain heavy, fungal disease intense.

Cool-season crops grow well. Lettuce, Asian greens, tomatoes, capsicums produce but need disease management.

Drainage critical. Succession plant rather than one heavy planting."
Townsville,QLD,tropical,12a,coastal|tropical_wet_dry,April,"Dry season is growing season. Consistent warmth and low humidity ideal.

Plant and sow everything: brassicas, lettuce, roots, tomatoes, capsicums, beans, squash.

Water essential—no dry-season rain. Dry season is productive heart."
Townsville,QLD,tropical,12a,coastal|tropical_wet_dry,May,"Dry season is growing season. Consistent warmth and low humidity ideal.

Plant and sow everything: brassicas, lettuce, roots, tomatoes, capsicums, beans, squash.

Water essential—no dry-season rain. Dry season is productive heart."
Townsville,QLD,tropical,12a,coastal|tropical_wet_dry,June,"Dry season is growing season. Consistent warmth and low humidity ideal.

Plant and sow everything: brassicas, lettuce, roots, tomatoes, capsicums, beans, squash.

Water essential—no dry-season rain. Dry season is productive heart."
Townsville,QLD,tropical,12a,coastal|tropical_wet_dry,July,"Dry season is growing season. Consistent warmth and low humidity ideal.

Plant and sow everything: brassicas, lettuce, roots, tomatoes, capsicums, beans, squash.

Water essential—no dry-season rain. Dry season is productive heart."
Townsville,QLD,tropical,12a,coastal|tropical_wet_dry,August,"Dry season is growing season. Consistent warmth and low humidity ideal.

Plant and sow everything: brassicas, lettuce, roots, tomatoes, capsicums, beans, squash.

Water essential—no dry-season rain. Dry season is productive heart."
Townsville,QLD,tropical,12a,coastal|tropical_wet_dry,September,"Dry season is growing season. Consistent warmth and low humidity ideal.

Plant and sow everything: brassicas, lettuce, roots, tomatoes, capsicums, beans, squash.

Water essential—no dry-season rain. Dry season is productive heart."
Townsville,QLD,tropical,12a,coastal|tropical_wet_dry,October,"Dry season is growing season. Consistent warmth and low humidity ideal.

Plant and sow everything: brassicas, lettuce, roots, tomatoes, capsicums, beans, squash.

Water essential—no dry-season rain. Dry season is productive heart."
Townsville,QLD,tropical,12a,coastal|tropical_wet_dry,November,"Dry season is growing season. Consistent warmth and low humidity ideal.

Plant and sow everything: brassicas, lettuce, roots, tomatoes, capsicums, beans, squash.

Water essential—no dry-season rain. Dry season is productive heart."
Townsville,QLD,tropical,12a,coastal|tropical_wet_dry,December,"Wet season dominates. Humidity extreme, rain heavy, fungal disease intense.

Cool-season crops grow well. Lettuce, Asian greens, tomatoes, capsicums produce but need disease management.

Drainage critical. Succession plant rather than one heavy planting."
Warwick,QLD,temperate,10b,inland,January,"Summer production solid. Tomatoes, beans, cucumbers, zucchini, pumpkins grow well with consistent water. Pick regularly.

Sow autumn crops in warm soil: carrots, beets, brassicas, lettuce establish quickly.

Water deeply morning. Mulch moderates temperature."
Warwick,QLD,temperate,10b,inland,February,"Summer production solid. Tomatoes, beans, cucumbers, zucchini, pumpkins grow well with consistent water. Pick regularly.

Sow autumn crops in warm soil: carrots, beets, brassicas, lettuce establish quickly.

Water deeply morning. Mulch moderates temperature."
Warwick,QLD,temperate,10b,inland,March,"Autumn established. Prime time for cool-season crops: brassicas, lettuce, roots, peas, beans.

Plant seedlings and direct-sow freely. Garlic in April. Everything grows steadily as temperatures cool.

Clear summer crops. Empty beds should be mulched."
Warwick,QLD,temperate,10b,inland,April,"Autumn established. Prime time for cool-season crops: brassicas, lettuce, roots, peas, beans.

Plant seedlings and direct-sow freely. Garlic in April. Everything grows steadily as temperatures cool.

Clear summer crops. Empty beds should be mulched."
Warwick,QLD,temperate,10b,inland,May,"Autumn established. Prime time for cool-season crops: brassicas, lettuce, roots, peas, beans.

Plant seedlings and direct-sow freely. Garlic in April. Everything grows steadily as temperatures cool.

Clear summer crops. Empty beds should be mulched."
Warwick,QLD,temperate,10b,inland,June,"Winter is cool to cold. Frosts vary by location.

Winter crops provide steady harvest. Kale, spinach, peas, beans, roots produce. Protect tender plantings.

Start spring seedlings indoors. Prepare beds."
Warwick,QLD,temperate,10b,inland,July,"Winter is cool to cold. Frosts vary by location.

Winter crops provide steady harvest. Kale, spinach, peas, beans, roots produce. Protect tender plantings.

Start spring seedlings indoors. Prepare beds."
Warwick,QLD,temperate,10b,inland,August,"Winter is cool to cold. Frosts vary by location.

Winter crops provide steady harvest. Kale, spinach, peas, beans, roots produce. Protect tender plantings.

Start spring seedlings indoors. Prepare beds."
Warwick,QLD,temperate,10b,inland,September,"Spring arrives progressively. Frost risk decreases but may linger into early October.

Plant tender crops after last frost. Sow: carrots, lettuce, roots, herbs. Succession sow.

Growth accelerates through spring."
Warwick,QLD,temperate,10b,inland,October,"Spring arrives progressively. Frost risk decreases but may linger into early October.

Plant tender crops after last frost. Sow: carrots, lettuce, roots, herbs. Succession sow.

Growth accelerates through spring."
Warwick,QLD,temperate,10b,inland,November,"Spring arrives progressively. Frost risk decreases but may linger into early October.

Plant tender crops after last frost. Sow: carrots, lettuce, roots, herbs. Succession sow.

Growth accelerates through spring."
Warwick,QLD,temperate,10b,inland,December,"Summer production solid. Tomatoes, beans, cucumbers, zucchini, pumpkins grow well with consistent water. Pick regularly.

Sow autumn crops in warm soil: carrots, beets, brassicas, lettuce establish quickly.

Water deeply morning. Mulch moderates temperature."
Weipa,QLD,tropical,12b,tropical_wet_dry,January,"Wet season dominates. Humidity extreme, rain heavy, fungal disease intense.

Cool-season crops grow well. Lettuce, Asian greens, tomatoes, capsicums produce but need disease management.

Drainage critical. Succession plant rather than one heavy planting."
Weipa,QLD,tropical,12b,tropical_wet_dry,February,"Wet season dominates. Humidity extreme, rain heavy, fungal disease intense.

Cool-season crops grow well. Lettuce, Asian greens, tomatoes, capsicums produce but need disease management.

Drainage critical. Succession plant rather than one heavy planting."
Weipa,QLD,tropical,12b,tropical_wet_dry,March,"Wet season dominates. Humidity extreme, rain heavy, fungal disease intense.

Cool-season crops grow well. Lettuce, Asian greens, tomatoes, capsicums produce but need disease management.

Drainage critical. Succession plant rather than one heavy planting."
Weipa,QLD,tropical,12b,tropical_wet_dry,April,"Dry season is growing season. Consistent warmth and low humidity ideal.

Plant and sow everything: brassicas, lettuce, roots, tomatoes, capsicums, beans, squash.

Water essential—no dry-season rain. Dry season is productive heart."
Weipa,QLD,tropical,12b,tropical_wet_dry,May,"Dry season is growing season. Consistent warmth and low humidity ideal.

Plant and sow everything: brassicas, lettuce, roots, tomatoes, capsicums, beans, squash.

Water essential—no dry-season rain. Dry season is productive heart."
Weipa,QLD,tropical,12b,tropical_wet_dry,June,"Dry season is growing season. Consistent warmth and low humidity ideal.

Plant and sow everything: brassicas, lettuce, roots, tomatoes, capsicums, beans, squash.

Water essential—no dry-season rain. Dry season is productive heart."
Weipa,QLD,tropical,12b,tropical_wet_dry,July,"Dry season is growing season. Consistent warmth and low humidity ideal.

Plant and sow everything: brassicas, lettuce, roots, tomatoes, capsicums, beans, squash.

Water essential—no dry-season rain. Dry season is productive heart."
Weipa,QLD,tropical,12b,tropical_wet_dry,August,"Dry season is growing season. Consistent warmth and low humidity ideal.

Plant and sow everything: brassicas, lettuce, roots, tomatoes, capsicums, beans, squash.

Water essential—no dry-season rain. Dry season is productive heart."
Weipa,QLD,tropical,12b,tropical_wet_dry,September,"Dry season is growing season. Consistent warmth and low humidity ideal.

Plant and sow everything: brassicas, lettuce, roots, tomatoes, capsicums, beans, squash.

Water essential—no dry-season rain. Dry season is productive heart."
Weipa,QLD,tropical,12b,tropical_wet_dry,October,"Dry season is growing season. Consistent warmth and low humidity ideal.

Plant and sow everything: brassicas, lettuce, roots, tomatoes, capsicums, beans, squash.

Water essential—no dry-season rain. Dry season is productive heart."
Weipa,QLD,tropical,12b,tropical_wet_dry,November,"Dry season is growing season. Consistent warmth and low humidity ideal.

Plant and sow everything: brassicas, lettuce, roots, tomatoes, capsicums, beans, squash.

Water essential—no dry-season rain. Dry season is productive heart."
Weipa,QLD,tropical,12b,tropical_wet_dry,December,"Wet season dominates. Humidity extreme, rain heavy, fungal disease intense.

Cool-season crops grow well. Lettuce, Asian greens, tomatoes, capsicums produce but need disease management.

Drainage critical. Succession plant rather than one heavy planting."
West End,QLD,warm,11a,coastal|subtropical_humid,January,"Summer warm but coastal moderation helps. Regular growth with good water management.

Sow autumn crops in warm soil. Carrots, beets, brassicas, lettuce establish quickly.

Deep early morning watering prevents stress."
West End,QLD,warm,11a,coastal|subtropical_humid,February,"Summer warm but coastal moderation helps. Regular growth with good water management.

Sow autumn crops in warm soil. Carrots, beets, brassicas, lettuce establish quickly.

Deep early morning watering prevents stress."
West End,QLD,warm,11a,coastal|subtropical_humid,March,"Autumn mild and extended by coastal protection. Excellent for cool-weather crops.

Plant brassicas, lettuce, onions, leeks, roots. Direct-sow peas, beans, Asian greens. Garlic in April.

Autumn is prime season."
West End,QLD,warm,11a,coastal|subtropical_humid,April,"Autumn mild and extended by coastal protection. Excellent for cool-weather crops.

Plant brassicas, lettuce, onions, leeks, roots. Direct-sow peas, beans, Asian greens. Garlic in April.

Autumn is prime season."
West End,QLD,warm,11a,coastal|subtropical_humid,May,"Autumn mild and extended by coastal protection. Excellent for cool-weather crops.

Plant brassicas, lettuce, onions, leeks, roots. Direct-sow peas, beans, Asian greens. Garlic in April.

Autumn is prime season."
West End,QLD,warm,11a,coastal|subtropical_humid,June,"Winter mild. Frosts rare. Growth continues steadily.

Winter crops produce heavily. Brassicas, lettuce, spinach, peas, roots thrive.

Start spring seedlings by August."
West End,QLD,warm,11a,coastal|subtropical_humid,July,"Winter mild. Frosts rare. Growth continues steadily.

Winter crops produce heavily. Brassicas, lettuce, spinach, peas, roots thrive.

Start spring seedlings by August."
West End,QLD,warm,11a,coastal|subtropical_humid,August,"Winter mild. Frosts rare. Growth continues steadily.

Winter crops produce heavily. Brassicas, lettuce, spinach, peas, roots thrive.

Start spring seedlings by August."
West End,QLD,warm,11a,coastal|subtropical_humid,September,"Spring arrives gradually, moderated by coast. Growth accelerates steadily.

Plant tender crops: tomatoes, capsicums, beans. Sow lettuce, herbs, quick crops. Succession sow.

Spring is extended and rewarding."
West End,QLD,warm,11a,coastal|subtropical_humid,October,"Spring arrives gradually, moderated by coast. Growth accelerates steadily.

Plant tender crops: tomatoes, capsicums, beans. Sow lettuce, herbs, quick crops. Succession sow.

Spring is extended and rewarding."
West End,QLD,warm,11a,coastal|subtropical_humid,November,"Spring arrives gradually, moderated by coast. Growth accelerates steadily.

Plant tender crops: tomatoes, capsicums, beans. Sow lettuce, herbs, quick crops. Succession sow.

Spring is extended and rewarding."
West End,QLD,warm,11a,coastal|subtropical_humid,December,"Summer warm but coastal moderation helps. Regular growth with good water management.

Sow autumn crops in warm soil. Carrots, beets, brassicas, lettuce establish quickly.

Deep early morning watering prevents stress."
Yeppoon,QLD,warm,11b,subtropical_humid,January,"Summer warm but coastal moderation helps. Regular growth with good water management.

Sow autumn crops in warm soil. Carrots, beets, brassicas, lettuce establish quickly.

Deep early morning watering prevents stress."
Yeppoon,QLD,warm,11b,subtropical_humid,February,"Summer warm but coastal moderation helps. Regular growth with good water management.

Sow autumn crops in warm soil. Carrots, beets, brassicas, lettuce establish quickly.

Deep early morning watering prevents stress."
Yeppoon,QLD,warm,11b,subtropical_humid,March,"Autumn mild and extended by coastal protection. Excellent for cool-weather crops.

Plant brassicas, lettuce, onions, leeks, roots. Direct-sow peas, beans, Asian greens. Garlic in April.

Autumn is prime season."
Yeppoon,QLD,warm,11b,subtropical_humid,April,"Autumn mild and extended by coastal protection. Excellent for cool-weather crops.

Plant brassicas, lettuce, onions, leeks, roots. Direct-sow peas, beans, Asian greens. Garlic in April.

Autumn is prime season."
Yeppoon,QLD,warm,11b,subtropical_humid,May,"Autumn mild and extended by coastal protection. Excellent for cool-weather crops.

Plant brassicas, lettuce, onions, leeks, roots. Direct-sow peas, beans, Asian greens. Garlic in April.

Autumn is prime season."
Yeppoon,QLD,warm,11b,subtropical_humid,June,"Winter mild. Frosts rare. Growth continues steadily.

Winter crops produce heavily. Brassicas, lettuce, spinach, peas, roots thrive.

Start spring seedlings by August."
Yeppoon,QLD,warm,11b,subtropical_humid,July,"Winter mild. Frosts rare. Growth continues steadily.

Winter crops produce heavily. Brassicas, lettuce, spinach, peas, roots thrive.

Start spring seedlings by August."
Yeppoon,QLD,warm,11b,subtropical_humid,August,"Winter mild. Frosts rare. Growth continues steadily.

Winter crops produce heavily. Brassicas, lettuce, spinach, peas, roots thrive.

Start spring seedlings by August."
Yeppoon,QLD,warm,11b,subtropical_humid,September,"Spring arrives gradually, moderated by coast. Growth accelerates steadily.

Plant tender crops: tomatoes, capsicums, beans. Sow lettuce, herbs, quick crops. Succession sow.

Spring is extended and rewarding."
Yeppoon,QLD,warm,11b,subtropical_humid,October,"Spring arrives gradually, moderated by coast. Growth accelerates steadily.

Plant tender crops: tomatoes, capsicums, beans. Sow lettuce, herbs, quick crops. Succession sow.

Spring is extended and rewarding."
Yeppoon,QLD,warm,11b,subtropical_humid,November,"Spring arrives gradually, moderated by coast. Growth accelerates steadily.

Plant tender crops: tomatoes, capsicums, beans. Sow lettuce, herbs, quick crops. Succession sow.

Spring is extended and rewarding."
Yeppoon,QLD,warm,11b,subtropical_humid,December,"Summer warm but coastal moderation helps. Regular growth with good water management.

Sow autumn crops in warm soil. Carrots, beets, brassicas, lettuce establish quickly.

Deep early morning watering prevents stress."
Adelaide,SA,cool,9b,coastal|mediterranean,January,"Summer is milder. Growth steady but cool nights limit heat-lovers. Keep picking.

Start brassica and lettuce seedlings indoors. Direct-sow carrots, beetroot, silverbeet, kale.

Water deeply morning. Mulch heavily."
Adelaide,SA,cool,9b,coastal|mediterranean,February,"Summer is milder. Growth steady but cool nights limit heat-lovers. Keep picking.

Start brassica and lettuce seedlings indoors. Direct-sow carrots, beetroot, silverbeet, kale.

Water deeply morning. Mulch heavily."
Adelaide,SA,cool,9b,coastal|mediterranean,March,"Autumn transitions fast. Cool nights arrive, autumn crops thrive.

Plant brassicas, lettuce, leeks, onions. Direct-sow roots, peas, spinach, beans. Garlic in April.

Clear summer crops promptly. Empty beds need compost."
Adelaide,SA,cool,9b,coastal|mediterranean,April,"Autumn transitions fast. Cool nights arrive, autumn crops thrive.

Plant brassicas, lettuce, leeks, onions. Direct-sow roots, peas, spinach, beans. Garlic in April.

Clear summer crops promptly. Empty beds need compost."
Adelaide,SA,cool,9b,coastal|mediterranean,May,"Autumn transitions fast. Cool nights arrive, autumn crops thrive.

Plant brassicas, lettuce, leeks, onions. Direct-sow roots, peas, spinach, beans. Garlic in April.

Clear summer crops promptly. Empty beds need compost."
Adelaide,SA,cool,9b,coastal|mediterranean,June,"Winter is cool but manageable. Occasional frosts, not constant.

Winter crops grow steadily. Spinach, kale, peas, beans, brassicas, roots produce regular harvest.

Start spring seedlings by August. Use quiet winter for planning."
Adelaide,SA,cool,9b,coastal|mediterranean,July,"Winter is cool but manageable. Occasional frosts, not constant.

Winter crops grow steadily. Spinach, kale, peas, beans, brassicas, roots produce regular harvest.

Start spring seedlings by August. Use quiet winter for planning."
Adelaide,SA,cool,9b,coastal|mediterranean,August,"Winter is cool but manageable. Occasional frosts, not constant.

Winter crops grow steadily. Spinach, kale, peas, beans, brassicas, roots produce regular harvest.

Start spring seedlings by August. Use quiet winter for planning."
Adelaide,SA,cool,9b,coastal|mediterranean,September,"Spring arrives progressively. Early spring carries frost risk but warmth increases.

Plant tender crops by late October after frost passes. Sow: carrots, lettuce, roots. Succession sow.

Growth accelerates week by week."
Adelaide,SA,cool,9b,coastal|mediterranean,October,"Spring arrives progressively. Early spring carries frost risk but warmth increases.

Plant tender crops by late October after frost passes. Sow: carrots, lettuce, roots. Succession sow.

Growth accelerates week by week."
Adelaide,SA,cool,9b,coastal|mediterranean,November,"Spring arrives progressively. Early spring carries frost risk but warmth increases.

Plant tender crops by late October after frost passes. Sow: carrots, lettuce, roots. Succession sow.

Growth accelerates week by week."
Adelaide,SA,cool,9b,coastal|mediterranean,December,"Summer is milder. Growth steady but cool nights limit heat-lovers. Keep picking.

Start brassica and lettuce seedlings indoors. Direct-sow carrots, beetroot, silverbeet, kale.

Water deeply morning. Mulch heavily."
Barossa,SA,cool,9a,mediterranean,January,"Summer is milder. Growth steady but cool nights limit heat-lovers. Keep picking.

Start brassica and lettuce seedlings indoors. Direct-sow carrots, beetroot, silverbeet, kale.

Water deeply morning. Mulch heavily."
Barossa,SA,cool,9a,mediterranean,February,"Summer is milder. Growth steady but cool nights limit heat-lovers. Keep picking.

Start brassica and lettuce seedlings indoors. Direct-sow carrots, beetroot, silverbeet, kale.

Water deeply morning. Mulch heavily."
Barossa,SA,cool,9a,mediterranean,March,"Autumn transitions fast. Cool nights arrive, autumn crops thrive.

Plant brassicas, lettuce, leeks, onions. Direct-sow roots, peas, spinach, beans. Garlic in April.

Clear summer crops promptly. Empty beds need compost."
Barossa,SA,cool,9a,mediterranean,April,"Autumn transitions fast. Cool nights arrive, autumn crops thrive.

Plant brassicas, lettuce, leeks, onions. Direct-sow roots, peas, spinach, beans. Garlic in April.

Clear summer crops promptly. Empty beds need compost."
Barossa,SA,cool,9a,mediterranean,May,"Autumn transitions fast. Cool nights arrive, autumn crops thrive.

Plant brassicas, lettuce, leeks, onions. Direct-sow roots, peas, spinach, beans. Garlic in April.

Clear summer crops promptly. Empty beds need compost."
Barossa,SA,cool,9a,mediterranean,June,"Winter is cool but manageable. Occasional frosts, not constant.

Winter crops grow steadily. Spinach, kale, peas, beans, brassicas, roots produce regular harvest.

Start spring seedlings by August. Use quiet winter for planning."
Barossa,SA,cool,9a,mediterranean,July,"Winter is cool but manageable. Occasional frosts, not constant.

Winter crops grow steadily. Spinach, kale, peas, beans, brassicas, roots produce regular harvest.

Start spring seedlings by August. Use quiet winter for planning."
Barossa,SA,cool,9a,mediterranean,August,"Winter is cool but manageable. Occasional frosts, not constant.

Winter crops grow steadily. Spinach, kale, peas, beans, brassicas, roots produce regular harvest.

Start spring seedlings by August. Use quiet winter for planning."
Barossa,SA,cool,9a,mediterranean,September,"Spring arrives progressively. Early spring carries frost risk but warmth increases.

Plant tender crops by late October after frost passes. Sow: carrots, lettuce, roots. Succession sow.

Growth accelerates week by week."
Barossa,SA,cool,9a,mediterranean,October,"Spring arrives progressively. Early spring carries frost risk but warmth increases.

Plant tender crops by late October after frost passes. Sow: carrots, lettuce, roots. Succession sow.

Growth accelerates week by week."
Barossa,SA,cool,9a,mediterranean,November,"Spring arrives progressively. Early spring carries frost risk but warmth increases.

Plant tender crops by late October after frost passes. Sow: carrots, lettuce, roots. Succession sow.

Growth accelerates week by week."
Barossa,SA,cool,9a,mediterranean,December,"Summer is milder. Growth steady but cool nights limit heat-lovers. Keep picking.

Start brassica and lettuce seedlings indoors. Direct-sow carrots, beetroot, silverbeet, kale.

Water deeply morning. Mulch heavily."
Berri,SA,temperate,10a,mediterranean,January,"Summer production solid. Tomatoes, beans, cucumbers, zucchini, pumpkins grow well with consistent water. Pick regularly.

Sow autumn crops in warm soil: carrots, beets, brassicas, lettuce establish quickly.

Water deeply morning. Mulch moderates temperature."
Berri,SA,temperate,10a,mediterranean,February,"Summer production solid. Tomatoes, beans, cucumbers, zucchini, pumpkins grow well with consistent water. Pick regularly.

Sow autumn crops in warm soil: carrots, beets, brassicas, lettuce establish quickly.

Water deeply morning. Mulch moderates temperature."
Berri,SA,temperate,10a,mediterranean,March,"Autumn established. Prime time for cool-season crops: brassicas, lettuce, roots, peas, beans.

Plant seedlings and direct-sow freely. Garlic in April. Everything grows steadily as temperatures cool.

Clear summer crops. Empty beds should be mulched."
Berri,SA,temperate,10a,mediterranean,April,"Autumn established. Prime time for cool-season crops: brassicas, lettuce, roots, peas, beans.

Plant seedlings and direct-sow freely. Garlic in April. Everything grows steadily as temperatures cool.

Clear summer crops. Empty beds should be mulched."
Berri,SA,temperate,10a,mediterranean,May,"Autumn established. Prime time for cool-season crops: brassicas, lettuce, roots, peas, beans.

Plant seedlings and direct-sow freely. Garlic in April. Everything grows steadily as temperatures cool.

Clear summer crops. Empty beds should be mulched."
Berri,SA,temperate,10a,mediterranean,June,"Winter is cool to cold. Frosts vary by location.

Winter crops provide steady harvest. Kale, spinach, peas, beans, roots produce. Protect tender plantings.

Start spring seedlings indoors. Prepare beds."
Berri,SA,temperate,10a,mediterranean,July,"Winter is cool to cold. Frosts vary by location.

Winter crops provide steady harvest. Kale, spinach, peas, beans, roots produce. Protect tender plantings.

Start spring seedlings indoors. Prepare beds."
Berri,SA,temperate,10a,mediterranean,August,"Winter is cool to cold. Frosts vary by location.

Winter crops provide steady harvest. Kale, spinach, peas, beans, roots produce. Protect tender plantings.

Start spring seedlings indoors. Prepare beds."
Berri,SA,temperate,10a,mediterranean,September,"Spring arrives progressively. Frost risk decreases but may linger into early October.

Plant tender crops after last frost. Sow: carrots, lettuce, roots, herbs. Succession sow.

Growth accelerates through spring."
Berri,SA,temperate,10a,mediterranean,October,"Spring arrives progressively. Frost risk decreases but may linger into early October.

Plant tender crops after last frost. Sow: carrots, lettuce, roots, herbs. Succession sow.

Growth accelerates through spring."
Berri,SA,temperate,10a,mediterranean,November,"Spring arrives progressively. Frost risk decreases but may linger into early October.

Plant tender crops after last frost. Sow: carrots, lettuce, roots, herbs. Succession sow.

Growth accelerates through spring."
Berri,SA,temperate,10a,mediterranean,December,"Summer production solid. Tomatoes, beans, cucumbers, zucchini, pumpkins grow well with consistent water. Pick regularly.

Sow autumn crops in warm soil: carrots, beets, brassicas, lettuce establish quickly.

Water deeply morning. Mulch moderates temperature."
Burnside,SA,cool,9b,coastal|mediterranean,January,"Summer is milder. Growth steady but cool nights limit heat-lovers. Keep picking.

Start brassica and lettuce seedlings indoors. Direct-sow carrots, beetroot, silverbeet, kale.

Water deeply morning. Mulch heavily."
Burnside,SA,cool,9b,coastal|mediterranean,February,"Summer is milder. Growth steady but cool nights limit heat-lovers. Keep picking.

Start brassica and lettuce seedlings indoors. Direct-sow carrots, beetroot, silverbeet, kale.

Water deeply morning. Mulch heavily."
Burnside,SA,cool,9b,coastal|mediterranean,March,"Autumn transitions fast. Cool nights arrive, autumn crops thrive.

Plant brassicas, lettuce, leeks, onions. Direct-sow roots, peas, spinach, beans. Garlic in April.

Clear summer crops promptly. Empty beds need compost."
Burnside,SA,cool,9b,coastal|mediterranean,April,"Autumn transitions fast. Cool nights arrive, autumn crops thrive.

Plant brassicas, lettuce, leeks, onions. Direct-sow roots, peas, spinach, beans. Garlic in April.

Clear summer crops promptly. Empty beds need compost."
Burnside,SA,cool,9b,coastal|mediterranean,May,"Autumn transitions fast. Cool nights arrive, autumn crops thrive.

Plant brassicas, lettuce, leeks, onions. Direct-sow roots, peas, spinach, beans. Garlic in April.

Clear summer crops promptly. Empty beds need compost."
Burnside,SA,cool,9b,coastal|mediterranean,June,"Winter is cool but manageable. Occasional frosts, not constant.

Winter crops grow steadily. Spinach, kale, peas, beans, brassicas, roots produce regular harvest.

Start spring seedlings by August. Use quiet winter for planning."
Burnside,SA,cool,9b,coastal|mediterranean,July,"Winter is cool but manageable. Occasional frosts, not constant.

Winter crops grow steadily. Spinach, kale, peas, beans, brassicas, roots produce regular harvest.

Start spring seedlings by August. Use quiet winter for planning."
Burnside,SA,cool,9b,coastal|mediterranean,August,"Winter is cool but manageable. Occasional frosts, not constant.

Winter crops grow steadily. Spinach, kale, peas, beans, brassicas, roots produce regular harvest.

Start spring seedlings by August. Use quiet winter for planning."
Burnside,SA,cool,9b,coastal|mediterranean,September,"Spring arrives progressively. Early spring carries frost risk but warmth increases.

Plant tender crops by late October after frost passes. Sow: carrots, lettuce, roots. Succession sow.

Growth accelerates week by week."
Burnside,SA,cool,9b,coastal|mediterranean,October,"Spring arrives progressively. Early spring carries frost risk but warmth increases.

Plant tender crops by late October after frost passes. Sow: carrots, lettuce, roots. Succession sow.

Growth accelerates week by week."
Burnside,SA,cool,9b,coastal|mediterranean,November,"Spring arrives progressively. Early spring carries frost risk but warmth increases.

Plant tender crops by late October after frost passes. Sow: carrots, lettuce, roots. Succession sow.

Growth accelerates week by week."
Burnside,SA,cool,9b,coastal|mediterranean,December,"Summer is milder. Growth steady but cool nights limit heat-lovers. Keep picking.

Start brassica and lettuce seedlings indoors. Direct-sow carrots, beetroot, silverbeet, kale.

Water deeply morning. Mulch heavily."
Ceduna,SA,temperate,10a,mediterranean,January,"Summer production solid. Tomatoes, beans, cucumbers, zucchini, pumpkins grow well with consistent water. Pick regularly.

Sow autumn crops in warm soil: carrots, beets, brassicas, lettuce establish quickly.

Water deeply morning. Mulch moderates temperature."
Ceduna,SA,temperate,10a,mediterranean,February,"Summer production solid. Tomatoes, beans, cucumbers, zucchini, pumpkins grow well with consistent water. Pick regularly.

Sow autumn crops in warm soil: carrots, beets, brassicas, lettuce establish quickly.

Water deeply morning. Mulch moderates temperature."
Ceduna,SA,temperate,10a,mediterranean,March,"Autumn established. Prime time for cool-season crops: brassicas, lettuce, roots, peas, beans.

Plant seedlings and direct-sow freely. Garlic in April. Everything grows steadily as temperatures cool.

Clear summer crops. Empty beds should be mulched."
Ceduna,SA,temperate,10a,mediterranean,April,"Autumn established. Prime time for cool-season crops: brassicas, lettuce, roots, peas, beans.

Plant seedlings and direct-sow freely. Garlic in April. Everything grows steadily as temperatures cool.

Clear summer crops. Empty beds should be mulched."
Ceduna,SA,temperate,10a,mediterranean,May,"Autumn established. Prime time for cool-season crops: brassicas, lettuce, roots, peas, beans.

Plant seedlings and direct-sow freely. Garlic in April. Everything grows steadily as temperatures cool.

Clear summer crops. Empty beds should be mulched."
Ceduna,SA,temperate,10a,mediterranean,June,"Winter is cool to cold. Frosts vary by location.

Winter crops provide steady harvest. Kale, spinach, peas, beans, roots produce. Protect tender plantings.

Start spring seedlings indoors. Prepare beds."
Ceduna,SA,temperate,10a,mediterranean,July,"Winter is cool to cold. Frosts vary by location.

Winter crops provide steady harvest. Kale, spinach, peas, beans, roots produce. Protect tender plantings.

Start spring seedlings indoors. Prepare beds."
Ceduna,SA,temperate,10a,mediterranean,August,"Winter is cool to cold. Frosts vary by location.

Winter crops provide steady harvest. Kale, spinach, peas, beans, roots produce. Protect tender plantings.

Start spring seedlings indoors. Prepare beds."
Ceduna,SA,temperate,10a,mediterranean,September,"Spring arrives progressively. Frost risk decreases but may linger into early October.

Plant tender crops after last frost. Sow: carrots, lettuce, roots, herbs. Succession sow.

Growth accelerates through spring."
Ceduna,SA,temperate,10a,mediterranean,October,"Spring arrives progressively. Frost risk decreases but may linger into early October.

Plant tender crops after last frost. Sow: carrots, lettuce, roots, herbs. Succession sow.

Growth accelerates through spring."
Ceduna,SA,temperate,10a,mediterranean,November,"Spring arrives progressively. Frost risk decreases but may linger into early October.

Plant tender crops after last frost. Sow: carrots, lettuce, roots, herbs. Succession sow.

Growth accelerates through spring."
Ceduna,SA,temperate,10a,mediterranean,December,"Summer production solid. Tomatoes, beans, cucumbers, zucchini, pumpkins grow well with consistent water. Pick regularly.

Sow autumn crops in warm soil: carrots, beets, brassicas, lettuce establish quickly.

Water deeply morning. Mulch moderates temperature."
Clare,SA,cool,9a,mediterranean,January,"Summer is milder. Growth steady but cool nights limit heat-lovers. Keep picking.

Start brassica and lettuce seedlings indoors. Direct-sow carrots, beetroot, silverbeet, kale.

Water deeply morning. Mulch heavily."
Clare,SA,cool,9a,mediterranean,February,"Summer is milder. Growth steady but cool nights limit heat-lovers. Keep picking.

Start brassica and lettuce seedlings indoors. Direct-sow carrots, beetroot, silverbeet, kale.

Water deeply morning. Mulch heavily."
Clare,SA,cool,9a,mediterranean,March,"Autumn transitions fast. Cool nights arrive, autumn crops thrive.

Plant brassicas, lettuce, leeks, onions. Direct-sow roots, peas, spinach, beans. Garlic in April.

Clear summer crops promptly. Empty beds need compost."
Clare,SA,cool,9a,mediterranean,April,"Autumn transitions fast. Cool nights arrive, autumn crops thrive.

Plant brassicas, lettuce, leeks, onions. Direct-sow roots, peas, spinach, beans. Garlic in April.

Clear summer crops promptly. Empty beds need compost."
Clare,SA,cool,9a,mediterranean,May,"Autumn transitions fast. Cool nights arrive, autumn crops thrive.

Plant brassicas, lettuce, leeks, onions. Direct-sow roots, peas, spinach, beans. Garlic in April.

Clear summer crops promptly. Empty beds need compost."
Clare,SA,cool,9a,mediterranean,June,"Winter is cool but manageable. Occasional frosts, not constant.

Winter crops grow steadily. Spinach, kale, peas, beans, brassicas, roots produce regular harvest.

Start spring seedlings by August. Use quiet winter for planning."
Clare,SA,cool,9a,mediterranean,July,"Winter is cool but manageable. Occasional frosts, not constant.

Winter crops grow steadily. Spinach, kale, peas, beans, brassicas, roots produce regular harvest.

Start spring seedlings by August. Use quiet winter for planning."
Clare,SA,cool,9a,mediterranean,August,"Winter is cool but manageable. Occasional frosts, not constant.

Winter crops grow steadily. Spinach, kale, peas, beans, brassicas, roots produce regular harvest.

Start spring seedlings by August. Use quiet winter for planning."
Clare,SA,cool,9a,mediterranean,September,"Spring arrives progressively. Early spring carries frost risk but warmth increases.

Plant tender crops by late October after frost passes. Sow: carrots, lettuce, roots. Succession sow.

Growth accelerates week by week."
Clare,SA,cool,9a,mediterranean,October,"Spring arrives progressively. Early spring carries frost risk but warmth increases.

Plant tender crops by late October after frost passes. Sow: carrots, lettuce, roots. Succession sow.

Growth accelerates week by week."
Clare,SA,cool,9a,mediterranean,November,"Spring arrives progressively. Early spring carries frost risk but warmth increases.

Plant tender crops by late October after frost passes. Sow: carrots, lettuce, roots. Succession sow.

Growth accelerates week by week."
Clare,SA,cool,9a,mediterranean,December,"Summer is milder. Growth steady but cool nights limit heat-lovers. Keep picking.

Start brassica and lettuce seedlings indoors. Direct-sow carrots, beetroot, silverbeet, kale.

Water deeply morning. Mulch heavily."
Coober Pedy,SA,temperate,10b,mediterranean,January,"Summer production solid. Tomatoes, beans, cucumbers, zucchini, pumpkins grow well with consistent water. Pick regularly.

Sow autumn crops in warm soil: carrots, beets, brassicas, lettuce establish quickly.

Water deeply morning. Mulch moderates temperature."
Coober Pedy,SA,temperate,10b,mediterranean,February,"Summer production solid. Tomatoes, beans, cucumbers, zucchini, pumpkins grow well with consistent water. Pick regularly.

Sow autumn crops in warm soil: carrots, beets, brassicas, lettuce establish quickly.

Water deeply morning. Mulch moderates temperature."
Coober Pedy,SA,temperate,10b,mediterranean,March,"Autumn established. Prime time for cool-season crops: brassicas, lettuce, roots, peas, beans.

Plant seedlings and direct-sow freely. Garlic in April. Everything grows steadily as temperatures cool.

Clear summer crops. Empty beds should be mulched."
Coober Pedy,SA,temperate,10b,mediterranean,April,"Autumn established. Prime time for cool-season crops: brassicas, lettuce, roots, peas, beans.

Plant seedlings and direct-sow freely. Garlic in April. Everything grows steadily as temperatures cool.

Clear summer crops. Empty beds should be mulched."
Coober Pedy,SA,temperate,10b,mediterranean,May,"Autumn established. Prime time for cool-season crops: brassicas, lettuce, roots, peas, beans.

Plant seedlings and direct-sow freely. Garlic in April. Everything grows steadily as temperatures cool.

Clear summer crops. Empty beds should be mulched."
Coober Pedy,SA,temperate,10b,mediterranean,June,"Winter is cool to cold. Frosts vary by location.

Winter crops provide steady harvest. Kale, spinach, peas, beans, roots produce. Protect tender plantings.

Start spring seedlings indoors. Prepare beds."
Coober Pedy,SA,temperate,10b,mediterranean,July,"Winter is cool to cold. Frosts vary by location.

Winter crops provide steady harvest. Kale, spinach, peas, beans, roots produce. Protect tender plantings.

Start spring seedlings indoors. Prepare beds."
Coober Pedy,SA,temperate,10b,mediterranean,August,"Winter is cool to cold. Frosts vary by location.

Winter crops provide steady harvest. Kale, spinach, peas, beans, roots produce. Protect tender plantings.

Start spring seedlings indoors. Prepare beds."
Coober Pedy,SA,temperate,10b,mediterranean,September,"Spring arrives progressively. Frost risk decreases but may linger into early October.

Plant tender crops after last frost. Sow: carrots, lettuce, roots, herbs. Succession sow.

Growth accelerates through spring."
Coober Pedy,SA,temperate,10b,mediterranean,October,"Spring arrives progressively. Frost risk decreases but may linger into early October.

Plant tender crops after last frost. Sow: carrots, lettuce, roots, herbs. Succession sow.

Growth accelerates through spring."
Coober Pedy,SA,temperate,10b,mediterranean,November,"Spring arrives progressively. Frost risk decreases but may linger into early October.

Plant tender crops after last frost. Sow: carrots, lettuce, roots, herbs. Succession sow.

Growth accelerates through spring."
Coober Pedy,SA,temperate,10b,mediterranean,December,"Summer production solid. Tomatoes, beans, cucumbers, zucchini, pumpkins grow well with consistent water. Pick regularly.

Sow autumn crops in warm soil: carrots, beets, brassicas, lettuce establish quickly.

Water deeply morning. Mulch moderates temperature."
Gawler,SA,cool,9b,mediterranean,January,"Summer is milder. Growth steady but cool nights limit heat-lovers. Keep picking.

Start brassica and lettuce seedlings indoors. Direct-sow carrots, beetroot, silverbeet, kale.

Water deeply morning. Mulch heavily."
Gawler,SA,cool,9b,mediterranean,February,"Summer is milder. Growth steady but cool nights limit heat-lovers. Keep picking.

Start brassica and lettuce seedlings indoors. Direct-sow carrots, beetroot, silverbeet, kale.

Water deeply morning. Mulch heavily."
Gawler,SA,cool,9b,mediterranean,March,"Autumn transitions fast. Cool nights arrive, autumn crops thrive.

Plant brassicas, lettuce, leeks, onions. Direct-sow roots, peas, spinach, beans. Garlic in April.

Clear summer crops promptly. Empty beds need compost."
Gawler,SA,cool,9b,mediterranean,April,"Autumn transitions fast. Cool nights arrive, autumn crops thrive.

Plant brassicas, lettuce, leeks, onions. Direct-sow roots, peas, spinach, beans. Garlic in April.

Clear summer crops promptly. Empty beds need compost."
Gawler,SA,cool,9b,mediterranean,May,"Autumn transitions fast. Cool nights arrive, autumn crops thrive.

Plant brassicas, lettuce, leeks, onions. Direct-sow roots, peas, spinach, beans. Garlic in April.

Clear summer crops promptly. Empty beds need compost."
Gawler,SA,cool,9b,mediterranean,June,"Winter is cool but manageable. Occasional frosts, not constant.

Winter crops grow steadily. Spinach, kale, peas, beans, brassicas, roots produce regular harvest.

Start spring seedlings by August. Use quiet winter for planning."
Gawler,SA,cool,9b,mediterranean,July,"Winter is cool but manageable. Occasional frosts, not constant.

Winter crops grow steadily. Spinach, kale, peas, beans, brassicas, roots produce regular harvest.

Start spring seedlings by August. Use quiet winter for planning."
Gawler,SA,cool,9b,mediterranean,August,"Winter is cool but manageable. Occasional frosts, not constant.

Winter crops grow steadily. Spinach, kale, peas, beans, brassicas, roots produce regular harvest.

Start spring seedlings by August. Use quiet winter for planning."
Gawler,SA,cool,9b,mediterranean,September,"Spring arrives progressively. Early spring carries frost risk but warmth increases.

Plant tender crops by late October after frost passes. Sow: carrots, lettuce, roots. Succession sow.

Growth accelerates week by week."
Gawler,SA,cool,9b,mediterranean,October,"Spring arrives progressively. Early spring carries frost risk but warmth increases.

Plant tender crops by late October after frost passes. Sow: carrots, lettuce, roots. Succession sow.

Growth accelerates week by week."
Gawler,SA,cool,9b,mediterranean,November,"Spring arrives progressively. Early spring carries frost risk but warmth increases.

Plant tender crops by late October after frost passes. Sow: carrots, lettuce, roots. Succession sow.

Growth accelerates week by week."
Gawler,SA,cool,9b,mediterranean,December,"Summer is milder. Growth steady but cool nights limit heat-lovers. Keep picking.

Start brassica and lettuce seedlings indoors. Direct-sow carrots, beetroot, silverbeet, kale.

Water deeply morning. Mulch heavily."
Glenelg,SA,cool,9b,coastal,January,"Summer is milder. Growth steady but cool nights limit heat-lovers. Keep picking.

Start brassica and lettuce seedlings indoors. Direct-sow carrots, beetroot, silverbeet, kale.

Water deeply morning. Mulch heavily."
Glenelg,SA,cool,9b,coastal,February,"Summer is milder. Growth steady but cool nights limit heat-lovers. Keep picking.

Start brassica and lettuce seedlings indoors. Direct-sow carrots, beetroot, silverbeet, kale.

Water deeply morning. Mulch heavily."
Glenelg,SA,cool,9b,coastal,March,"Autumn transitions fast. Cool nights arrive, autumn crops thrive.

Plant brassicas, lettuce, leeks, onions. Direct-sow roots, peas, spinach, beans. Garlic in April.

Clear summer crops promptly. Empty beds need compost."
Glenelg,SA,cool,9b,coastal,April,"Autumn transitions fast. Cool nights arrive, autumn crops thrive.

Plant brassicas, lettuce, leeks, onions. Direct-sow roots, peas, spinach, beans. Garlic in April.

Clear summer crops promptly. Empty beds need compost."
Glenelg,SA,cool,9b,coastal,May,"Autumn transitions fast. Cool nights arrive, autumn crops thrive.

Plant brassicas, lettuce, leeks, onions. Direct-sow roots, peas, spinach, beans. Garlic in April.

Clear summer crops promptly. Empty beds need compost."
Glenelg,SA,cool,9b,coastal,June,"Winter is cool but manageable. Occasional frosts, not constant.

Winter crops grow steadily. Spinach, kale, peas, beans, brassicas, roots produce regular harvest.

Start spring seedlings by August. Use quiet winter for planning."
Glenelg,SA,cool,9b,coastal,July,"Winter is cool but manageable. Occasional frosts, not constant.

Winter crops grow steadily. Spinach, kale, peas, beans, brassicas, roots produce regular harvest.

Start spring seedlings by August. Use quiet winter for planning."
Glenelg,SA,cool,9b,coastal,August,"Winter is cool but manageable. Occasional frosts, not constant.

Winter crops grow steadily. Spinach, kale, peas, beans, brassicas, roots produce regular harvest.

Start spring seedlings by August. Use quiet winter for planning."
Glenelg,SA,cool,9b,coastal,September,"Spring arrives progressively. Early spring carries frost risk but warmth increases.

Plant tender crops by late October after frost passes. Sow: carrots, lettuce, roots. Succession sow.

Growth accelerates week by week."
Glenelg,SA,cool,9b,coastal,October,"Spring arrives progressively. Early spring carries frost risk but warmth increases.

Plant tender crops by late October after frost passes. Sow: carrots, lettuce, roots. Succession sow.

Growth accelerates week by week."
Glenelg,SA,cool,9b,coastal,November,"Spring arrives progressively. Early spring carries frost risk but warmth increases.

Plant tender crops by late October after frost passes. Sow: carrots, lettuce, roots. Succession sow.

Growth accelerates week by week."
Glenelg,SA,cool,9b,coastal,December,"Summer is milder. Growth steady but cool nights limit heat-lovers. Keep picking.

Start brassica and lettuce seedlings indoors. Direct-sow carrots, beetroot, silverbeet, kale.

Water deeply morning. Mulch heavily."
Gumeracha,SA,cool,9a,alpine_highland|inland,January,"Summer is milder. Growth steady but cool nights limit heat-lovers. Keep picking.

Start brassica and lettuce seedlings indoors. Direct-sow carrots, beetroot, silverbeet, kale.

Water deeply morning. Mulch heavily."
Gumeracha,SA,cool,9a,alpine_highland|inland,February,"Summer is milder. Growth steady but cool nights limit heat-lovers. Keep picking.

Start brassica and lettuce seedlings indoors. Direct-sow carrots, beetroot, silverbeet, kale.

Water deeply morning. Mulch heavily."
Gumeracha,SA,cool,9a,alpine_highland|inland,March,"Autumn transitions fast. Cool nights arrive, autumn crops thrive.

Plant brassicas, lettuce, leeks, onions. Direct-sow roots, peas, spinach, beans. Garlic in April.

Clear summer crops promptly. Empty beds need compost."
Gumeracha,SA,cool,9a,alpine_highland|inland,April,"Autumn transitions fast. Cool nights arrive, autumn crops thrive.

Plant brassicas, lettuce, leeks, onions. Direct-sow roots, peas, spinach, beans. Garlic in April.

Clear summer crops promptly. Empty beds need compost."
Gumeracha,SA,cool,9a,alpine_highland|inland,May,"Autumn transitions fast. Cool nights arrive, autumn crops thrive.

Plant brassicas, lettuce, leeks, onions. Direct-sow roots, peas, spinach, beans. Garlic in April.

Clear summer crops promptly. Empty beds need compost."
Gumeracha,SA,cool,9a,alpine_highland|inland,June,"Winter is cool but manageable. Occasional frosts, not constant.

Winter crops grow steadily. Spinach, kale, peas, beans, brassicas, roots produce regular harvest.

Start spring seedlings by August. Use quiet winter for planning."
Gumeracha,SA,cool,9a,alpine_highland|inland,July,"Winter is cool but manageable. Occasional frosts, not constant.

Winter crops grow steadily. Spinach, kale, peas, beans, brassicas, roots produce regular harvest.

Start spring seedlings by August. Use quiet winter for planning."
Gumeracha,SA,cool,9a,alpine_highland|inland,August,"Winter is cool but manageable. Occasional frosts, not constant.

Winter crops grow steadily. Spinach, kale, peas, beans, brassicas, roots produce regular harvest.

Start spring seedlings by August. Use quiet winter for planning."
Gumeracha,SA,cool,9a,alpine_highland|inland,September,"Spring arrives progressively. Early spring carries frost risk but warmth increases.

Plant tender crops by late October after frost passes. Sow: carrots, lettuce, roots. Succession sow.

Growth accelerates week by week."
Gumeracha,SA,cool,9a,alpine_highland|inland,October,"Spring arrives progressively. Early spring carries frost risk but warmth increases.

Plant tender crops by late October after frost passes. Sow: carrots, lettuce, roots. Succession sow.

Growth accelerates week by week."
Gumeracha,SA,cool,9a,alpine_highland|inland,November,"Spring arrives progressively. Early spring carries frost risk but warmth increases.

Plant tender crops by late October after frost passes. Sow: carrots, lettuce, roots. Succession sow.

Growth accelerates week by week."
Gumeracha,SA,cool,9a,alpine_highland|inland,December,"Summer is milder. Growth steady but cool nights limit heat-lovers. Keep picking.

Start brassica and lettuce seedlings indoors. Direct-sow carrots, beetroot, silverbeet, kale.

Water deeply morning. Mulch heavily."
Hahndorf,SA,cool,9a,alpine_highland|inland,January,"Summer is milder. Growth steady but cool nights limit heat-lovers. Keep picking.

Start brassica and lettuce seedlings indoors. Direct-sow carrots, beetroot, silverbeet, kale.

Water deeply morning. Mulch heavily."
Hahndorf,SA,cool,9a,alpine_highland|inland,February,"Summer is milder. Growth steady but cool nights limit heat-lovers. Keep picking.

Start brassica and lettuce seedlings indoors. Direct-sow carrots, beetroot, silverbeet, kale.

Water deeply morning. Mulch heavily."
Hahndorf,SA,cool,9a,alpine_highland|inland,March,"Autumn transitions fast. Cool nights arrive, autumn crops thrive.

Plant brassicas, lettuce, leeks, onions. Direct-sow roots, peas, spinach, beans. Garlic in April.

Clear summer crops promptly. Empty beds need compost."
Hahndorf,SA,cool,9a,alpine_highland|inland,April,"Autumn transitions fast. Cool nights arrive, autumn crops thrive.

Plant brassicas, lettuce, leeks, onions. Direct-sow roots, peas, spinach, beans. Garlic in April.

Clear summer crops promptly. Empty beds need compost."
Hahndorf,SA,cool,9a,alpine_highland|inland,May,"Autumn transitions fast. Cool nights arrive, autumn crops thrive.

Plant brassicas, lettuce, leeks, onions. Direct-sow roots, peas, spinach, beans. Garlic in April.

Clear summer crops promptly. Empty beds need compost."
Hahndorf,SA,cool,9a,alpine_highland|inland,June,"Winter is cool but manageable. Occasional frosts, not constant.

Winter crops grow steadily. Spinach, kale, peas, beans, brassicas, roots produce regular harvest.

Start spring seedlings by August. Use quiet winter for planning."
Hahndorf,SA,cool,9a,alpine_highland|inland,July,"Winter is cool but manageable. Occasional frosts, not constant.

Winter crops grow steadily. Spinach, kale, peas, beans, brassicas, roots produce regular harvest.

Start spring seedlings by August. Use quiet winter for planning."
Hahndorf,SA,cool,9a,alpine_highland|inland,August,"Winter is cool but manageable. Occasional frosts, not constant.

Winter crops grow steadily. Spinach, kale, peas, beans, brassicas, roots produce regular harvest.

Start spring seedlings by August. Use quiet winter for planning."
Hahndorf,SA,cool,9a,alpine_highland|inland,September,"Spring arrives progressively. Early spring carries frost risk but warmth increases.

Plant tender crops by late October after frost passes. Sow: carrots, lettuce, roots. Succession sow.

Growth accelerates week by week."
Hahndorf,SA,cool,9a,alpine_highland|inland,October,"Spring arrives progressively. Early spring carries frost risk but warmth increases.

Plant tender crops by late October after frost passes. Sow: carrots, lettuce, roots. Succession sow.

Growth accelerates week by week."
Hahndorf,SA,cool,9a,alpine_highland|inland,November,"Spring arrives progressively. Early spring carries frost risk but warmth increases.

Plant tender crops by late October after frost passes. Sow: carrots, lettuce, roots. Succession sow.

Growth accelerates week by week."
Hahndorf,SA,cool,9a,alpine_highland|inland,December,"Summer is milder. Growth steady but cool nights limit heat-lovers. Keep picking.

Start brassica and lettuce seedlings indoors. Direct-sow carrots, beetroot, silverbeet, kale.

Water deeply morning. Mulch heavily."
Henley Beach,SA,cool,9b,coastal,January,"Summer is milder. Growth steady but cool nights limit heat-lovers. Keep picking.

Start brassica and lettuce seedlings indoors. Direct-sow carrots, beetroot, silverbeet, kale.

Water deeply morning. Mulch heavily."
Henley Beach,SA,cool,9b,coastal,February,"Summer is milder. Growth steady but cool nights limit heat-lovers. Keep picking.

Start brassica and lettuce seedlings indoors. Direct-sow carrots, beetroot, silverbeet, kale.

Water deeply morning. Mulch heavily."
Henley Beach,SA,cool,9b,coastal,March,"Autumn transitions fast. Cool nights arrive, autumn crops thrive.

Plant brassicas, lettuce, leeks, onions. Direct-sow roots, peas, spinach, beans. Garlic in April.

Clear summer crops promptly. Empty beds need compost."
Henley Beach,SA,cool,9b,coastal,April,"Autumn transitions fast. Cool nights arrive, autumn crops thrive.

Plant brassicas, lettuce, leeks, onions. Direct-sow roots, peas, spinach, beans. Garlic in April.

Clear summer crops promptly. Empty beds need compost."
Henley Beach,SA,cool,9b,coastal,May,"Autumn transitions fast. Cool nights arrive, autumn crops thrive.

Plant brassicas, lettuce, leeks, onions. Direct-sow roots, peas, spinach, beans. Garlic in April.

Clear summer crops promptly. Empty beds need compost."
Henley Beach,SA,cool,9b,coastal,June,"Winter is cool but manageable. Occasional frosts, not constant.

Winter crops grow steadily. Spinach, kale, peas, beans, brassicas, roots produce regular harvest.

Start spring seedlings by August. Use quiet winter for planning."
Henley Beach,SA,cool,9b,coastal,July,"Winter is cool but manageable. Occasional frosts, not constant.

Winter crops grow steadily. Spinach, kale, peas, beans, brassicas, roots produce regular harvest.

Start spring seedlings by August. Use quiet winter for planning."
Henley Beach,SA,cool,9b,coastal,August,"Winter is cool but manageable. Occasional frosts, not constant.

Winter crops grow steadily. Spinach, kale, peas, beans, brassicas, roots produce regular harvest.

Start spring seedlings by August. Use quiet winter for planning."
Henley Beach,SA,cool,9b,coastal,September,"Spring arrives progressively. Early spring carries frost risk but warmth increases.

Plant tender crops by late October after frost passes. Sow: carrots, lettuce, roots. Succession sow.

Growth accelerates week by week."
Henley Beach,SA,cool,9b,coastal,October,"Spring arrives progressively. Early spring carries frost risk but warmth increases.

Plant tender crops by late October after frost passes. Sow: carrots, lettuce, roots. Succession sow.

Growth accelerates week by week."
Henley Beach,SA,cool,9b,coastal,November,"Spring arrives progressively. Early spring carries frost risk but warmth increases.

Plant tender crops by late October after frost passes. Sow: carrots, lettuce, roots. Succession sow.

Growth accelerates week by week."
Henley Beach,SA,cool,9b,coastal,December,"Summer is milder. Growth steady but cool nights limit heat-lovers. Keep picking.

Start brassica and lettuce seedlings indoors. Direct-sow carrots, beetroot, silverbeet, kale.

Water deeply morning. Mulch heavily."
Kadina,SA,cool,9b,mediterranean,January,"Summer is milder. Growth steady but cool nights limit heat-lovers. Keep picking.

Start brassica and lettuce seedlings indoors. Direct-sow carrots, beetroot, silverbeet, kale.

Water deeply morning. Mulch heavily."
Kadina,SA,cool,9b,mediterranean,February,"Summer is milder. Growth steady but cool nights limit heat-lovers. Keep picking.

Start brassica and lettuce seedlings indoors. Direct-sow carrots, beetroot, silverbeet, kale.

Water deeply morning. Mulch heavily."
Kadina,SA,cool,9b,mediterranean,March,"Autumn transitions fast. Cool nights arrive, autumn crops thrive.

Plant brassicas, lettuce, leeks, onions. Direct-sow roots, peas, spinach, beans. Garlic in April.

Clear summer crops promptly. Empty beds need compost."
Kadina,SA,cool,9b,mediterranean,April,"Autumn transitions fast. Cool nights arrive, autumn crops thrive.

Plant brassicas, lettuce, leeks, onions. Direct-sow roots, peas, spinach, beans. Garlic in April.

Clear summer crops promptly. Empty beds need compost."
Kadina,SA,cool,9b,mediterranean,May,"Autumn transitions fast. Cool nights arrive, autumn crops thrive.

Plant brassicas, lettuce, leeks, onions. Direct-sow roots, peas, spinach, beans. Garlic in April.

Clear summer crops promptly. Empty beds need compost."
Kadina,SA,cool,9b,mediterranean,June,"Winter is cool but manageable. Occasional frosts, not constant.

Winter crops grow steadily. Spinach, kale, peas, beans, brassicas, roots produce regular harvest.

Start spring seedlings by August. Use quiet winter for planning."
Kadina,SA,cool,9b,mediterranean,July,"Winter is cool but manageable. Occasional frosts, not constant.

Winter crops grow steadily. Spinach, kale, peas, beans, brassicas, roots produce regular harvest.

Start spring seedlings by August. Use quiet winter for planning."
Kadina,SA,cool,9b,mediterranean,August,"Winter is cool but manageable. Occasional frosts, not constant.

Winter crops grow steadily. Spinach, kale, peas, beans, brassicas, roots produce regular harvest.

Start spring seedlings by August. Use quiet winter for planning."
Kadina,SA,cool,9b,mediterranean,September,"Spring arrives progressively. Early spring carries frost risk but warmth increases.

Plant tender crops by late October after frost passes. Sow: carrots, lettuce, roots. Succession sow.

Growth accelerates week by week."
Kadina,SA,cool,9b,mediterranean,October,"Spring arrives progressively. Early spring carries frost risk but warmth increases.

Plant tender crops by late October after frost passes. Sow: carrots, lettuce, roots. Succession sow.

Growth accelerates week by week."
Kadina,SA,cool,9b,mediterranean,November,"Spring arrives progressively. Early spring carries frost risk but warmth increases.

Plant tender crops by late October after frost passes. Sow: carrots, lettuce, roots. Succession sow.

Growth accelerates week by week."
Kadina,SA,cool,9b,mediterranean,December,"Summer is milder. Growth steady but cool nights limit heat-lovers. Keep picking.

Start brassica and lettuce seedlings indoors. Direct-sow carrots, beetroot, silverbeet, kale.

Water deeply morning. Mulch heavily."
Lobethal,SA,cool,9a,alpine_highland|inland,January,"Summer is milder. Growth steady but cool nights limit heat-lovers. Keep picking.

Start brassica and lettuce seedlings indoors. Direct-sow carrots, beetroot, silverbeet, kale.

Water deeply morning. Mulch heavily."
Lobethal,SA,cool,9a,alpine_highland|inland,February,"Summer is milder. Growth steady but cool nights limit heat-lovers. Keep picking.

Start brassica and lettuce seedlings indoors. Direct-sow carrots, beetroot, silverbeet, kale.

Water deeply morning. Mulch heavily."
Lobethal,SA,cool,9a,alpine_highland|inland,March,"Autumn transitions fast. Cool nights arrive, autumn crops thrive.

Plant brassicas, lettuce, leeks, onions. Direct-sow roots, peas, spinach, beans. Garlic in April.

Clear summer crops promptly. Empty beds need compost."
Lobethal,SA,cool,9a,alpine_highland|inland,April,"Autumn transitions fast. Cool nights arrive, autumn crops thrive.

Plant brassicas, lettuce, leeks, onions. Direct-sow roots, peas, spinach, beans. Garlic in April.

Clear summer crops promptly. Empty beds need compost."
Lobethal,SA,cool,9a,alpine_highland|inland,May,"Autumn transitions fast. Cool nights arrive, autumn crops thrive.

Plant brassicas, lettuce, leeks, onions. Direct-sow roots, peas, spinach, beans. Garlic in April.

Clear summer crops promptly. Empty beds need compost."
Lobethal,SA,cool,9a,alpine_highland|inland,June,"Winter is cool but manageable. Occasional frosts, not constant.

Winter crops grow steadily. Spinach, kale, peas, beans, brassicas, roots produce regular harvest.

Start spring seedlings by August. Use quiet winter for planning."
Lobethal,SA,cool,9a,alpine_highland|inland,July,"Winter is cool but manageable. Occasional frosts, not constant.

Winter crops grow steadily. Spinach, kale, peas, beans, brassicas, roots produce regular harvest.

Start spring seedlings by August. Use quiet winter for planning."
Lobethal,SA,cool,9a,alpine_highland|inland,August,"Winter is cool but manageable. Occasional frosts, not constant.

Winter crops grow steadily. Spinach, kale, peas, beans, brassicas, roots produce regular harvest.

Start spring seedlings by August. Use quiet winter for planning."
Lobethal,SA,cool,9a,alpine_highland|inland,September,"Spring arrives progressively. Early spring carries frost risk but warmth increases.

Plant tender crops by late October after frost passes. Sow: carrots, lettuce, roots. Succession sow.

Growth accelerates week by week."
Lobethal,SA,cool,9a,alpine_highland|inland,October,"Spring arrives progressively. Early spring carries frost risk but warmth increases.

Plant tender crops by late October after frost passes. Sow: carrots, lettuce, roots. Succession sow.

Growth accelerates week by week."
Lobethal,SA,cool,9a,alpine_highland|inland,November,"Spring arrives progressively. Early spring carries frost risk but warmth increases.

Plant tender crops by late October after frost passes. Sow: carrots, lettuce, roots. Succession sow.

Growth accelerates week by week."
Lobethal,SA,cool,9a,alpine_highland|inland,December,"Summer is milder. Growth steady but cool nights limit heat-lovers. Keep picking.

Start brassica and lettuce seedlings indoors. Direct-sow carrots, beetroot, silverbeet, kale.

Water deeply morning. Mulch heavily."
Modbury,SA,cool,9b,mediterranean,January,"Summer is milder. Growth steady but cool nights limit heat-lovers. Keep picking.

Start brassica and lettuce seedlings indoors. Direct-sow carrots, beetroot, silverbeet, kale.

Water deeply morning. Mulch heavily."
Modbury,SA,cool,9b,mediterranean,February,"Summer is milder. Growth steady but cool nights limit heat-lovers. Keep picking.

Start brassica and lettuce seedlings indoors. Direct-sow carrots, beetroot, silverbeet, kale.

Water deeply morning. Mulch heavily."
Modbury,SA,cool,9b,mediterranean,March,"Autumn transitions fast. Cool nights arrive, autumn crops thrive.

Plant brassicas, lettuce, leeks, onions. Direct-sow roots, peas, spinach, beans. Garlic in April.

Clear summer crops promptly. Empty beds need compost."
Modbury,SA,cool,9b,mediterranean,April,"Autumn transitions fast. Cool nights arrive, autumn crops thrive.

Plant brassicas, lettuce, leeks, onions. Direct-sow roots, peas, spinach, beans. Garlic in April.

Clear summer crops promptly. Empty beds need compost."
Modbury,SA,cool,9b,mediterranean,May,"Autumn transitions fast. Cool nights arrive, autumn crops thrive.

Plant brassicas, lettuce, leeks, onions. Direct-sow roots, peas, spinach, beans. Garlic in April.

Clear summer crops promptly. Empty beds need compost."
Modbury,SA,cool,9b,mediterranean,June,"Winter is cool but manageable. Occasional frosts, not constant.

Winter crops grow steadily. Spinach, kale, peas, beans, brassicas, roots produce regular harvest.

Start spring seedlings by August. Use quiet winter for planning."
Modbury,SA,cool,9b,mediterranean,July,"Winter is cool but manageable. Occasional frosts, not constant.

Winter crops grow steadily. Spinach, kale, peas, beans, brassicas, roots produce regular harvest.

Start spring seedlings by August. Use quiet winter for planning."
Modbury,SA,cool,9b,mediterranean,August,"Winter is cool but manageable. Occasional frosts, not constant.

Winter crops grow steadily. Spinach, kale, peas, beans, brassicas, roots produce regular harvest.

Start spring seedlings by August. Use quiet winter for planning."
Modbury,SA,cool,9b,mediterranean,September,"Spring arrives progressively. Early spring carries frost risk but warmth increases.

Plant tender crops by late October after frost passes. Sow: carrots, lettuce, roots. Succession sow.

Growth accelerates week by week."
Modbury,SA,cool,9b,mediterranean,October,"Spring arrives progressively. Early spring carries frost risk but warmth increases.

Plant tender crops by late October after frost passes. Sow: carrots, lettuce, roots. Succession sow.

Growth accelerates week by week."
Modbury,SA,cool,9b,mediterranean,November,"Spring arrives progressively. Early spring carries frost risk but warmth increases.

Plant tender crops by late October after frost passes. Sow: carrots, lettuce, roots. Succession sow.

Growth accelerates week by week."
Modbury,SA,cool,9b,mediterranean,December,"Summer is milder. Growth steady but cool nights limit heat-lovers. Keep picking.

Start brassica and lettuce seedlings indoors. Direct-sow carrots, beetroot, silverbeet, kale.

Water deeply morning. Mulch heavily."
Mount Barker,SA,cool,9a,alpine_highland|inland,January,"Summer is milder. Growth steady but cool nights limit heat-lovers. Keep picking.

Start brassica and lettuce seedlings indoors. Direct-sow carrots, beetroot, silverbeet, kale.

Water deeply morning. Mulch heavily."
Mount Barker,SA,cool,9a,alpine_highland|inland,February,"Summer is milder. Growth steady but cool nights limit heat-lovers. Keep picking.

Start brassica and lettuce seedlings indoors. Direct-sow carrots, beetroot, silverbeet, kale.

Water deeply morning. Mulch heavily."
Mount Barker,SA,cool,9a,alpine_highland|inland,March,"Autumn transitions fast. Cool nights arrive, autumn crops thrive.

Plant brassicas, lettuce, leeks, onions. Direct-sow roots, peas, spinach, beans. Garlic in April.

Clear summer crops promptly. Empty beds need compost."
Mount Barker,SA,cool,9a,alpine_highland|inland,April,"Autumn transitions fast. Cool nights arrive, autumn crops thrive.

Plant brassicas, lettuce, leeks, onions. Direct-sow roots, peas, spinach, beans. Garlic in April.

Clear summer crops promptly. Empty beds need compost."
Mount Barker,SA,cool,9a,alpine_highland|inland,May,"Autumn transitions fast. Cool nights arrive, autumn crops thrive.

Plant brassicas, lettuce, leeks, onions. Direct-sow roots, peas, spinach, beans. Garlic in April.

Clear summer crops promptly. Empty beds need compost."
Mount Barker,SA,cool,9a,alpine_highland|inland,June,"Winter is cool but manageable. Occasional frosts, not constant.

Winter crops grow steadily. Spinach, kale, peas, beans, brassicas, roots produce regular harvest.

Start spring seedlings by August. Use quiet winter for planning."
Mount Barker,SA,cool,9a,alpine_highland|inland,July,"Winter is cool but manageable. Occasional frosts, not constant.

Winter crops grow steadily. Spinach, kale, peas, beans, brassicas, roots produce regular harvest.

Start spring seedlings by August. Use quiet winter for planning."
Mount Barker,SA,cool,9a,alpine_highland|inland,August,"Winter is cool but manageable. Occasional frosts, not constant.

Winter crops grow steadily. Spinach, kale, peas, beans, brassicas, roots produce regular harvest.

Start spring seedlings by August. Use quiet winter for planning."
Mount Barker,SA,cool,9a,alpine_highland|inland,September,"Spring arrives progressively. Early spring carries frost risk but warmth increases.

Plant tender crops by late October after frost passes. Sow: carrots, lettuce, roots. Succession sow.

Growth accelerates week by week."
Mount Barker,SA,cool,9a,alpine_highland|inland,October,"Spring arrives progressively. Early spring carries frost risk but warmth increases.

Plant tender crops by late October after frost passes. Sow: carrots, lettuce, roots. Succession sow.

Growth accelerates week by week."
Mount Barker,SA,cool,9a,alpine_highland|inland,November,"Spring arrives progressively. Early spring carries frost risk but warmth increases.

Plant tender crops by late October after frost passes. Sow: carrots, lettuce, roots. Succession sow.

Growth accelerates week by week."
Mount Barker,SA,cool,9a,alpine_highland|inland,December,"Summer is milder. Growth steady but cool nights limit heat-lovers. Keep picking.

Start brassica and lettuce seedlings indoors. Direct-sow carrots, beetroot, silverbeet, kale.

Water deeply morning. Mulch heavily."
Mount Gambier,SA,cool,9a,inland,January,"Summer is milder. Growth steady but cool nights limit heat-lovers. Keep picking.

Start brassica and lettuce seedlings indoors. Direct-sow carrots, beetroot, silverbeet, kale.

Water deeply morning. Mulch heavily."
Mount Gambier,SA,cool,9a,inland,February,"Summer is milder. Growth steady but cool nights limit heat-lovers. Keep picking.

Start brassica and lettuce seedlings indoors. Direct-sow carrots, beetroot, silverbeet, kale.

Water deeply morning. Mulch heavily."
Mount Gambier,SA,cool,9a,inland,March,"Autumn transitions fast. Cool nights arrive, autumn crops thrive.

Plant brassicas, lettuce, leeks, onions. Direct-sow roots, peas, spinach, beans. Garlic in April.

Clear summer crops promptly. Empty beds need compost."
Mount Gambier,SA,cool,9a,inland,April,"Autumn transitions fast. Cool nights arrive, autumn crops thrive.

Plant brassicas, lettuce, leeks, onions. Direct-sow roots, peas, spinach, beans. Garlic in April.

Clear summer crops promptly. Empty beds need compost."
Mount Gambier,SA,cool,9a,inland,May,"Autumn transitions fast. Cool nights arrive, autumn crops thrive.

Plant brassicas, lettuce, leeks, onions. Direct-sow roots, peas, spinach, beans. Garlic in April.

Clear summer crops promptly. Empty beds need compost."
Mount Gambier,SA,cool,9a,inland,June,"Winter is cool but manageable. Occasional frosts, not constant.

Winter crops grow steadily. Spinach, kale, peas, beans, brassicas, roots produce regular harvest.

Start spring seedlings by August. Use quiet winter for planning."
Mount Gambier,SA,cool,9a,inland,July,"Winter is cool but manageable. Occasional frosts, not constant.

Winter crops grow steadily. Spinach, kale, peas, beans, brassicas, roots produce regular harvest.

Start spring seedlings by August. Use quiet winter for planning."
Mount Gambier,SA,cool,9a,inland,August,"Winter is cool but manageable. Occasional frosts, not constant.

Winter crops grow steadily. Spinach, kale, peas, beans, brassicas, roots produce regular harvest.

Start spring seedlings by August. Use quiet winter for planning."
Mount Gambier,SA,cool,9a,inland,September,"Spring arrives progressively. Early spring carries frost risk but warmth increases.

Plant tender crops by late October after frost passes. Sow: carrots, lettuce, roots. Succession sow.

Growth accelerates week by week."
Mount Gambier,SA,cool,9a,inland,October,"Spring arrives progressively. Early spring carries frost risk but warmth increases.

Plant tender crops by late October after frost passes. Sow: carrots, lettuce, roots. Succession sow.

Growth accelerates week by week."
Mount Gambier,SA,cool,9a,inland,November,"Spring arrives progressively. Early spring carries frost risk but warmth increases.

Plant tender crops by late October after frost passes. Sow: carrots, lettuce, roots. Succession sow.

Growth accelerates week by week."
Mount Gambier,SA,cool,9a,inland,December,"Summer is milder. Growth steady but cool nights limit heat-lovers. Keep picking.

Start brassica and lettuce seedlings indoors. Direct-sow carrots, beetroot, silverbeet, kale.

Water deeply morning. Mulch heavily."
Murray Bridge,SA,cool,9b,mediterranean,January,"Summer is milder. Growth steady but cool nights limit heat-lovers. Keep picking.

Start brassica and lettuce seedlings indoors. Direct-sow carrots, beetroot, silverbeet, kale.

Water deeply morning. Mulch heavily."
Murray Bridge,SA,cool,9b,mediterranean,February,"Summer is milder. Growth steady but cool nights limit heat-lovers. Keep picking.

Start brassica and lettuce seedlings indoors. Direct-sow carrots, beetroot, silverbeet, kale.

Water deeply morning. Mulch heavily."
Murray Bridge,SA,cool,9b,mediterranean,March,"Autumn transitions fast. Cool nights arrive, autumn crops thrive.

Plant brassicas, lettuce, leeks, onions. Direct-sow roots, peas, spinach, beans. Garlic in April.

Clear summer crops promptly. Empty beds need compost."
Murray Bridge,SA,cool,9b,mediterranean,April,"Autumn transitions fast. Cool nights arrive, autumn crops thrive.

Plant brassicas, lettuce, leeks, onions. Direct-sow roots, peas, spinach, beans. Garlic in April.

Clear summer crops promptly. Empty beds need compost."
Murray Bridge,SA,cool,9b,mediterranean,May,"Autumn transitions fast. Cool nights arrive, autumn crops thrive.

Plant brassicas, lettuce, leeks, onions. Direct-sow roots, peas, spinach, beans. Garlic in April.

Clear summer crops promptly. Empty beds need compost."
Murray Bridge,SA,cool,9b,mediterranean,June,"Winter is cool but manageable. Occasional frosts, not constant.

Winter crops grow steadily. Spinach, kale, peas, beans, brassicas, roots produce regular harvest.

Start spring seedlings by August. Use quiet winter for planning."
Murray Bridge,SA,cool,9b,mediterranean,July,"Winter is cool but manageable. Occasional frosts, not constant.

Winter crops grow steadily. Spinach, kale, peas, beans, brassicas, roots produce regular harvest.

Start spring seedlings by August. Use quiet winter for planning."
Murray Bridge,SA,cool,9b,mediterranean,August,"Winter is cool but manageable. Occasional frosts, not constant.

Winter crops grow steadily. Spinach, kale, peas, beans, brassicas, roots produce regular harvest.

Start spring seedlings by August. Use quiet winter for planning."
Murray Bridge,SA,cool,9b,mediterranean,September,"Spring arrives progressively. Early spring carries frost risk but warmth increases.

Plant tender crops by late October after frost passes. Sow: carrots, lettuce, roots. Succession sow.

Growth accelerates week by week."
Murray Bridge,SA,cool,9b,mediterranean,October,"Spring arrives progressively. Early spring carries frost risk but warmth increases.

Plant tender crops by late October after frost passes. Sow: carrots, lettuce, roots. Succession sow.

Growth accelerates week by week."
Murray Bridge,SA,cool,9b,mediterranean,November,"Spring arrives progressively. Early spring carries frost risk but warmth increases.

Plant tender crops by late October after frost passes. Sow: carrots, lettuce, roots. Succession sow.

Growth accelerates week by week."
Murray Bridge,SA,cool,9b,mediterranean,December,"Summer is milder. Growth steady but cool nights limit heat-lovers. Keep picking.

Start brassica and lettuce seedlings indoors. Direct-sow carrots, beetroot, silverbeet, kale.

Water deeply morning. Mulch heavily."
Noarlunga,SA,cool,9b,mediterranean,January,"Summer is milder. Growth steady but cool nights limit heat-lovers. Keep picking.

Start brassica and lettuce seedlings indoors. Direct-sow carrots, beetroot, silverbeet, kale.

Water deeply morning. Mulch heavily."
Noarlunga,SA,cool,9b,mediterranean,February,"Summer is milder. Growth steady but cool nights limit heat-lovers. Keep picking.

Start brassica and lettuce seedlings indoors. Direct-sow carrots, beetroot, silverbeet, kale.

Water deeply morning. Mulch heavily."
Noarlunga,SA,cool,9b,mediterranean,March,"Autumn transitions fast. Cool nights arrive, autumn crops thrive.

Plant brassicas, lettuce, leeks, onions. Direct-sow roots, peas, spinach, beans. Garlic in April.

Clear summer crops promptly. Empty beds need compost."
Noarlunga,SA,cool,9b,mediterranean,April,"Autumn transitions fast. Cool nights arrive, autumn crops thrive.

Plant brassicas, lettuce, leeks, onions. Direct-sow roots, peas, spinach, beans. Garlic in April.

Clear summer crops promptly. Empty beds need compost."
Noarlunga,SA,cool,9b,mediterranean,May,"Autumn transitions fast. Cool nights arrive, autumn crops thrive.

Plant brassicas, lettuce, leeks, onions. Direct-sow roots, peas, spinach, beans. Garlic in April.

Clear summer crops promptly. Empty beds need compost."
Noarlunga,SA,cool,9b,mediterranean,June,"Winter is cool but manageable. Occasional frosts, not constant.

Winter crops grow steadily. Spinach, kale, peas, beans, brassicas, roots produce regular harvest.

Start spring seedlings by August. Use quiet winter for planning."
Noarlunga,SA,cool,9b,mediterranean,July,"Winter is cool but manageable. Occasional frosts, not constant.

Winter crops grow steadily. Spinach, kale, peas, beans, brassicas, roots produce regular harvest.

Start spring seedlings by August. Use quiet winter for planning."
Noarlunga,SA,cool,9b,mediterranean,August,"Winter is cool but manageable. Occasional frosts, not constant.

Winter crops grow steadily. Spinach, kale, peas, beans, brassicas, roots produce regular harvest.

Start spring seedlings by August. Use quiet winter for planning."
Noarlunga,SA,cool,9b,mediterranean,September,"Spring arrives progressively. Early spring carries frost risk but warmth increases.

Plant tender crops by late October after frost passes. Sow: carrots, lettuce, roots. Succession sow.

Growth accelerates week by week."
Noarlunga,SA,cool,9b,mediterranean,October,"Spring arrives progressively. Early spring carries frost risk but warmth increases.

Plant tender crops by late October after frost passes. Sow: carrots, lettuce, roots. Succession sow.

Growth accelerates week by week."
Noarlunga,SA,cool,9b,mediterranean,November,"Spring arrives progressively. Early spring carries frost risk but warmth increases.

Plant tender crops by late October after frost passes. Sow: carrots, lettuce, roots. Succession sow.

Growth accelerates week by week."
Noarlunga,SA,cool,9b,mediterranean,December,"Summer is milder. Growth steady but cool nights limit heat-lovers. Keep picking.

Start brassica and lettuce seedlings indoors. Direct-sow carrots, beetroot, silverbeet, kale.

Water deeply morning. Mulch heavily."
Norwood,SA,cool,9b,coastal|mediterranean,January,"Summer is milder. Growth steady but cool nights limit heat-lovers. Keep picking.

Start brassica and lettuce seedlings indoors. Direct-sow carrots, beetroot, silverbeet, kale.

Water deeply morning. Mulch heavily."
Norwood,SA,cool,9b,coastal|mediterranean,February,"Summer is milder. Growth steady but cool nights limit heat-lovers. Keep picking.

Start brassica and lettuce seedlings indoors. Direct-sow carrots, beetroot, silverbeet, kale.

Water deeply morning. Mulch heavily."
Norwood,SA,cool,9b,coastal|mediterranean,March,"Autumn transitions fast. Cool nights arrive, autumn crops thrive.

Plant brassicas, lettuce, leeks, onions. Direct-sow roots, peas, spinach, beans. Garlic in April.

Clear summer crops promptly. Empty beds need compost."
Norwood,SA,cool,9b,coastal|mediterranean,April,"Autumn transitions fast. Cool nights arrive, autumn crops thrive.

Plant brassicas, lettuce, leeks, onions. Direct-sow roots, peas, spinach, beans. Garlic in April.

Clear summer crops promptly. Empty beds need compost."
Norwood,SA,cool,9b,coastal|mediterranean,May,"Autumn transitions fast. Cool nights arrive, autumn crops thrive.

Plant brassicas, lettuce, leeks, onions. Direct-sow roots, peas, spinach, beans. Garlic in April.

Clear summer crops promptly. Empty beds need compost."
Norwood,SA,cool,9b,coastal|mediterranean,June,"Winter is cool but manageable. Occasional frosts, not constant.

Winter crops grow steadily. Spinach, kale, peas, beans, brassicas, roots produce regular harvest.

Start spring seedlings by August. Use quiet winter for planning."
Norwood,SA,cool,9b,coastal|mediterranean,July,"Winter is cool but manageable. Occasional frosts, not constant.

Winter crops grow steadily. Spinach, kale, peas, beans, brassicas, roots produce regular harvest.

Start spring seedlings by August. Use quiet winter for planning."
Norwood,SA,cool,9b,coastal|mediterranean,August,"Winter is cool but manageable. Occasional frosts, not constant.

Winter crops grow steadily. Spinach, kale, peas, beans, brassicas, roots produce regular harvest.

Start spring seedlings by August. Use quiet winter for planning."
Norwood,SA,cool,9b,coastal|mediterranean,September,"Spring arrives progressively. Early spring carries frost risk but warmth increases.

Plant tender crops by late October after frost passes. Sow: carrots, lettuce, roots. Succession sow.

Growth accelerates week by week."
Norwood,SA,cool,9b,coastal|mediterranean,October,"Spring arrives progressively. Early spring carries frost risk but warmth increases.

Plant tender crops by late October after frost passes. Sow: carrots, lettuce, roots. Succession sow.

Growth accelerates week by week."
Norwood,SA,cool,9b,coastal|mediterranean,November,"Spring arrives progressively. Early spring carries frost risk but warmth increases.

Plant tender crops by late October after frost passes. Sow: carrots, lettuce, roots. Succession sow.

Growth accelerates week by week."
Norwood,SA,cool,9b,coastal|mediterranean,December,"Summer is milder. Growth steady but cool nights limit heat-lovers. Keep picking.

Start brassica and lettuce seedlings indoors. Direct-sow carrots, beetroot, silverbeet, kale.

Water deeply morning. Mulch heavily."
Port Augusta,SA,temperate,10a,arid_inland,January,"Summer production solid. Tomatoes, beans, cucumbers, zucchini, pumpkins grow well with consistent water. Pick regularly.

Sow autumn crops in warm soil: carrots, beets, brassicas, lettuce establish quickly.

Water deeply morning. Mulch moderates temperature."
Port Augusta,SA,temperate,10a,arid_inland,February,"Summer production solid. Tomatoes, beans, cucumbers, zucchini, pumpkins grow well with consistent water. Pick regularly.

Sow autumn crops in warm soil: carrots, beets, brassicas, lettuce establish quickly.

Water deeply morning. Mulch moderates temperature."
Port Augusta,SA,temperate,10a,arid_inland,March,"Autumn established. Prime time for cool-season crops: brassicas, lettuce, roots, peas, beans.

Plant seedlings and direct-sow freely. Garlic in April. Everything grows steadily as temperatures cool.

Clear summer crops. Empty beds should be mulched."
Port Augusta,SA,temperate,10a,arid_inland,April,"Autumn established. Prime time for cool-season crops: brassicas, lettuce, roots, peas, beans.

Plant seedlings and direct-sow freely. Garlic in April. Everything grows steadily as temperatures cool.

Clear summer crops. Empty beds should be mulched."
Port Augusta,SA,temperate,10a,arid_inland,May,"Autumn established. Prime time for cool-season crops: brassicas, lettuce, roots, peas, beans.

Plant seedlings and direct-sow freely. Garlic in April. Everything grows steadily as temperatures cool.

Clear summer crops. Empty beds should be mulched."
Port Augusta,SA,temperate,10a,arid_inland,June,"Winter is cool to cold. Frosts vary by location.

Winter crops provide steady harvest. Kale, spinach, peas, beans, roots produce. Protect tender plantings.

Start spring seedlings indoors. Prepare beds."
Port Augusta,SA,temperate,10a,arid_inland,July,"Winter is cool to cold. Frosts vary by location.

Winter crops provide steady harvest. Kale, spinach, peas, beans, roots produce. Protect tender plantings.

Start spring seedlings indoors. Prepare beds."
Port Augusta,SA,temperate,10a,arid_inland,August,"Winter is cool to cold. Frosts vary by location.

Winter crops provide steady harvest. Kale, spinach, peas, beans, roots produce. Protect tender plantings.

Start spring seedlings indoors. Prepare beds."
Port Augusta,SA,temperate,10a,arid_inland,September,"Spring arrives progressively. Frost risk decreases but may linger into early October.

Plant tender crops after last frost. Sow: carrots, lettuce, roots, herbs. Succession sow.

Growth accelerates through spring."
Port Augusta,SA,temperate,10a,arid_inland,October,"Spring arrives progressively. Frost risk decreases but may linger into early October.

Plant tender crops after last frost. Sow: carrots, lettuce, roots, herbs. Succession sow.

Growth accelerates through spring."
Port Augusta,SA,temperate,10a,arid_inland,November,"Spring arrives progressively. Frost risk decreases but may linger into early October.

Plant tender crops after last frost. Sow: carrots, lettuce, roots, herbs. Succession sow.

Growth accelerates through spring."
Port Augusta,SA,temperate,10a,arid_inland,December,"Summer production solid. Tomatoes, beans, cucumbers, zucchini, pumpkins grow well with consistent water. Pick regularly.

Sow autumn crops in warm soil: carrots, beets, brassicas, lettuce establish quickly.

Water deeply morning. Mulch moderates temperature."
Port Lincoln,SA,cool,9b,mediterranean,January,"Summer is milder. Growth steady but cool nights limit heat-lovers. Keep picking.

Start brassica and lettuce seedlings indoors. Direct-sow carrots, beetroot, silverbeet, kale.

Water deeply morning. Mulch heavily."
Port Lincoln,SA,cool,9b,mediterranean,February,"Summer is milder. Growth steady but cool nights limit heat-lovers. Keep picking.

Start brassica and lettuce seedlings indoors. Direct-sow carrots, beetroot, silverbeet, kale.

Water deeply morning. Mulch heavily."
Port Lincoln,SA,cool,9b,mediterranean,March,"Autumn transitions fast. Cool nights arrive, autumn crops thrive.

Plant brassicas, lettuce, leeks, onions. Direct-sow roots, peas, spinach, beans. Garlic in April.

Clear summer crops promptly. Empty beds need compost."
Port Lincoln,SA,cool,9b,mediterranean,April,"Autumn transitions fast. Cool nights arrive, autumn crops thrive.

Plant brassicas, lettuce, leeks, onions. Direct-sow roots, peas, spinach, beans. Garlic in April.

Clear summer crops promptly. Empty beds need compost."
Port Lincoln,SA,cool,9b,mediterranean,May,"Autumn transitions fast. Cool nights arrive, autumn crops thrive.

Plant brassicas, lettuce, leeks, onions. Direct-sow roots, peas, spinach, beans. Garlic in April.

Clear summer crops promptly. Empty beds need compost."
Port Lincoln,SA,cool,9b,mediterranean,June,"Winter is cool but manageable. Occasional frosts, not constant.

Winter crops grow steadily. Spinach, kale, peas, beans, brassicas, roots produce regular harvest.

Start spring seedlings by August. Use quiet winter for planning."
Port Lincoln,SA,cool,9b,mediterranean,July,"Winter is cool but manageable. Occasional frosts, not constant.

Winter crops grow steadily. Spinach, kale, peas, beans, brassicas, roots produce regular harvest.

Start spring seedlings by August. Use quiet winter for planning."
Port Lincoln,SA,cool,9b,mediterranean,August,"Winter is cool but manageable. Occasional frosts, not constant.

Winter crops grow steadily. Spinach, kale, peas, beans, brassicas, roots produce regular harvest.

Start spring seedlings by August. Use quiet winter for planning."
Port Lincoln,SA,cool,9b,mediterranean,September,"Spring arrives progressively. Early spring carries frost risk but warmth increases.

Plant tender crops by late October after frost passes. Sow: carrots, lettuce, roots. Succession sow.

Growth accelerates week by week."
Port Lincoln,SA,cool,9b,mediterranean,October,"Spring arrives progressively. Early spring carries frost risk but warmth increases.

Plant tender crops by late October after frost passes. Sow: carrots, lettuce, roots. Succession sow.

Growth accelerates week by week."
Port Lincoln,SA,cool,9b,mediterranean,November,"Spring arrives progressively. Early spring carries frost risk but warmth increases.

Plant tender crops by late October after frost passes. Sow: carrots, lettuce, roots. Succession sow.

Growth accelerates week by week."
Port Lincoln,SA,cool,9b,mediterranean,December,"Summer is milder. Growth steady but cool nights limit heat-lovers. Keep picking.

Start brassica and lettuce seedlings indoors. Direct-sow carrots, beetroot, silverbeet, kale.

Water deeply morning. Mulch heavily."
Prospect,SA,cool,9b,coastal|mediterranean,January,"Summer is milder. Growth steady but cool nights limit heat-lovers. Keep picking.

Start brassica and lettuce seedlings indoors. Direct-sow carrots, beetroot, silverbeet, kale.

Water deeply morning. Mulch heavily."
Prospect,SA,cool,9b,coastal|mediterranean,February,"Summer is milder. Growth steady but cool nights limit heat-lovers. Keep picking.

Start brassica and lettuce seedlings indoors. Direct-sow carrots, beetroot, silverbeet, kale.

Water deeply morning. Mulch heavily."
Prospect,SA,cool,9b,coastal|mediterranean,March,"Autumn transitions fast. Cool nights arrive, autumn crops thrive.

Plant brassicas, lettuce, leeks, onions. Direct-sow roots, peas, spinach, beans. Garlic in April.

Clear summer crops promptly. Empty beds need compost."
Prospect,SA,cool,9b,coastal|mediterranean,April,"Autumn transitions fast. Cool nights arrive, autumn crops thrive.

Plant brassicas, lettuce, leeks, onions. Direct-sow roots, peas, spinach, beans. Garlic in April.

Clear summer crops promptly. Empty beds need compost."
Prospect,SA,cool,9b,coastal|mediterranean,May,"Autumn transitions fast. Cool nights arrive, autumn crops thrive.

Plant brassicas, lettuce, leeks, onions. Direct-sow roots, peas, spinach, beans. Garlic in April.

Clear summer crops promptly. Empty beds need compost."
Prospect,SA,cool,9b,coastal|mediterranean,June,"Winter is cool but manageable. Occasional frosts, not constant.

Winter crops grow steadily. Spinach, kale, peas, beans, brassicas, roots produce regular harvest.

Start spring seedlings by August. Use quiet winter for planning."
Prospect,SA,cool,9b,coastal|mediterranean,July,"Winter is cool but manageable. Occasional frosts, not constant.

Winter crops grow steadily. Spinach, kale, peas, beans, brassicas, roots produce regular harvest.

Start spring seedlings by August. Use quiet winter for planning."
Prospect,SA,cool,9b,coastal|mediterranean,August,"Winter is cool but manageable. Occasional frosts, not constant.

Winter crops grow steadily. Spinach, kale, peas, beans, brassicas, roots produce regular harvest.

Start spring seedlings by August. Use quiet winter for planning."
Prospect,SA,cool,9b,coastal|mediterranean,September,"Spring arrives progressively. Early spring carries frost risk but warmth increases.

Plant tender crops by late October after frost passes. Sow: carrots, lettuce, roots. Succession sow.

Growth accelerates week by week."
Prospect,SA,cool,9b,coastal|mediterranean,October,"Spring arrives progressively. Early spring carries frost risk but warmth increases.

Plant tender crops by late October after frost passes. Sow: carrots, lettuce, roots. Succession sow.

Growth accelerates week by week."
Prospect,SA,cool,9b,coastal|mediterranean,November,"Spring arrives progressively. Early spring carries frost risk but warmth increases.

Plant tender crops by late October after frost passes. Sow: carrots, lettuce, roots. Succession sow.

Growth accelerates week by week."
Prospect,SA,cool,9b,coastal|mediterranean,December,"Summer is milder. Growth steady but cool nights limit heat-lovers. Keep picking.

Start brassica and lettuce seedlings indoors. Direct-sow carrots, beetroot, silverbeet, kale.

Water deeply morning. Mulch heavily."
Renmark,SA,temperate,10a,mediterranean,January,"Summer production solid. Tomatoes, beans, cucumbers, zucchini, pumpkins grow well with consistent water. Pick regularly.

Sow autumn crops in warm soil: carrots, beets, brassicas, lettuce establish quickly.

Water deeply morning. Mulch moderates temperature."
Renmark,SA,temperate,10a,mediterranean,February,"Summer production solid. Tomatoes, beans, cucumbers, zucchini, pumpkins grow well with consistent water. Pick regularly.

Sow autumn crops in warm soil: carrots, beets, brassicas, lettuce establish quickly.

Water deeply morning. Mulch moderates temperature."
Renmark,SA,temperate,10a,mediterranean,March,"Autumn established. Prime time for cool-season crops: brassicas, lettuce, roots, peas, beans.

Plant seedlings and direct-sow freely. Garlic in April. Everything grows steadily as temperatures cool.

Clear summer crops. Empty beds should be mulched."
Renmark,SA,temperate,10a,mediterranean,April,"Autumn established. Prime time for cool-season crops: brassicas, lettuce, roots, peas, beans.

Plant seedlings and direct-sow freely. Garlic in April. Everything grows steadily as temperatures cool.

Clear summer crops. Empty beds should be mulched."
Renmark,SA,temperate,10a,mediterranean,May,"Autumn established. Prime time for cool-season crops: brassicas, lettuce, roots, peas, beans.

Plant seedlings and direct-sow freely. Garlic in April. Everything grows steadily as temperatures cool.

Clear summer crops. Empty beds should be mulched."
Renmark,SA,temperate,10a,mediterranean,June,"Winter is cool to cold. Frosts vary by location.

Winter crops provide steady harvest. Kale, spinach, peas, beans, roots produce. Protect tender plantings.

Start spring seedlings indoors. Prepare beds."
Renmark,SA,temperate,10a,mediterranean,July,"Winter is cool to cold. Frosts vary by location.

Winter crops provide steady harvest. Kale, spinach, peas, beans, roots produce. Protect tender plantings.

Start spring seedlings indoors. Prepare beds."
Renmark,SA,temperate,10a,mediterranean,August,"Winter is cool to cold. Frosts vary by location.

Winter crops provide steady harvest. Kale, spinach, peas, beans, roots produce. Protect tender plantings.

Start spring seedlings indoors. Prepare beds."
Renmark,SA,temperate,10a,mediterranean,September,"Spring arrives progressively. Frost risk decreases but may linger into early October.

Plant tender crops after last frost. Sow: carrots, lettuce, roots, herbs. Succession sow.

Growth accelerates through spring."
Renmark,SA,temperate,10a,mediterranean,October,"Spring arrives progressively. Frost risk decreases but may linger into early October.

Plant tender crops after last frost. Sow: carrots, lettuce, roots, herbs. Succession sow.

Growth accelerates through spring."
Renmark,SA,temperate,10a,mediterranean,November,"Spring arrives progressively. Frost risk decreases but may linger into early October.

Plant tender crops after last frost. Sow: carrots, lettuce, roots, herbs. Succession sow.

Growth accelerates through spring."
Renmark,SA,temperate,10a,mediterranean,December,"Summer production solid. Tomatoes, beans, cucumbers, zucchini, pumpkins grow well with consistent water. Pick regularly.

Sow autumn crops in warm soil: carrots, beets, brassicas, lettuce establish quickly.

Water deeply morning. Mulch moderates temperature."
Salisbury,SA,cool,9b,mediterranean,January,"Summer is milder. Growth steady but cool nights limit heat-lovers. Keep picking.

Start brassica and lettuce seedlings indoors. Direct-sow carrots, beetroot, silverbeet, kale.

Water deeply morning. Mulch heavily."
Salisbury,SA,cool,9b,mediterranean,February,"Summer is milder. Growth steady but cool nights limit heat-lovers. Keep picking.

Start brassica and lettuce seedlings indoors. Direct-sow carrots, beetroot, silverbeet, kale.

Water deeply morning. Mulch heavily."
Salisbury,SA,cool,9b,mediterranean,March,"Autumn transitions fast. Cool nights arrive, autumn crops thrive.

Plant brassicas, lettuce, leeks, onions. Direct-sow roots, peas, spinach, beans. Garlic in April.

Clear summer crops promptly. Empty beds need compost."
Salisbury,SA,cool,9b,mediterranean,April,"Autumn transitions fast. Cool nights arrive, autumn crops thrive.

Plant brassicas, lettuce, leeks, onions. Direct-sow roots, peas, spinach, beans. Garlic in April.

Clear summer crops promptly. Empty beds need compost."
Salisbury,SA,cool,9b,mediterranean,May,"Autumn transitions fast. Cool nights arrive, autumn crops thrive.

Plant brassicas, lettuce, leeks, onions. Direct-sow roots, peas, spinach, beans. Garlic in April.

Clear summer crops promptly. Empty beds need compost."
Salisbury,SA,cool,9b,mediterranean,June,"Winter is cool but manageable. Occasional frosts, not constant.

Winter crops grow steadily. Spinach, kale, peas, beans, brassicas, roots produce regular harvest.

Start spring seedlings by August. Use quiet winter for planning."
Salisbury,SA,cool,9b,mediterranean,July,"Winter is cool but manageable. Occasional frosts, not constant.

Winter crops grow steadily. Spinach, kale, peas, beans, brassicas, roots produce regular harvest.

Start spring seedlings by August. Use quiet winter for planning."
Salisbury,SA,cool,9b,mediterranean,August,"Winter is cool but manageable. Occasional frosts, not constant.

Winter crops grow steadily. Spinach, kale, peas, beans, brassicas, roots produce regular harvest.

Start spring seedlings by August. Use quiet winter for planning."
Salisbury,SA,cool,9b,mediterranean,September,"Spring arrives progressively. Early spring carries frost risk but warmth increases.

Plant tender crops by late October after frost passes. Sow: carrots, lettuce, roots. Succession sow.

Growth accelerates week by week."
Salisbury,SA,cool,9b,mediterranean,October,"Spring arrives progressively. Early spring carries frost risk but warmth increases.

Plant tender crops by late October after frost passes. Sow: carrots, lettuce, roots. Succession sow.

Growth accelerates week by week."
Salisbury,SA,cool,9b,mediterranean,November,"Spring arrives progressively. Early spring carries frost risk but warmth increases.

Plant tender crops by late October after frost passes. Sow: carrots, lettuce, roots. Succession sow.

Growth accelerates week by week."
Salisbury,SA,cool,9b,mediterranean,December,"Summer is milder. Growth steady but cool nights limit heat-lovers. Keep picking.

Start brassica and lettuce seedlings indoors. Direct-sow carrots, beetroot, silverbeet, kale.

Water deeply morning. Mulch heavily."
Stirling,SA,cool,9a,alpine_highland|inland,January,"Summer is milder. Growth steady but cool nights limit heat-lovers. Keep picking.

Start brassica and lettuce seedlings indoors. Direct-sow carrots, beetroot, silverbeet, kale.

Water deeply morning. Mulch heavily."
Stirling,SA,cool,9a,alpine_highland|inland,February,"Summer is milder. Growth steady but cool nights limit heat-lovers. Keep picking.

Start brassica and lettuce seedlings indoors. Direct-sow carrots, beetroot, silverbeet, kale.

Water deeply morning. Mulch heavily."
Stirling,SA,cool,9a,alpine_highland|inland,March,"Autumn transitions fast. Cool nights arrive, autumn crops thrive.

Plant brassicas, lettuce, leeks, onions. Direct-sow roots, peas, spinach, beans. Garlic in April.

Clear summer crops promptly. Empty beds need compost."
Stirling,SA,cool,9a,alpine_highland|inland,April,"Autumn transitions fast. Cool nights arrive, autumn crops thrive.

Plant brassicas, lettuce, leeks, onions. Direct-sow roots, peas, spinach, beans. Garlic in April.

Clear summer crops promptly. Empty beds need compost."
Stirling,SA,cool,9a,alpine_highland|inland,May,"Autumn transitions fast. Cool nights arrive, autumn crops thrive.

Plant brassicas, lettuce, leeks, onions. Direct-sow roots, peas, spinach, beans. Garlic in April.

Clear summer crops promptly. Empty beds need compost."
Stirling,SA,cool,9a,alpine_highland|inland,June,"Winter is cool but manageable. Occasional frosts, not constant.

Winter crops grow steadily. Spinach, kale, peas, beans, brassicas, roots produce regular harvest.

Start spring seedlings by August. Use quiet winter for planning."
Stirling,SA,cool,9a,alpine_highland|inland,July,"Winter is cool but manageable. Occasional frosts, not constant.

Winter crops grow steadily. Spinach, kale, peas, beans, brassicas, roots produce regular harvest.

Start spring seedlings by August. Use quiet winter for planning."
Stirling,SA,cool,9a,alpine_highland|inland,August,"Winter is cool but manageable. Occasional frosts, not constant.

Winter crops grow steadily. Spinach, kale, peas, beans, brassicas, roots produce regular harvest.

Start spring seedlings by August. Use quiet winter for planning."
Stirling,SA,cool,9a,alpine_highland|inland,September,"Spring arrives progressively. Early spring carries frost risk but warmth increases.

Plant tender crops by late October after frost passes. Sow: carrots, lettuce, roots. Succession sow.

Growth accelerates week by week."
Stirling,SA,cool,9a,alpine_highland|inland,October,"Spring arrives progressively. Early spring carries frost risk but warmth increases.

Plant tender crops by late October after frost passes. Sow: carrots, lettuce, roots. Succession sow.

Growth accelerates week by week."
Stirling,SA,cool,9a,alpine_highland|inland,November,"Spring arrives progressively. Early spring carries frost risk but warmth increases.

Plant tender crops by late October after frost passes. Sow: carrots, lettuce, roots. Succession sow.

Growth accelerates week by week."
Stirling,SA,cool,9a,alpine_highland|inland,December,"Summer is milder. Growth steady but cool nights limit heat-lovers. Keep picking.

Start brassica and lettuce seedlings indoors. Direct-sow carrots, beetroot, silverbeet, kale.

Water deeply morning. Mulch heavily."
Unley,SA,cool,9b,coastal|mediterranean,January,"Summer is milder. Growth steady but cool nights limit heat-lovers. Keep picking.

Start brassica and lettuce seedlings indoors. Direct-sow carrots, beetroot, silverbeet, kale.

Water deeply morning. Mulch heavily."
Unley,SA,cool,9b,coastal|mediterranean,February,"Summer is milder. Growth steady but cool nights limit heat-lovers. Keep picking.

Start brassica and lettuce seedlings indoors. Direct-sow carrots, beetroot, silverbeet, kale.

Water deeply morning. Mulch heavily."
Unley,SA,cool,9b,coastal|mediterranean,March,"Autumn transitions fast. Cool nights arrive, autumn crops thrive.

Plant brassicas, lettuce, leeks, onions. Direct-sow roots, peas, spinach, beans. Garlic in April.

Clear summer crops promptly. Empty beds need compost."
Unley,SA,cool,9b,coastal|mediterranean,April,"Autumn transitions fast. Cool nights arrive, autumn crops thrive.

Plant brassicas, lettuce, leeks, onions. Direct-sow roots, peas, spinach, beans. Garlic in April.

Clear summer crops promptly. Empty beds need compost."
Unley,SA,cool,9b,coastal|mediterranean,May,"Autumn transitions fast. Cool nights arrive, autumn crops thrive.

Plant brassicas, lettuce, leeks, onions. Direct-sow roots, peas, spinach, beans. Garlic in April.

Clear summer crops promptly. Empty beds need compost."
Unley,SA,cool,9b,coastal|mediterranean,June,"Winter is cool but manageable. Occasional frosts, not constant.

Winter crops grow steadily. Spinach, kale, peas, beans, brassicas, roots produce regular harvest.

Start spring seedlings by August. Use quiet winter for planning."
Unley,SA,cool,9b,coastal|mediterranean,July,"Winter is cool but manageable. Occasional frosts, not constant.

Winter crops grow steadily. Spinach, kale, peas, beans, brassicas, roots produce regular harvest.

Start spring seedlings by August. Use quiet winter for planning."
Unley,SA,cool,9b,coastal|mediterranean,August,"Winter is cool but manageable. Occasional frosts, not constant.

Winter crops grow steadily. Spinach, kale, peas, beans, brassicas, roots produce regular harvest.

Start spring seedlings by August. Use quiet winter for planning."
Unley,SA,cool,9b,coastal|mediterranean,September,"Spring arrives progressively. Early spring carries frost risk but warmth increases.

Plant tender crops by late October after frost passes. Sow: carrots, lettuce, roots. Succession sow.

Growth accelerates week by week."
Unley,SA,cool,9b,coastal|mediterranean,October,"Spring arrives progressively. Early spring carries frost risk but warmth increases.

Plant tender crops by late October after frost passes. Sow: carrots, lettuce, roots. Succession sow.

Growth accelerates week by week."
Unley,SA,cool,9b,coastal|mediterranean,November,"Spring arrives progressively. Early spring carries frost risk but warmth increases.

Plant tender crops by late October after frost passes. Sow: carrots, lettuce, roots. Succession sow.

Growth accelerates week by week."
Unley,SA,cool,9b,coastal|mediterranean,December,"Summer is milder. Growth steady but cool nights limit heat-lovers. Keep picking.

Start brassica and lettuce seedlings indoors. Direct-sow carrots, beetroot, silverbeet, kale.

Water deeply morning. Mulch heavily."
Victor Harbor,SA,cool,9b,coastal|mediterranean,January,"Summer is milder. Growth steady but cool nights limit heat-lovers. Keep picking.

Start brassica and lettuce seedlings indoors. Direct-sow carrots, beetroot, silverbeet, kale.

Water deeply morning. Mulch heavily."
Victor Harbor,SA,cool,9b,coastal|mediterranean,February,"Summer is milder. Growth steady but cool nights limit heat-lovers. Keep picking.

Start brassica and lettuce seedlings indoors. Direct-sow carrots, beetroot, silverbeet, kale.

Water deeply morning. Mulch heavily."
Victor Harbor,SA,cool,9b,coastal|mediterranean,March,"Autumn transitions fast. Cool nights arrive, autumn crops thrive.

Plant brassicas, lettuce, leeks, onions. Direct-sow roots, peas, spinach, beans. Garlic in April.

Clear summer crops promptly. Empty beds need compost."
Victor Harbor,SA,cool,9b,coastal|mediterranean,April,"Autumn transitions fast. Cool nights arrive, autumn crops thrive.

Plant brassicas, lettuce, leeks, onions. Direct-sow roots, peas, spinach, beans. Garlic in April.

Clear summer crops promptly. Empty beds need compost."
Victor Harbor,SA,cool,9b,coastal|mediterranean,May,"Autumn transitions fast. Cool nights arrive, autumn crops thrive.

Plant brassicas, lettuce, leeks, onions. Direct-sow roots, peas, spinach, beans. Garlic in April.

Clear summer crops promptly. Empty beds need compost."
Victor Harbor,SA,cool,9b,coastal|mediterranean,June,"Winter is cool but manageable. Occasional frosts, not constant.

Winter crops grow steadily. Spinach, kale, peas, beans, brassicas, roots produce regular harvest.

Start spring seedlings by August. Use quiet winter for planning."
Victor Harbor,SA,cool,9b,coastal|mediterranean,July,"Winter is cool but manageable. Occasional frosts, not constant.

Winter crops grow steadily. Spinach, kale, peas, beans, brassicas, roots produce regular harvest.

Start spring seedlings by August. Use quiet winter for planning."
Victor Harbor,SA,cool,9b,coastal|mediterranean,August,"Winter is cool but manageable. Occasional frosts, not constant.

Winter crops grow steadily. Spinach, kale, peas, beans, brassicas, roots produce regular harvest.

Start spring seedlings by August. Use quiet winter for planning."
Victor Harbor,SA,cool,9b,coastal|mediterranean,September,"Spring arrives progressively. Early spring carries frost risk but warmth increases.

Plant tender crops by late October after frost passes. Sow: carrots, lettuce, roots. Succession sow.

Growth accelerates week by week."
Victor Harbor,SA,cool,9b,coastal|mediterranean,October,"Spring arrives progressively. Early spring carries frost risk but warmth increases.

Plant tender crops by late October after frost passes. Sow: carrots, lettuce, roots. Succession sow.

Growth accelerates week by week."
Victor Harbor,SA,cool,9b,coastal|mediterranean,November,"Spring arrives progressively. Early spring carries frost risk but warmth increases.

Plant tender crops by late October after frost passes. Sow: carrots, lettuce, roots. Succession sow.

Growth accelerates week by week."
Victor Harbor,SA,cool,9b,coastal|mediterranean,December,"Summer is milder. Growth steady but cool nights limit heat-lovers. Keep picking.

Start brassica and lettuce seedlings indoors. Direct-sow carrots, beetroot, silverbeet, kale.

Water deeply morning. Mulch heavily."
Whyalla,SA,cool,9b,coastal|mediterranean,January,"Summer is milder. Growth steady but cool nights limit heat-lovers. Keep picking.

Start brassica and lettuce seedlings indoors. Direct-sow carrots, beetroot, silverbeet, kale.

Water deeply morning. Mulch heavily."
Whyalla,SA,cool,9b,coastal|mediterranean,February,"Summer is milder. Growth steady but cool nights limit heat-lovers. Keep picking.

Start brassica and lettuce seedlings indoors. Direct-sow carrots, beetroot, silverbeet, kale.

Water deeply morning. Mulch heavily."
Whyalla,SA,cool,9b,coastal|mediterranean,March,"Autumn transitions fast. Cool nights arrive, autumn crops thrive.

Plant brassicas, lettuce, leeks, onions. Direct-sow roots, peas, spinach, beans. Garlic in April.

Clear summer crops promptly. Empty beds need compost."
Whyalla,SA,cool,9b,coastal|mediterranean,April,"Autumn transitions fast. Cool nights arrive, autumn crops thrive.

Plant brassicas, lettuce, leeks, onions. Direct-sow roots, peas, spinach, beans. Garlic in April.

Clear summer crops promptly. Empty beds need compost."
Whyalla,SA,cool,9b,coastal|mediterranean,May,"Autumn transitions fast. Cool nights arrive, autumn crops thrive.

Plant brassicas, lettuce, leeks, onions. Direct-sow roots, peas, spinach, beans. Garlic in April.

Clear summer crops promptly. Empty beds need compost."
Whyalla,SA,cool,9b,coastal|mediterranean,June,"Winter is cool but manageable. Occasional frosts, not constant.

Winter crops grow steadily. Spinach, kale, peas, beans, brassicas, roots produce regular harvest.

Start spring seedlings by August. Use quiet winter for planning."
Whyalla,SA,cool,9b,coastal|mediterranean,July,"Winter is cool but manageable. Occasional frosts, not constant.

Winter crops grow steadily. Spinach, kale, peas, beans, brassicas, roots produce regular harvest.

Start spring seedlings by August. Use quiet winter for planning."
Whyalla,SA,cool,9b,coastal|mediterranean,August,"Winter is cool but manageable. Occasional frosts, not constant.

Winter crops grow steadily. Spinach, kale, peas, beans, brassicas, roots produce regular harvest.

Start spring seedlings by August. Use quiet winter for planning."
Whyalla,SA,cool,9b,coastal|mediterranean,September,"Spring arrives progressively. Early spring carries frost risk but warmth increases.

Plant tender crops by late October after frost passes. Sow: carrots, lettuce, roots. Succession sow.

Growth accelerates week by week."
Whyalla,SA,cool,9b,coastal|mediterranean,October,"Spring arrives progressively. Early spring carries frost risk but warmth increases.

Plant tender crops by late October after frost passes. Sow: carrots, lettuce, roots. Succession sow.

Growth accelerates week by week."
Whyalla,SA,cool,9b,coastal|mediterranean,November,"Spring arrives progressively. Early spring carries frost risk but warmth increases.

Plant tender crops by late October after frost passes. Sow: carrots, lettuce, roots. Succession sow.

Growth accelerates week by week."
Whyalla,SA,cool,9b,coastal|mediterranean,December,"Summer is milder. Growth steady but cool nights limit heat-lovers. Keep picking.

Start brassica and lettuce seedlings indoors. Direct-sow carrots, beetroot, silverbeet, kale.

Water deeply morning. Mulch heavily."
Battery Point,TAS,cold,8b,coastal,January,"Summer is established. Tomatoes, beans, cucumbers and zucchini produce heavily. Pick constantly.

Sow autumn crops now: carrots, beetroot, broccoli, kale, cabbage, silverbeet in warm soil. Chill lettuce seed or sow in shade.

Water deeply morning. Mulch heavily while ground is warm and moist."
Battery Point,TAS,cold,8b,coastal,February,"Garden feels summery but light softens. Plant brassicas from January seedlings—broccoli, cabbage, kale establish well.

Continue sowing beetroot, carrots, silverbeet, Asian greens for autumn.

Hot winds can dry beds. Deep watering before heat better than rescuing wilted plants."
Battery Point,TAS,cold,8b,coastal,March,"Autumn arrives quickly. Nights cool sharply, first light frosts possible late month.

Plant garlic. Sow spinach, peas, broad beans, Asian greens as soil cools.

Growth slows. Mulch for frost buffering. Keep fleece nearby for seedlings."
Battery Point,TAS,cold,8b,coastal,April,"True autumn planting season. Soil cooling but warm enough for hardy crops.

Plant brassicas, leeks, onions, lettuce, silverbeet. Sow spinach, peas, beans directly. Garlic succeeds through month.

Clear summer crops promptly. Empty beds need compost or green manure."
Battery Point,TAS,cold,8b,coastal,May,"Winter begins. Frost grows regular, soil stays wetter, growth slows.

Broad beans, spinach, silverbeet, garlic and hardy greens produce through mild spells.

Avoid walking wet soil. Add compost and seaweed to empty beds."
Battery Point,TAS,cold,8b,coastal,June,"Cold settles fully. Hardy vegetables continue—spinach, beans, silverbeet, brassicas crop through milder periods.

Protection matters. Young plants need shelter from wind as much as frost. Mulch root crops."
Battery Point,TAS,cold,8b,coastal,July,"Usually coldest month. Very little grows fast. Maintain winter crops rather than expect heavy harvests.

Use month for planning: order seed, repair beds, sharpen tools, plan spacing. Spring mistakes happen in July through impatience."
Battery Point,TAS,cold,8b,coastal,August,"Early spring stirs though winter hasn't released. Bright days come but frosts stay frequent.

Start tomatoes, capsicums, eggplants indoors. Sow lettuce, onions, brassicas under protection.

Resist rushing. Patient spring gardens overtake early damaged ones by November."
Battery Point,TAS,cold,8b,coastal,September,"Spring underway though frost still arrives on calm nights.

Plant onions, leeks, brassicas, silverbeet, lettuces. Sow carrots, beetroot, parsnips, peas. Successive sowing beats one glut.

Tomatoes, capsicums stay protected unless late month in warm spots."
Battery Point,TAS,cold,8b,coastal,October,"Everything accelerates. Soil warms, daylight stretches, growth shows daily.

Early October frost surprises. By late month, tomatoes, beans, zucchini, pumpkins plant safely in sheltered gardens.

Direct sowing productive. Beans, beetroot, carrots respond quickly."
Battery Point,TAS,cold,8b,coastal,November,"Great planting month. Soil warm, frost risk low, everything grows confidently.

Plant tomatoes, cucumbers, pumpkins, zucchini, beans. Capsicums and eggplants need warmest spots.

Mulch deeply. Consistent moisture prevents bitterness and blossom-end rot."
Battery Point,TAS,cold,8b,coastal,December,"Garden hits full summer momentum. Long days and warmth drive rapid growth and harvest.

Keep picking beans, cucumbers, zucchini. Harvest peas before heat finishes. Succession sow fast crops.

Deep morning watering and thick mulch beat frequent shallow watering."
Bellerine,TAS,cold,8b,coastal,January,"Summer is established. Tomatoes, beans, cucumbers and zucchini produce heavily. Pick constantly.

Sow autumn crops now: carrots, beetroot, broccoli, kale, cabbage, silverbeet in warm soil. Chill lettuce seed or sow in shade.

Water deeply morning. Mulch heavily while ground is warm and moist."
Bellerine,TAS,cold,8b,coastal,February,"Garden feels summery but light softens. Plant brassicas from January seedlings—broccoli, cabbage, kale establish well.

Continue sowing beetroot, carrots, silverbeet, Asian greens for autumn.

Hot winds can dry beds. Deep watering before heat better than rescuing wilted plants."
Bellerine,TAS,cold,8b,coastal,March,"Autumn arrives quickly. Nights cool sharply, first light frosts possible late month.

Plant garlic. Sow spinach, peas, broad beans, Asian greens as soil cools.

Growth slows. Mulch for frost buffering. Keep fleece nearby for seedlings."
Bellerine,TAS,cold,8b,coastal,April,"True autumn planting season. Soil cooling but warm enough for hardy crops.

Plant brassicas, leeks, onions, lettuce, silverbeet. Sow spinach, peas, beans directly. Garlic succeeds through month.

Clear summer crops promptly. Empty beds need compost or green manure."
Bellerine,TAS,cold,8b,coastal,May,"Winter begins. Frost grows regular, soil stays wetter, growth slows.

Broad beans, spinach, silverbeet, garlic and hardy greens produce through mild spells.

Avoid walking wet soil. Add compost and seaweed to empty beds."
Bellerine,TAS,cold,8b,coastal,June,"Cold settles fully. Hardy vegetables continue—spinach, beans, silverbeet, brassicas crop through milder periods.

Protection matters. Young plants need shelter from wind as much as frost. Mulch root crops."
Bellerine,TAS,cold,8b,coastal,July,"Usually coldest month. Very little grows fast. Maintain winter crops rather than expect heavy harvests.

Use month for planning: order seed, repair beds, sharpen tools, plan spacing. Spring mistakes happen in July through impatience."
Bellerine,TAS,cold,8b,coastal,August,"Early spring stirs though winter hasn't released. Bright days come but frosts stay frequent.

Start tomatoes, capsicums, eggplants indoors. Sow lettuce, onions, brassicas under protection.

Resist rushing. Patient spring gardens overtake early damaged ones by November."
Bellerine,TAS,cold,8b,coastal,September,"Spring underway though frost still arrives on calm nights.

Plant onions, leeks, brassicas, silverbeet, lettuces. Sow carrots, beetroot, parsnips, peas. Successive sowing beats one glut.

Tomatoes, capsicums stay protected unless late month in warm spots."
Bellerine,TAS,cold,8b,coastal,October,"Everything accelerates. Soil warms, daylight stretches, growth shows daily.

Early October frost surprises. By late month, tomatoes, beans, zucchini, pumpkins plant safely in sheltered gardens.

Direct sowing productive. Beans, beetroot, carrots respond quickly."
Bellerine,TAS,cold,8b,coastal,November,"Great planting month. Soil warm, frost risk low, everything grows confidently.

Plant tomatoes, cucumbers, pumpkins, zucchini, beans. Capsicums and eggplants need warmest spots.

Mulch deeply. Consistent moisture prevents bitterness and blossom-end rot."
Bellerine,TAS,cold,8b,coastal,December,"Garden hits full summer momentum. Long days and warmth drive rapid growth and harvest.

Keep picking beans, cucumbers, zucchini. Harvest peas before heat finishes. Succession sow fast crops.

Deep morning watering and thick mulch beat frequent shallow watering."
Bellerive,TAS,cold,8b,coastal,January,"Summer is established. Tomatoes, beans, cucumbers and zucchini produce heavily. Pick constantly.

Sow autumn crops now: carrots, beetroot, broccoli, kale, cabbage, silverbeet in warm soil. Chill lettuce seed or sow in shade.

Water deeply morning. Mulch heavily while ground is warm and moist."
Bellerive,TAS,cold,8b,coastal,February,"Garden feels summery but light softens. Plant brassicas from January seedlings—broccoli, cabbage, kale establish well.

Continue sowing beetroot, carrots, silverbeet, Asian greens for autumn.

Hot winds can dry beds. Deep watering before heat better than rescuing wilted plants."
Bellerive,TAS,cold,8b,coastal,March,"Autumn arrives quickly. Nights cool sharply, first light frosts possible late month.

Plant garlic. Sow spinach, peas, broad beans, Asian greens as soil cools.

Growth slows. Mulch for frost buffering. Keep fleece nearby for seedlings."
Bellerive,TAS,cold,8b,coastal,April,"True autumn planting season. Soil cooling but warm enough for hardy crops.

Plant brassicas, leeks, onions, lettuce, silverbeet. Sow spinach, peas, beans directly. Garlic succeeds through month.

Clear summer crops promptly. Empty beds need compost or green manure."
Bellerive,TAS,cold,8b,coastal,May,"Winter begins. Frost grows regular, soil stays wetter, growth slows.

Broad beans, spinach, silverbeet, garlic and hardy greens produce through mild spells.

Avoid walking wet soil. Add compost and seaweed to empty beds."
Bellerive,TAS,cold,8b,coastal,June,"Cold settles fully. Hardy vegetables continue—spinach, beans, silverbeet, brassicas crop through milder periods.

Protection matters. Young plants need shelter from wind as much as frost. Mulch root crops."
Bellerive,TAS,cold,8b,coastal,July,"Usually coldest month. Very little grows fast. Maintain winter crops rather than expect heavy harvests.

Use month for planning: order seed, repair beds, sharpen tools, plan spacing. Spring mistakes happen in July through impatience."
Bellerive,TAS,cold,8b,coastal,August,"Early spring stirs though winter hasn't released. Bright days come but frosts stay frequent.

Start tomatoes, capsicums, eggplants indoors. Sow lettuce, onions, brassicas under protection.

Resist rushing. Patient spring gardens overtake early damaged ones by November."
Bellerive,TAS,cold,8b,coastal,September,"Spring underway though frost still arrives on calm nights.

Plant onions, leeks, brassicas, silverbeet, lettuces. Sow carrots, beetroot, parsnips, peas. Successive sowing beats one glut.

Tomatoes, capsicums stay protected unless late month in warm spots."
Bellerive,TAS,cold,8b,coastal,October,"Everything accelerates. Soil warms, daylight stretches, growth shows daily.

Early October frost surprises. By late month, tomatoes, beans, zucchini, pumpkins plant safely in sheltered gardens.

Direct sowing productive. Beans, beetroot, carrots respond quickly."
Bellerive,TAS,cold,8b,coastal,November,"Great planting month. Soil warm, frost risk low, everything grows confidently.

Plant tomatoes, cucumbers, pumpkins, zucchini, beans. Capsicums and eggplants need warmest spots.

Mulch deeply. Consistent moisture prevents bitterness and blossom-end rot."
Bellerive,TAS,cold,8b,coastal,December,"Garden hits full summer momentum. Long days and warmth drive rapid growth and harvest.

Keep picking beans, cucumbers, zucchini. Harvest peas before heat finishes. Succession sow fast crops.

Deep morning watering and thick mulch beat frequent shallow watering."
Blackmans Bay,TAS,cold,8b,coastal,January,"Summer is established. Tomatoes, beans, cucumbers and zucchini produce heavily. Pick constantly.

Sow autumn crops now: carrots, beetroot, broccoli, kale, cabbage, silverbeet in warm soil. Chill lettuce seed or sow in shade.

Water deeply morning. Mulch heavily while ground is warm and moist."
Blackmans Bay,TAS,cold,8b,coastal,February,"Garden feels summery but light softens. Plant brassicas from January seedlings—broccoli, cabbage, kale establish well.

Continue sowing beetroot, carrots, silverbeet, Asian greens for autumn.

Hot winds can dry beds. Deep watering before heat better than rescuing wilted plants."
Blackmans Bay,TAS,cold,8b,coastal,March,"Autumn arrives quickly. Nights cool sharply, first light frosts possible late month.

Plant garlic. Sow spinach, peas, broad beans, Asian greens as soil cools.

Growth slows. Mulch for frost buffering. Keep fleece nearby for seedlings."
Blackmans Bay,TAS,cold,8b,coastal,April,"True autumn planting season. Soil cooling but warm enough for hardy crops.

Plant brassicas, leeks, onions, lettuce, silverbeet. Sow spinach, peas, beans directly. Garlic succeeds through month.

Clear summer crops promptly. Empty beds need compost or green manure."
Blackmans Bay,TAS,cold,8b,coastal,May,"Winter begins. Frost grows regular, soil stays wetter, growth slows.

Broad beans, spinach, silverbeet, garlic and hardy greens produce through mild spells.

Avoid walking wet soil. Add compost and seaweed to empty beds."
Blackmans Bay,TAS,cold,8b,coastal,June,"Cold settles fully. Hardy vegetables continue—spinach, beans, silverbeet, brassicas crop through milder periods.

Protection matters. Young plants need shelter from wind as much as frost. Mulch root crops."
Blackmans Bay,TAS,cold,8b,coastal,July,"Usually coldest month. Very little grows fast. Maintain winter crops rather than expect heavy harvests.

Use month for planning: order seed, repair beds, sharpen tools, plan spacing. Spring mistakes happen in July through impatience."
Blackmans Bay,TAS,cold,8b,coastal,August,"Early spring stirs though winter hasn't released. Bright days come but frosts stay frequent.

Start tomatoes, capsicums, eggplants indoors. Sow lettuce, onions, brassicas under protection.

Resist rushing. Patient spring gardens overtake early damaged ones by November."
Blackmans Bay,TAS,cold,8b,coastal,September,"Spring underway though frost still arrives on calm nights.

Plant onions, leeks, brassicas, silverbeet, lettuces. Sow carrots, beetroot, parsnips, peas. Successive sowing beats one glut.

Tomatoes, capsicums stay protected unless late month in warm spots."
Blackmans Bay,TAS,cold,8b,coastal,October,"Everything accelerates. Soil warms, daylight stretches, growth shows daily.

Early October frost surprises. By late month, tomatoes, beans, zucchini, pumpkins plant safely in sheltered gardens.

Direct sowing productive. Beans, beetroot, carrots respond quickly."
Blackmans Bay,TAS,cold,8b,coastal,November,"Great planting month. Soil warm, frost risk low, everything grows confidently.

Plant tomatoes, cucumbers, pumpkins, zucchini, beans. Capsicums and eggplants need warmest spots.

Mulch deeply. Consistent moisture prevents bitterness and blossom-end rot."
Blackmans Bay,TAS,cold,8b,coastal,December,"Garden hits full summer momentum. Long days and warmth drive rapid growth and harvest.

Keep picking beans, cucumbers, zucchini. Harvest peas before heat finishes. Succession sow fast crops.

Deep morning watering and thick mulch beat frequent shallow watering."
Bridgewater,TAS,cold,8b,inland,January,"Summer is established. Tomatoes, beans, cucumbers and zucchini produce heavily. Pick constantly.

Sow autumn crops now: carrots, beetroot, broccoli, kale, cabbage, silverbeet in warm soil. Chill lettuce seed or sow in shade.

Water deeply morning. Mulch heavily while ground is warm and moist."
Bridgewater,TAS,cold,8b,inland,February,"Garden feels summery but light softens. Plant brassicas from January seedlings—broccoli, cabbage, kale establish well.

Continue sowing beetroot, carrots, silverbeet, Asian greens for autumn.

Hot winds can dry beds. Deep watering before heat better than rescuing wilted plants."
Bridgewater,TAS,cold,8b,inland,March,"Autumn arrives quickly. Nights cool sharply, first light frosts possible late month.

Plant garlic. Sow spinach, peas, broad beans, Asian greens as soil cools.

Growth slows. Mulch for frost buffering. Keep fleece nearby for seedlings."
Bridgewater,TAS,cold,8b,inland,April,"True autumn planting season. Soil cooling but warm enough for hardy crops.

Plant brassicas, leeks, onions, lettuce, silverbeet. Sow spinach, peas, beans directly. Garlic succeeds through month.

Clear summer crops promptly. Empty beds need compost or green manure."
Bridgewater,TAS,cold,8b,inland,May,"Winter begins. Frost grows regular, soil stays wetter, growth slows.

Broad beans, spinach, silverbeet, garlic and hardy greens produce through mild spells.

Avoid walking wet soil. Add compost and seaweed to empty beds."
Bridgewater,TAS,cold,8b,inland,June,"Cold settles fully. Hardy vegetables continue—spinach, beans, silverbeet, brassicas crop through milder periods.

Protection matters. Young plants need shelter from wind as much as frost. Mulch root crops."
Bridgewater,TAS,cold,8b,inland,July,"Usually coldest month. Very little grows fast. Maintain winter crops rather than expect heavy harvests.

Use month for planning: order seed, repair beds, sharpen tools, plan spacing. Spring mistakes happen in July through impatience."
Bridgewater,TAS,cold,8b,inland,August,"Early spring stirs though winter hasn't released. Bright days come but frosts stay frequent.

Start tomatoes, capsicums, eggplants indoors. Sow lettuce, onions, brassicas under protection.

Resist rushing. Patient spring gardens overtake early damaged ones by November."
Bridgewater,TAS,cold,8b,inland,September,"Spring underway though frost still arrives on calm nights.

Plant onions, leeks, brassicas, silverbeet, lettuces. Sow carrots, beetroot, parsnips, peas. Successive sowing beats one glut.

Tomatoes, capsicums stay protected unless late month in warm spots."
Bridgewater,TAS,cold,8b,inland,October,"Everything accelerates. Soil warms, daylight stretches, growth shows daily.

Early October frost surprises. By late month, tomatoes, beans, zucchini, pumpkins plant safely in sheltered gardens.

Direct sowing productive. Beans, beetroot, carrots respond quickly."
Bridgewater,TAS,cold,8b,inland,November,"Great planting month. Soil warm, frost risk low, everything grows confidently.

Plant tomatoes, cucumbers, pumpkins, zucchini, beans. Capsicums and eggplants need warmest spots.

Mulch deeply. Consistent moisture prevents bitterness and blossom-end rot."
Bridgewater,TAS,cold,8b,inland,December,"Garden hits full summer momentum. Long days and warmth drive rapid growth and harvest.

Keep picking beans, cucumbers, zucchini. Harvest peas before heat finishes. Succession sow fast crops.

Deep morning watering and thick mulch beat frequent shallow watering."
Burnie,TAS,cold,8b,coastal,January,"Summer is established. Tomatoes, beans, cucumbers and zucchini produce heavily. Pick constantly.

Sow autumn crops now: carrots, beetroot, broccoli, kale, cabbage, silverbeet in warm soil. Chill lettuce seed or sow in shade.

Water deeply morning. Mulch heavily while ground is warm and moist."
Burnie,TAS,cold,8b,coastal,February,"Garden feels summery but light softens. Plant brassicas from January seedlings—broccoli, cabbage, kale establish well.

Continue sowing beetroot, carrots, silverbeet, Asian greens for autumn.

Hot winds can dry beds. Deep watering before heat better than rescuing wilted plants."
Burnie,TAS,cold,8b,coastal,March,"Autumn arrives quickly. Nights cool sharply, first light frosts possible late month.

Plant garlic. Sow spinach, peas, broad beans, Asian greens as soil cools.

Growth slows. Mulch for frost buffering. Keep fleece nearby for seedlings."
Burnie,TAS,cold,8b,coastal,April,"True autumn planting season. Soil cooling but warm enough for hardy crops.

Plant brassicas, leeks, onions, lettuce, silverbeet. Sow spinach, peas, beans directly. Garlic succeeds through month.

Clear summer crops promptly. Empty beds need compost or green manure."
Burnie,TAS,cold,8b,coastal,May,"Winter begins. Frost grows regular, soil stays wetter, growth slows.

Broad beans, spinach, silverbeet, garlic and hardy greens produce through mild spells.

Avoid walking wet soil. Add compost and seaweed to empty beds."
Burnie,TAS,cold,8b,coastal,June,"Cold settles fully. Hardy vegetables continue—spinach, beans, silverbeet, brassicas crop through milder periods.

Protection matters. Young plants need shelter from wind as much as frost. Mulch root crops."
Burnie,TAS,cold,8b,coastal,July,"Usually coldest month. Very little grows fast. Maintain winter crops rather than expect heavy harvests.

Use month for planning: order seed, repair beds, sharpen tools, plan spacing. Spring mistakes happen in July through impatience."
Burnie,TAS,cold,8b,coastal,August,"Early spring stirs though winter hasn't released. Bright days come but frosts stay frequent.

Start tomatoes, capsicums, eggplants indoors. Sow lettuce, onions, brassicas under protection.

Resist rushing. Patient spring gardens overtake early damaged ones by November."
Burnie,TAS,cold,8b,coastal,September,"Spring underway though frost still arrives on calm nights.

Plant onions, leeks, brassicas, silverbeet, lettuces. Sow carrots, beetroot, parsnips, peas. Successive sowing beats one glut.

Tomatoes, capsicums stay protected unless late month in warm spots."
Burnie,TAS,cold,8b,coastal,October,"Everything accelerates. Soil warms, daylight stretches, growth shows daily.

Early October frost surprises. By late month, tomatoes, beans, zucchini, pumpkins plant safely in sheltered gardens.

Direct sowing productive. Beans, beetroot, carrots respond quickly."
Burnie,TAS,cold,8b,coastal,November,"Great planting month. Soil warm, frost risk low, everything grows confidently.

Plant tomatoes, cucumbers, pumpkins, zucchini, beans. Capsicums and eggplants need warmest spots.

Mulch deeply. Consistent moisture prevents bitterness and blossom-end rot."
Burnie,TAS,cold,8b,coastal,December,"Garden hits full summer momentum. Long days and warmth drive rapid growth and harvest.

Keep picking beans, cucumbers, zucchini. Harvest peas before heat finishes. Succession sow fast crops.

Deep morning watering and thick mulch beat frequent shallow watering."
Claremont,TAS,cold,8b,coastal,January,"Summer is established. Tomatoes, beans, cucumbers and zucchini produce heavily. Pick constantly.

Sow autumn crops now: carrots, beetroot, broccoli, kale, cabbage, silverbeet in warm soil. Chill lettuce seed or sow in shade.

Water deeply morning. Mulch heavily while ground is warm and moist."
Claremont,TAS,cold,8b,coastal,February,"Garden feels summery but light softens. Plant brassicas from January seedlings—broccoli, cabbage, kale establish well.

Continue sowing beetroot, carrots, silverbeet, Asian greens for autumn.

Hot winds can dry beds. Deep watering before heat better than rescuing wilted plants."
Claremont,TAS,cold,8b,coastal,March,"Autumn arrives quickly. Nights cool sharply, first light frosts possible late month.

Plant garlic. Sow spinach, peas, broad beans, Asian greens as soil cools.

Growth slows. Mulch for frost buffering. Keep fleece nearby for seedlings."
Claremont,TAS,cold,8b,coastal,April,"True autumn planting season. Soil cooling but warm enough for hardy crops.

Plant brassicas, leeks, onions, lettuce, silverbeet. Sow spinach, peas, beans directly. Garlic succeeds through month.

Clear summer crops promptly. Empty beds need compost or green manure."
Claremont,TAS,cold,8b,coastal,May,"Winter begins. Frost grows regular, soil stays wetter, growth slows.

Broad beans, spinach, silverbeet, garlic and hardy greens produce through mild spells.

Avoid walking wet soil. Add compost and seaweed to empty beds."
Claremont,TAS,cold,8b,coastal,June,"Cold settles fully. Hardy vegetables continue—spinach, beans, silverbeet, brassicas crop through milder periods.

Protection matters. Young plants need shelter from wind as much as frost. Mulch root crops."
Claremont,TAS,cold,8b,coastal,July,"Usually coldest month. Very little grows fast. Maintain winter crops rather than expect heavy harvests.

Use month for planning: order seed, repair beds, sharpen tools, plan spacing. Spring mistakes happen in July through impatience."
Claremont,TAS,cold,8b,coastal,August,"Early spring stirs though winter hasn't released. Bright days come but frosts stay frequent.

Start tomatoes, capsicums, eggplants indoors. Sow lettuce, onions, brassicas under protection.

Resist rushing. Patient spring gardens overtake early damaged ones by November."
Claremont,TAS,cold,8b,coastal,September,"Spring underway though frost still arrives on calm nights.

Plant onions, leeks, brassicas, silverbeet, lettuces. Sow carrots, beetroot, parsnips, peas. Successive sowing beats one glut.

Tomatoes, capsicums stay protected unless late month in warm spots."
Claremont,TAS,cold,8b,coastal,October,"Everything accelerates. Soil warms, daylight stretches, growth shows daily.

Early October frost surprises. By late month, tomatoes, beans, zucchini, pumpkins plant safely in sheltered gardens.

Direct sowing productive. Beans, beetroot, carrots respond quickly."
Claremont,TAS,cold,8b,coastal,November,"Great planting month. Soil warm, frost risk low, everything grows confidently.

Plant tomatoes, cucumbers, pumpkins, zucchini, beans. Capsicums and eggplants need warmest spots.

Mulch deeply. Consistent moisture prevents bitterness and blossom-end rot."
Claremont,TAS,cold,8b,coastal,December,"Garden hits full summer momentum. Long days and warmth drive rapid growth and harvest.

Keep picking beans, cucumbers, zucchini. Harvest peas before heat finishes. Succession sow fast crops.

Deep morning watering and thick mulch beat frequent shallow watering."
Currie,TAS,cold,8b,inland,January,"Summer is established. Tomatoes, beans, cucumbers and zucchini produce heavily. Pick constantly.

Sow autumn crops now: carrots, beetroot, broccoli, kale, cabbage, silverbeet in warm soil. Chill lettuce seed or sow in shade.

Water deeply morning. Mulch heavily while ground is warm and moist."
Currie,TAS,cold,8b,inland,February,"Garden feels summery but light softens. Plant brassicas from January seedlings—broccoli, cabbage, kale establish well.

Continue sowing beetroot, carrots, silverbeet, Asian greens for autumn.

Hot winds can dry beds. Deep watering before heat better than rescuing wilted plants."
Currie,TAS,cold,8b,inland,March,"Autumn arrives quickly. Nights cool sharply, first light frosts possible late month.

Plant garlic. Sow spinach, peas, broad beans, Asian greens as soil cools.

Growth slows. Mulch for frost buffering. Keep fleece nearby for seedlings."
Currie,TAS,cold,8b,inland,April,"True autumn planting season. Soil cooling but warm enough for hardy crops.

Plant brassicas, leeks, onions, lettuce, silverbeet. Sow spinach, peas, beans directly. Garlic succeeds through month.

Clear summer crops promptly. Empty beds need compost or green manure."
Currie,TAS,cold,8b,inland,May,"Winter begins. Frost grows regular, soil stays wetter, growth slows.

Broad beans, spinach, silverbeet, garlic and hardy greens produce through mild spells.

Avoid walking wet soil. Add compost and seaweed to empty beds."
Currie,TAS,cold,8b,inland,June,"Cold settles fully. Hardy vegetables continue—spinach, beans, silverbeet, brassicas crop through milder periods.

Protection matters. Young plants need shelter from wind as much as frost. Mulch root crops."
Currie,TAS,cold,8b,inland,July,"Usually coldest month. Very little grows fast. Maintain winter crops rather than expect heavy harvests.

Use month for planning: order seed, repair beds, sharpen tools, plan spacing. Spring mistakes happen in July through impatience."
Currie,TAS,cold,8b,inland,August,"Early spring stirs though winter hasn't released. Bright days come but frosts stay frequent.

Start tomatoes, capsicums, eggplants indoors. Sow lettuce, onions, brassicas under protection.

Resist rushing. Patient spring gardens overtake early damaged ones by November."
Currie,TAS,cold,8b,inland,September,"Spring underway though frost still arrives on calm nights.

Plant onions, leeks, brassicas, silverbeet, lettuces. Sow carrots, beetroot, parsnips, peas. Successive sowing beats one glut.

Tomatoes, capsicums stay protected unless late month in warm spots."
Currie,TAS,cold,8b,inland,October,"Everything accelerates. Soil warms, daylight stretches, growth shows daily.

Early October frost surprises. By late month, tomatoes, beans, zucchini, pumpkins plant safely in sheltered gardens.

Direct sowing productive. Beans, beetroot, carrots respond quickly."
Currie,TAS,cold,8b,inland,November,"Great planting month. Soil warm, frost risk low, everything grows confidently.

Plant tomatoes, cucumbers, pumpkins, zucchini, beans. Capsicums and eggplants need warmest spots.

Mulch deeply. Consistent moisture prevents bitterness and blossom-end rot."
Currie,TAS,cold,8b,inland,December,"Garden hits full summer momentum. Long days and warmth drive rapid growth and harvest.

Keep picking beans, cucumbers, zucchini. Harvest peas before heat finishes. Succession sow fast crops.

Deep morning watering and thick mulch beat frequent shallow watering."
Devonport,TAS,cold,8b,coastal,January,"Summer is established. Tomatoes, beans, cucumbers and zucchini produce heavily. Pick constantly.

Sow autumn crops now: carrots, beetroot, broccoli, kale, cabbage, silverbeet in warm soil. Chill lettuce seed or sow in shade.

Water deeply morning. Mulch heavily while ground is warm and moist."
Devonport,TAS,cold,8b,coastal,February,"Garden feels summery but light softens. Plant brassicas from January seedlings—broccoli, cabbage, kale establish well.

Continue sowing beetroot, carrots, silverbeet, Asian greens for autumn.

Hot winds can dry beds. Deep watering before heat better than rescuing wilted plants."
Devonport,TAS,cold,8b,coastal,March,"Autumn arrives quickly. Nights cool sharply, first light frosts possible late month.

Plant garlic. Sow spinach, peas, broad beans, Asian greens as soil cools.

Growth slows. Mulch for frost buffering. Keep fleece nearby for seedlings."
Devonport,TAS,cold,8b,coastal,April,"True autumn planting season. Soil cooling but warm enough for hardy crops.

Plant brassicas, leeks, onions, lettuce, silverbeet. Sow spinach, peas, beans directly. Garlic succeeds through month.

Clear summer crops promptly. Empty beds need compost or green manure."
Devonport,TAS,cold,8b,coastal,May,"Winter begins. Frost grows regular, soil stays wetter, growth slows.

Broad beans, spinach, silverbeet, garlic and hardy greens produce through mild spells.

Avoid walking wet soil. Add compost and seaweed to empty beds."
Devonport,TAS,cold,8b,coastal,June,"Cold settles fully. Hardy vegetables continue—spinach, beans, silverbeet, brassicas crop through milder periods.

Protection matters. Young plants need shelter from wind as much as frost. Mulch root crops."
Devonport,TAS,cold,8b,coastal,July,"Usually coldest month. Very little grows fast. Maintain winter crops rather than expect heavy harvests.

Use month for planning: order seed, repair beds, sharpen tools, plan spacing. Spring mistakes happen in July through impatience."
Devonport,TAS,cold,8b,coastal,August,"Early spring stirs though winter hasn't released. Bright days come but frosts stay frequent.

Start tomatoes, capsicums, eggplants indoors. Sow lettuce, onions, brassicas under protection.

Resist rushing. Patient spring gardens overtake early damaged ones by November."
Devonport,TAS,cold,8b,coastal,September,"Spring underway though frost still arrives on calm nights.

Plant onions, leeks, brassicas, silverbeet, lettuces. Sow carrots, beetroot, parsnips, peas. Successive sowing beats one glut.

Tomatoes, capsicums stay protected unless late month in warm spots."
Devonport,TAS,cold,8b,coastal,October,"Everything accelerates. Soil warms, daylight stretches, growth shows daily.

Early October frost surprises. By late month, tomatoes, beans, zucchini, pumpkins plant safely in sheltered gardens.

Direct sowing productive. Beans, beetroot, carrots respond quickly."
Devonport,TAS,cold,8b,coastal,November,"Great planting month. Soil warm, frost risk low, everything grows confidently.

Plant tomatoes, cucumbers, pumpkins, zucchini, beans. Capsicums and eggplants need warmest spots.

Mulch deeply. Consistent moisture prevents bitterness and blossom-end rot."
Devonport,TAS,cold,8b,coastal,December,"Garden hits full summer momentum. Long days and warmth drive rapid growth and harvest.

Keep picking beans, cucumbers, zucchini. Harvest peas before heat finishes. Succession sow fast crops.

Deep morning watering and thick mulch beat frequent shallow watering."
Glenorchy,TAS,cold,8b,coastal,January,"Summer is established. Tomatoes, beans, cucumbers and zucchini produce heavily. Pick constantly.

Sow autumn crops now: carrots, beetroot, broccoli, kale, cabbage, silverbeet in warm soil. Chill lettuce seed or sow in shade.

Water deeply morning. Mulch heavily while ground is warm and moist."
Glenorchy,TAS,cold,8b,coastal,February,"Garden feels summery but light softens. Plant brassicas from January seedlings—broccoli, cabbage, kale establish well.

Continue sowing beetroot, carrots, silverbeet, Asian greens for autumn.

Hot winds can dry beds. Deep watering before heat better than rescuing wilted plants."
Glenorchy,TAS,cold,8b,coastal,March,"Autumn arrives quickly. Nights cool sharply, first light frosts possible late month.

Plant garlic. Sow spinach, peas, broad beans, Asian greens as soil cools.

Growth slows. Mulch for frost buffering. Keep fleece nearby for seedlings."
Glenorchy,TAS,cold,8b,coastal,April,"True autumn planting season. Soil cooling but warm enough for hardy crops.

Plant brassicas, leeks, onions, lettuce, silverbeet. Sow spinach, peas, beans directly. Garlic succeeds through month.

Clear summer crops promptly. Empty beds need compost or green manure."
Glenorchy,TAS,cold,8b,coastal,May,"Winter begins. Frost grows regular, soil stays wetter, growth slows.

Broad beans, spinach, silverbeet, garlic and hardy greens produce through mild spells.

Avoid walking wet soil. Add compost and seaweed to empty beds."
Glenorchy,TAS,cold,8b,coastal,June,"Cold settles fully. Hardy vegetables continue—spinach, beans, silverbeet, brassicas crop through milder periods.

Protection matters. Young plants need shelter from wind as much as frost. Mulch root crops."
Glenorchy,TAS,cold,8b,coastal,July,"Usually coldest month. Very little grows fast. Maintain winter crops rather than expect heavy harvests.

Use month for planning: order seed, repair beds, sharpen tools, plan spacing. Spring mistakes happen in July through impatience."
Glenorchy,TAS,cold,8b,coastal,August,"Early spring stirs though winter hasn't released. Bright days come but frosts stay frequent.

Start tomatoes, capsicums, eggplants indoors. Sow lettuce, onions, brassicas under protection.

Resist rushing. Patient spring gardens overtake early damaged ones by November."
Glenorchy,TAS,cold,8b,coastal,September,"Spring underway though frost still arrives on calm nights.

Plant onions, leeks, brassicas, silverbeet, lettuces. Sow carrots, beetroot, parsnips, peas. Successive sowing beats one glut.

Tomatoes, capsicums stay protected unless late month in warm spots."
Glenorchy,TAS,cold,8b,coastal,October,"Everything accelerates. Soil warms, daylight stretches, growth shows daily.

Early October frost surprises. By late month, tomatoes, beans, zucchini, pumpkins plant safely in sheltered gardens.

Direct sowing productive. Beans, beetroot, carrots respond quickly."
Glenorchy,TAS,cold,8b,coastal,November,"Great planting month. Soil warm, frost risk low, everything grows confidently.

Plant tomatoes, cucumbers, pumpkins, zucchini, beans. Capsicums and eggplants need warmest spots.

Mulch deeply. Consistent moisture prevents bitterness and blossom-end rot."
Glenorchy,TAS,cold,8b,coastal,December,"Garden hits full summer momentum. Long days and warmth drive rapid growth and harvest.

Keep picking beans, cucumbers, zucchini. Harvest peas before heat finishes. Succession sow fast crops.

Deep morning watering and thick mulch beat frequent shallow watering."
Hobart,TAS,cold,8b,coastal,January,"Summer is established. Tomatoes, beans, cucumbers and zucchini produce heavily. Pick constantly.

Sow autumn crops now: carrots, beetroot, broccoli, kale, cabbage, silverbeet in warm soil. Chill lettuce seed or sow in shade.

Water deeply morning. Mulch heavily while ground is warm and moist."
Hobart,TAS,cold,8b,coastal,February,"Garden feels summery but light softens. Plant brassicas from January seedlings—broccoli, cabbage, kale establish well.

Continue sowing beetroot, carrots, silverbeet, Asian greens for autumn.

Hot winds can dry beds. Deep watering before heat better than rescuing wilted plants."
Hobart,TAS,cold,8b,coastal,March,"Autumn arrives quickly. Nights cool sharply, first light frosts possible late month.

Plant garlic. Sow spinach, peas, broad beans, Asian greens as soil cools.

Growth slows. Mulch for frost buffering. Keep fleece nearby for seedlings."
Hobart,TAS,cold,8b,coastal,April,"True autumn planting season. Soil cooling but warm enough for hardy crops.

Plant brassicas, leeks, onions, lettuce, silverbeet. Sow spinach, peas, beans directly. Garlic succeeds through month.

Clear summer crops promptly. Empty beds need compost or green manure."
Hobart,TAS,cold,8b,coastal,May,"Winter begins. Frost grows regular, soil stays wetter, growth slows.

Broad beans, spinach, silverbeet, garlic and hardy greens produce through mild spells.

Avoid walking wet soil. Add compost and seaweed to empty beds."
Hobart,TAS,cold,8b,coastal,June,"Cold settles fully. Hardy vegetables continue—spinach, beans, silverbeet, brassicas crop through milder periods.

Protection matters. Young plants need shelter from wind as much as frost. Mulch root crops."
Hobart,TAS,cold,8b,coastal,July,"Usually coldest month. Very little grows fast. Maintain winter crops rather than expect heavy harvests.

Use month for planning: order seed, repair beds, sharpen tools, plan spacing. Spring mistakes happen in July through impatience."
Hobart,TAS,cold,8b,coastal,August,"Early spring stirs though winter hasn't released. Bright days come but frosts stay frequent.

Start tomatoes, capsicums, eggplants indoors. Sow lettuce, onions, brassicas under protection.

Resist rushing. Patient spring gardens overtake early damaged ones by November."
Hobart,TAS,cold,8b,coastal,September,"Spring underway though frost still arrives on calm nights.

Plant onions, leeks, brassicas, silverbeet, lettuces. Sow carrots, beetroot, parsnips, peas. Successive sowing beats one glut.

Tomatoes, capsicums stay protected unless late month in warm spots."
Hobart,TAS,cold,8b,coastal,October,"Everything accelerates. Soil warms, daylight stretches, growth shows daily.

Early October frost surprises. By late month, tomatoes, beans, zucchini, pumpkins plant safely in sheltered gardens.

Direct sowing productive. Beans, beetroot, carrots respond quickly."
Hobart,TAS,cold,8b,coastal,November,"Great planting month. Soil warm, frost risk low, everything grows confidently.

Plant tomatoes, cucumbers, pumpkins, zucchini, beans. Capsicums and eggplants need warmest spots.

Mulch deeply. Consistent moisture prevents bitterness and blossom-end rot."
Hobart,TAS,cold,8b,coastal,December,"Garden hits full summer momentum. Long days and warmth drive rapid growth and harvest.

Keep picking beans, cucumbers, zucchini. Harvest peas before heat finishes. Succession sow fast crops.

Deep morning watering and thick mulch beat frequent shallow watering."
Howrah,TAS,cold,8b,coastal,January,"Summer is established. Tomatoes, beans, cucumbers and zucchini produce heavily. Pick constantly.

Sow autumn crops now: carrots, beetroot, broccoli, kale, cabbage, silverbeet in warm soil. Chill lettuce seed or sow in shade.

Water deeply morning. Mulch heavily while ground is warm and moist."
Howrah,TAS,cold,8b,coastal,February,"Garden feels summery but light softens. Plant brassicas from January seedlings—broccoli, cabbage, kale establish well.

Continue sowing beetroot, carrots, silverbeet, Asian greens for autumn.

Hot winds can dry beds. Deep watering before heat better than rescuing wilted plants."
Howrah,TAS,cold,8b,coastal,March,"Autumn arrives quickly. Nights cool sharply, first light frosts possible late month.

Plant garlic. Sow spinach, peas, broad beans, Asian greens as soil cools.

Growth slows. Mulch for frost buffering. Keep fleece nearby for seedlings."
Howrah,TAS,cold,8b,coastal,April,"True autumn planting season. Soil cooling but warm enough for hardy crops.

Plant brassicas, leeks, onions, lettuce, silverbeet. Sow spinach, peas, beans directly. Garlic succeeds through month.

Clear summer crops promptly. Empty beds need compost or green manure."
Howrah,TAS,cold,8b,coastal,May,"Winter begins. Frost grows regular, soil stays wetter, growth slows.

Broad beans, spinach, silverbeet, garlic and hardy greens produce through mild spells.

Avoid walking wet soil. Add compost and seaweed to empty beds."
Howrah,TAS,cold,8b,coastal,June,"Cold settles fully. Hardy vegetables continue—spinach, beans, silverbeet, brassicas crop through milder periods.

Protection matters. Young plants need shelter from wind as much as frost. Mulch root crops."
Howrah,TAS,cold,8b,coastal,July,"Usually coldest month. Very little grows fast. Maintain winter crops rather than expect heavy harvests.

Use month for planning: order seed, repair beds, sharpen tools, plan spacing. Spring mistakes happen in July through impatience."
Howrah,TAS,cold,8b,coastal,August,"Early spring stirs though winter hasn't released. Bright days come but frosts stay frequent.

Start tomatoes, capsicums, eggplants indoors. Sow lettuce, onions, brassicas under protection.

Resist rushing. Patient spring gardens overtake early damaged ones by November."
Howrah,TAS,cold,8b,coastal,September,"Spring underway though frost still arrives on calm nights.

Plant onions, leeks, brassicas, silverbeet, lettuces. Sow carrots, beetroot, parsnips, peas. Successive sowing beats one glut.

Tomatoes, capsicums stay protected unless late month in warm spots."
Howrah,TAS,cold,8b,coastal,October,"Everything accelerates. Soil warms, daylight stretches, growth shows daily.

Early October frost surprises. By late month, tomatoes, beans, zucchini, pumpkins plant safely in sheltered gardens.

Direct sowing productive. Beans, beetroot, carrots respond quickly."
Howrah,TAS,cold,8b,coastal,November,"Great planting month. Soil warm, frost risk low, everything grows confidently.

Plant tomatoes, cucumbers, pumpkins, zucchini, beans. Capsicums and eggplants need warmest spots.

Mulch deeply. Consistent moisture prevents bitterness and blossom-end rot."
Howrah,TAS,cold,8b,coastal,December,"Garden hits full summer momentum. Long days and warmth drive rapid growth and harvest.

Keep picking beans, cucumbers, zucchini. Harvest peas before heat finishes. Succession sow fast crops.

Deep morning watering and thick mulch beat frequent shallow watering."
Invermay,TAS,cold,8a,inland,January,"Summer is established. Tomatoes, beans, cucumbers and zucchini produce heavily. Pick constantly.

Sow autumn crops now: carrots, beetroot, broccoli, kale, cabbage, silverbeet in warm soil. Chill lettuce seed or sow in shade.

Water deeply morning. Mulch heavily while ground is warm and moist."
Invermay,TAS,cold,8a,inland,February,"Garden feels summery but light softens. Plant brassicas from January seedlings—broccoli, cabbage, kale establish well.

Continue sowing beetroot, carrots, silverbeet, Asian greens for autumn.

Hot winds can dry beds. Deep watering before heat better than rescuing wilted plants."
Invermay,TAS,cold,8a,inland,March,"Autumn arrives quickly. Nights cool sharply, first light frosts possible late month.

Plant garlic. Sow spinach, peas, broad beans, Asian greens as soil cools.

Growth slows. Mulch for frost buffering. Keep fleece nearby for seedlings."
Invermay,TAS,cold,8a,inland,April,"True autumn planting season. Soil cooling but warm enough for hardy crops.

Plant brassicas, leeks, onions, lettuce, silverbeet. Sow spinach, peas, beans directly. Garlic succeeds through month.

Clear summer crops promptly. Empty beds need compost or green manure."
Invermay,TAS,cold,8a,inland,May,"Winter begins. Frost grows regular, soil stays wetter, growth slows.

Broad beans, spinach, silverbeet, garlic and hardy greens produce through mild spells.

Avoid walking wet soil. Add compost and seaweed to empty beds."
Invermay,TAS,cold,8a,inland,June,"Cold settles fully. Hardy vegetables continue—spinach, beans, silverbeet, brassicas crop through milder periods.

Protection matters. Young plants need shelter from wind as much as frost. Mulch root crops."
Invermay,TAS,cold,8a,inland,July,"Usually coldest month. Very little grows fast. Maintain winter crops rather than expect heavy harvests.

Use month for planning: order seed, repair beds, sharpen tools, plan spacing. Spring mistakes happen in July through impatience."
Invermay,TAS,cold,8a,inland,August,"Early spring stirs though winter hasn't released. Bright days come but frosts stay frequent.

Start tomatoes, capsicums, eggplants indoors. Sow lettuce, onions, brassicas under protection.

Resist rushing. Patient spring gardens overtake early damaged ones by November."
Invermay,TAS,cold,8a,inland,September,"Spring underway though frost still arrives on calm nights.

Plant onions, leeks, brassicas, silverbeet, lettuces. Sow carrots, beetroot, parsnips, peas. Successive sowing beats one glut.

Tomatoes, capsicums stay protected unless late month in warm spots."
Invermay,TAS,cold,8a,inland,October,"Everything accelerates. Soil warms, daylight stretches, growth shows daily.

Early October frost surprises. By late month, tomatoes, beans, zucchini, pumpkins plant safely in sheltered gardens.

Direct sowing productive. Beans, beetroot, carrots respond quickly."
Invermay,TAS,cold,8a,inland,November,"Great planting month. Soil warm, frost risk low, everything grows confidently.

Plant tomatoes, cucumbers, pumpkins, zucchini, beans. Capsicums and eggplants need warmest spots.

Mulch deeply. Consistent moisture prevents bitterness and blossom-end rot."
Invermay,TAS,cold,8a,inland,December,"Garden hits full summer momentum. Long days and warmth drive rapid growth and harvest.

Keep picking beans, cucumbers, zucchini. Harvest peas before heat finishes. Succession sow fast crops.

Deep morning watering and thick mulch beat frequent shallow watering."
Kingston,TAS,cold,8b,coastal,January,"Summer is established. Tomatoes, beans, cucumbers and zucchini produce heavily. Pick constantly.

Sow autumn crops now: carrots, beetroot, broccoli, kale, cabbage, silverbeet in warm soil. Chill lettuce seed or sow in shade.

Water deeply morning. Mulch heavily while ground is warm and moist."
Kingston,TAS,cold,8b,coastal,February,"Garden feels summery but light softens. Plant brassicas from January seedlings—broccoli, cabbage, kale establish well.

Continue sowing beetroot, carrots, silverbeet, Asian greens for autumn.

Hot winds can dry beds. Deep watering before heat better than rescuing wilted plants."
Kingston,TAS,cold,8b,coastal,March,"Autumn arrives quickly. Nights cool sharply, first light frosts possible late month.

Plant garlic. Sow spinach, peas, broad beans, Asian greens as soil cools.

Growth slows. Mulch for frost buffering. Keep fleece nearby for seedlings."
Kingston,TAS,cold,8b,coastal,April,"True autumn planting season. Soil cooling but warm enough for hardy crops.

Plant brassicas, leeks, onions, lettuce, silverbeet. Sow spinach, peas, beans directly. Garlic succeeds through month.

Clear summer crops promptly. Empty beds need compost or green manure."
Kingston,TAS,cold,8b,coastal,May,"Winter begins. Frost grows regular, soil stays wetter, growth slows.

Broad beans, spinach, silverbeet, garlic and hardy greens produce through mild spells.

Avoid walking wet soil. Add compost and seaweed to empty beds."
Kingston,TAS,cold,8b,coastal,June,"Cold settles fully. Hardy vegetables continue—spinach, beans, silverbeet, brassicas crop through milder periods.

Protection matters. Young plants need shelter from wind as much as frost. Mulch root crops."
Kingston,TAS,cold,8b,coastal,July,"Usually coldest month. Very little grows fast. Maintain winter crops rather than expect heavy harvests.

Use month for planning: order seed, repair beds, sharpen tools, plan spacing. Spring mistakes happen in July through impatience."
Kingston,TAS,cold,8b,coastal,August,"Early spring stirs though winter hasn't released. Bright days come but frosts stay frequent.

Start tomatoes, capsicums, eggplants indoors. Sow lettuce, onions, brassicas under protection.

Resist rushing. Patient spring gardens overtake early damaged ones by November."
Kingston,TAS,cold,8b,coastal,September,"Spring underway though frost still arrives on calm nights.

Plant onions, leeks, brassicas, silverbeet, lettuces. Sow carrots, beetroot, parsnips, peas. Successive sowing beats one glut.

Tomatoes, capsicums stay protected unless late month in warm spots."
Kingston,TAS,cold,8b,coastal,October,"Everything accelerates. Soil warms, daylight stretches, growth shows daily.

Early October frost surprises. By late month, tomatoes, beans, zucchini, pumpkins plant safely in sheltered gardens.

Direct sowing productive. Beans, beetroot, carrots respond quickly."
Kingston,TAS,cold,8b,coastal,November,"Great planting month. Soil warm, frost risk low, everything grows confidently.

Plant tomatoes, cucumbers, pumpkins, zucchini, beans. Capsicums and eggplants need warmest spots.

Mulch deeply. Consistent moisture prevents bitterness and blossom-end rot."
Kingston,TAS,cold,8b,coastal,December,"Garden hits full summer momentum. Long days and warmth drive rapid growth and harvest.

Keep picking beans, cucumbers, zucchini. Harvest peas before heat finishes. Succession sow fast crops.

Deep morning watering and thick mulch beat frequent shallow watering."
Lauderdale,TAS,cold,8b,coastal,January,"Summer is established. Tomatoes, beans, cucumbers and zucchini produce heavily. Pick constantly.

Sow autumn crops now: carrots, beetroot, broccoli, kale, cabbage, silverbeet in warm soil. Chill lettuce seed or sow in shade.

Water deeply morning. Mulch heavily while ground is warm and moist."
Lauderdale,TAS,cold,8b,coastal,February,"Garden feels summery but light softens. Plant brassicas from January seedlings—broccoli, cabbage, kale establish well.

Continue sowing beetroot, carrots, silverbeet, Asian greens for autumn.

Hot winds can dry beds. Deep watering before heat better than rescuing wilted plants."
Lauderdale,TAS,cold,8b,coastal,March,"Autumn arrives quickly. Nights cool sharply, first light frosts possible late month.

Plant garlic. Sow spinach, peas, broad beans, Asian greens as soil cools.

Growth slows. Mulch for frost buffering. Keep fleece nearby for seedlings."
Lauderdale,TAS,cold,8b,coastal,April,"True autumn planting season. Soil cooling but warm enough for hardy crops.

Plant brassicas, leeks, onions, lettuce, silverbeet. Sow spinach, peas, beans directly. Garlic succeeds through month.

Clear summer crops promptly. Empty beds need compost or green manure."
Lauderdale,TAS,cold,8b,coastal,May,"Winter begins. Frost grows regular, soil stays wetter, growth slows.

Broad beans, spinach, silverbeet, garlic and hardy greens produce through mild spells.

Avoid walking wet soil. Add compost and seaweed to empty beds."
Lauderdale,TAS,cold,8b,coastal,June,"Cold settles fully. Hardy vegetables continue—spinach, beans, silverbeet, brassicas crop through milder periods.

Protection matters. Young plants need shelter from wind as much as frost. Mulch root crops."
Lauderdale,TAS,cold,8b,coastal,July,"Usually coldest month. Very little grows fast. Maintain winter crops rather than expect heavy harvests.

Use month for planning: order seed, repair beds, sharpen tools, plan spacing. Spring mistakes happen in July through impatience."
Lauderdale,TAS,cold,8b,coastal,August,"Early spring stirs though winter hasn't released. Bright days come but frosts stay frequent.

Start tomatoes, capsicums, eggplants indoors. Sow lettuce, onions, brassicas under protection.

Resist rushing. Patient spring gardens overtake early damaged ones by November."
Lauderdale,TAS,cold,8b,coastal,September,"Spring underway though frost still arrives on calm nights.

Plant onions, leeks, brassicas, silverbeet, lettuces. Sow carrots, beetroot, parsnips, peas. Successive sowing beats one glut.

Tomatoes, capsicums stay protected unless late month in warm spots."
Lauderdale,TAS,cold,8b,coastal,October,"Everything accelerates. Soil warms, daylight stretches, growth shows daily.

Early October frost surprises. By late month, tomatoes, beans, zucchini, pumpkins plant safely in sheltered gardens.

Direct sowing productive. Beans, beetroot, carrots respond quickly."
Lauderdale,TAS,cold,8b,coastal,November,"Great planting month. Soil warm, frost risk low, everything grows confidently.

Plant tomatoes, cucumbers, pumpkins, zucchini, beans. Capsicums and eggplants need warmest spots.

Mulch deeply. Consistent moisture prevents bitterness and blossom-end rot."
Lauderdale,TAS,cold,8b,coastal,December,"Garden hits full summer momentum. Long days and warmth drive rapid growth and harvest.

Keep picking beans, cucumbers, zucchini. Harvest peas before heat finishes. Succession sow fast crops.

Deep morning watering and thick mulch beat frequent shallow watering."
Launceston,TAS,cold,8a,inland,January,"Summer is established. Tomatoes, beans, cucumbers and zucchini produce heavily. Pick constantly.

Sow autumn crops now: carrots, beetroot, broccoli, kale, cabbage, silverbeet in warm soil. Chill lettuce seed or sow in shade.

Water deeply morning. Mulch heavily while ground is warm and moist."
Launceston,TAS,cold,8a,inland,February,"Garden feels summery but light softens. Plant brassicas from January seedlings—broccoli, cabbage, kale establish well.

Continue sowing beetroot, carrots, silverbeet, Asian greens for autumn.

Hot winds can dry beds. Deep watering before heat better than rescuing wilted plants."
Launceston,TAS,cold,8a,inland,March,"Autumn arrives quickly. Nights cool sharply, first light frosts possible late month.

Plant garlic. Sow spinach, peas, broad beans, Asian greens as soil cools.

Growth slows. Mulch for frost buffering. Keep fleece nearby for seedlings."
Launceston,TAS,cold,8a,inland,April,"True autumn planting season. Soil cooling but warm enough for hardy crops.

Plant brassicas, leeks, onions, lettuce, silverbeet. Sow spinach, peas, beans directly. Garlic succeeds through month.

Clear summer crops promptly. Empty beds need compost or green manure."
Launceston,TAS,cold,8a,inland,May,"Winter begins. Frost grows regular, soil stays wetter, growth slows.

Broad beans, spinach, silverbeet, garlic and hardy greens produce through mild spells.

Avoid walking wet soil. Add compost and seaweed to empty beds."
Launceston,TAS,cold,8a,inland,June,"Cold settles fully. Hardy vegetables continue—spinach, beans, silverbeet, brassicas crop through milder periods.

Protection matters. Young plants need shelter from wind as much as frost. Mulch root crops."
Launceston,TAS,cold,8a,inland,July,"Usually coldest month. Very little grows fast. Maintain winter crops rather than expect heavy harvests.

Use month for planning: order seed, repair beds, sharpen tools, plan spacing. Spring mistakes happen in July through impatience."
Launceston,TAS,cold,8a,inland,August,"Early spring stirs though winter hasn't released. Bright days come but frosts stay frequent.

Start tomatoes, capsicums, eggplants indoors. Sow lettuce, onions, brassicas under protection.

Resist rushing. Patient spring gardens overtake early damaged ones by November."
Launceston,TAS,cold,8a,inland,September,"Spring underway though frost still arrives on calm nights.

Plant onions, leeks, brassicas, silverbeet, lettuces. Sow carrots, beetroot, parsnips, peas. Successive sowing beats one glut.

Tomatoes, capsicums stay protected unless late month in warm spots."
Launceston,TAS,cold,8a,inland,October,"Everything accelerates. Soil warms, daylight stretches, growth shows daily.

Early October frost surprises. By late month, tomatoes, beans, zucchini, pumpkins plant safely in sheltered gardens.

Direct sowing productive. Beans, beetroot, carrots respond quickly."
Launceston,TAS,cold,8a,inland,November,"Great planting month. Soil warm, frost risk low, everything grows confidently.

Plant tomatoes, cucumbers, pumpkins, zucchini, beans. Capsicums and eggplants need warmest spots.

Mulch deeply. Consistent moisture prevents bitterness and blossom-end rot."
Launceston,TAS,cold,8a,inland,December,"Garden hits full summer momentum. Long days and warmth drive rapid growth and harvest.

Keep picking beans, cucumbers, zucchini. Harvest peas before heat finishes. Succession sow fast crops.

Deep morning watering and thick mulch beat frequent shallow watering."
Lenah Valley,TAS,cold,8b,inland,January,"Summer is established. Tomatoes, beans, cucumbers and zucchini produce heavily. Pick constantly.

Sow autumn crops now: carrots, beetroot, broccoli, kale, cabbage, silverbeet in warm soil. Chill lettuce seed or sow in shade.

Water deeply morning. Mulch heavily while ground is warm and moist."
Lenah Valley,TAS,cold,8b,inland,February,"Garden feels summery but light softens. Plant brassicas from January seedlings—broccoli, cabbage, kale establish well.

Continue sowing beetroot, carrots, silverbeet, Asian greens for autumn.

Hot winds can dry beds. Deep watering before heat better than rescuing wilted plants."
Lenah Valley,TAS,cold,8b,inland,March,"Autumn arrives quickly. Nights cool sharply, first light frosts possible late month.

Plant garlic. Sow spinach, peas, broad beans, Asian greens as soil cools.

Growth slows. Mulch for frost buffering. Keep fleece nearby for seedlings."
Lenah Valley,TAS,cold,8b,inland,April,"True autumn planting season. Soil cooling but warm enough for hardy crops.

Plant brassicas, leeks, onions, lettuce, silverbeet. Sow spinach, peas, beans directly. Garlic succeeds through month.

Clear summer crops promptly. Empty beds need compost or green manure."
Lenah Valley,TAS,cold,8b,inland,May,"Winter begins. Frost grows regular, soil stays wetter, growth slows.

Broad beans, spinach, silverbeet, garlic and hardy greens produce through mild spells.

Avoid walking wet soil. Add compost and seaweed to empty beds."
Lenah Valley,TAS,cold,8b,inland,June,"Cold settles fully. Hardy vegetables continue—spinach, beans, silverbeet, brassicas crop through milder periods.

Protection matters. Young plants need shelter from wind as much as frost. Mulch root crops."
Lenah Valley,TAS,cold,8b,inland,July,"Usually coldest month. Very little grows fast. Maintain winter crops rather than expect heavy harvests.

Use month for planning: order seed, repair beds, sharpen tools, plan spacing. Spring mistakes happen in July through impatience."
Lenah Valley,TAS,cold,8b,inland,August,"Early spring stirs though winter hasn't released. Bright days come but frosts stay frequent.

Start tomatoes, capsicums, eggplants indoors. Sow lettuce, onions, brassicas under protection.

Resist rushing. Patient spring gardens overtake early damaged ones by November."
Lenah Valley,TAS,cold,8b,inland,September,"Spring underway though frost still arrives on calm nights.

Plant onions, leeks, brassicas, silverbeet, lettuces. Sow carrots, beetroot, parsnips, peas. Successive sowing beats one glut.

Tomatoes, capsicums stay protected unless late month in warm spots."
Lenah Valley,TAS,cold,8b,inland,October,"Everything accelerates. Soil warms, daylight stretches, growth shows daily.

Early October frost surprises. By late month, tomatoes, beans, zucchini, pumpkins plant safely in sheltered gardens.

Direct sowing productive. Beans, beetroot, carrots respond quickly."
Lenah Valley,TAS,cold,8b,inland,November,"Great planting month. Soil warm, frost risk low, everything grows confidently.

Plant tomatoes, cucumbers, pumpkins, zucchini, beans. Capsicums and eggplants need warmest spots.

Mulch deeply. Consistent moisture prevents bitterness and blossom-end rot."
Lenah Valley,TAS,cold,8b,inland,December,"Garden hits full summer momentum. Long days and warmth drive rapid growth and harvest.

Keep picking beans, cucumbers, zucchini. Harvest peas before heat finishes. Succession sow fast crops.

Deep morning watering and thick mulch beat frequent shallow watering."
Moonah,TAS,cold,8b,inland,January,"Summer is established. Tomatoes, beans, cucumbers and zucchini produce heavily. Pick constantly.

Sow autumn crops now: carrots, beetroot, broccoli, kale, cabbage, silverbeet in warm soil. Chill lettuce seed or sow in shade.

Water deeply morning. Mulch heavily while ground is warm and moist."
Moonah,TAS,cold,8b,inland,February,"Garden feels summery but light softens. Plant brassicas from January seedlings—broccoli, cabbage, kale establish well.

Continue sowing beetroot, carrots, silverbeet, Asian greens for autumn.

Hot winds can dry beds. Deep watering before heat better than rescuing wilted plants."
Moonah,TAS,cold,8b,inland,March,"Autumn arrives quickly. Nights cool sharply, first light frosts possible late month.

Plant garlic. Sow spinach, peas, broad beans, Asian greens as soil cools.

Growth slows. Mulch for frost buffering. Keep fleece nearby for seedlings."
Moonah,TAS,cold,8b,inland,April,"True autumn planting season. Soil cooling but warm enough for hardy crops.

Plant brassicas, leeks, onions, lettuce, silverbeet. Sow spinach, peas, beans directly. Garlic succeeds through month.

Clear summer crops promptly. Empty beds need compost or green manure."
Moonah,TAS,cold,8b,inland,May,"Winter begins. Frost grows regular, soil stays wetter, growth slows.

Broad beans, spinach, silverbeet, garlic and hardy greens produce through mild spells.

Avoid walking wet soil. Add compost and seaweed to empty beds."
Moonah,TAS,cold,8b,inland,June,"Cold settles fully. Hardy vegetables continue—spinach, beans, silverbeet, brassicas crop through milder periods.

Protection matters. Young plants need shelter from wind as much as frost. Mulch root crops."
Moonah,TAS,cold,8b,inland,July,"Usually coldest month. Very little grows fast. Maintain winter crops rather than expect heavy harvests.

Use month for planning: order seed, repair beds, sharpen tools, plan spacing. Spring mistakes happen in July through impatience."
Moonah,TAS,cold,8b,inland,August,"Early spring stirs though winter hasn't released. Bright days come but frosts stay frequent.

Start tomatoes, capsicums, eggplants indoors. Sow lettuce, onions, brassicas under protection.

Resist rushing. Patient spring gardens overtake early damaged ones by November."
Moonah,TAS,cold,8b,inland,September,"Spring underway though frost still arrives on calm nights.

Plant onions, leeks, brassicas, silverbeet, lettuces. Sow carrots, beetroot, parsnips, peas. Successive sowing beats one glut.

Tomatoes, capsicums stay protected unless late month in warm spots."
Moonah,TAS,cold,8b,inland,October,"Everything accelerates. Soil warms, daylight stretches, growth shows daily.

Early October frost surprises. By late month, tomatoes, beans, zucchini, pumpkins plant safely in sheltered gardens.

Direct sowing productive. Beans, beetroot, carrots respond quickly."
Moonah,TAS,cold,8b,inland,November,"Great planting month. Soil warm, frost risk low, everything grows confidently.

Plant tomatoes, cucumbers, pumpkins, zucchini, beans. Capsicums and eggplants need warmest spots.

Mulch deeply. Consistent moisture prevents bitterness and blossom-end rot."
Moonah,TAS,cold,8b,inland,December,"Garden hits full summer momentum. Long days and warmth drive rapid growth and harvest.

Keep picking beans, cucumbers, zucchini. Harvest peas before heat finishes. Succession sow fast crops.

Deep morning watering and thick mulch beat frequent shallow watering."
New Town,TAS,cold,8b,inland,January,"Summer is established. Tomatoes, beans, cucumbers and zucchini produce heavily. Pick constantly.

Sow autumn crops now: carrots, beetroot, broccoli, kale, cabbage, silverbeet in warm soil. Chill lettuce seed or sow in shade.

Water deeply morning. Mulch heavily while ground is warm and moist."
New Town,TAS,cold,8b,inland,February,"Garden feels summery but light softens. Plant brassicas from January seedlings—broccoli, cabbage, kale establish well.

Continue sowing beetroot, carrots, silverbeet, Asian greens for autumn.

Hot winds can dry beds. Deep watering before heat better than rescuing wilted plants."
New Town,TAS,cold,8b,inland,March,"Autumn arrives quickly. Nights cool sharply, first light frosts possible late month.

Plant garlic. Sow spinach, peas, broad beans, Asian greens as soil cools.

Growth slows. Mulch for frost buffering. Keep fleece nearby for seedlings."
New Town,TAS,cold,8b,inland,April,"True autumn planting season. Soil cooling but warm enough for hardy crops.

Plant brassicas, leeks, onions, lettuce, silverbeet. Sow spinach, peas, beans directly. Garlic succeeds through month.

Clear summer crops promptly. Empty beds need compost or green manure."
New Town,TAS,cold,8b,inland,May,"Winter begins. Frost grows regular, soil stays wetter, growth slows.

Broad beans, spinach, silverbeet, garlic and hardy greens produce through mild spells.

Avoid walking wet soil. Add compost and seaweed to empty beds."
New Town,TAS,cold,8b,inland,June,"Cold settles fully. Hardy vegetables continue—spinach, beans, silverbeet, brassicas crop through milder periods.

Protection matters. Young plants need shelter from wind as much as frost. Mulch root crops."
New Town,TAS,cold,8b,inland,July,"Usually coldest month. Very little grows fast. Maintain winter crops rather than expect heavy harvests.

Use month for planning: order seed, repair beds, sharpen tools, plan spacing. Spring mistakes happen in July through impatience."
New Town,TAS,cold,8b,inland,August,"Early spring stirs though winter hasn't released. Bright days come but frosts stay frequent.

Start tomatoes, capsicums, eggplants indoors. Sow lettuce, onions, brassicas under protection.

Resist rushing. Patient spring gardens overtake early damaged ones by November."
New Town,TAS,cold,8b,inland,September,"Spring underway though frost still arrives on calm nights.

Plant onions, leeks, brassicas, silverbeet, lettuces. Sow carrots, beetroot, parsnips, peas. Successive sowing beats one glut.

Tomatoes, capsicums stay protected unless late month in warm spots."
New Town,TAS,cold,8b,inland,October,"Everything accelerates. Soil warms, daylight stretches, growth shows daily.

Early October frost surprises. By late month, tomatoes, beans, zucchini, pumpkins plant safely in sheltered gardens.

Direct sowing productive. Beans, beetroot, carrots respond quickly."
New Town,TAS,cold,8b,inland,November,"Great planting month. Soil warm, frost risk low, everything grows confidently.

Plant tomatoes, cucumbers, pumpkins, zucchini, beans. Capsicums and eggplants need warmest spots.

Mulch deeply. Consistent moisture prevents bitterness and blossom-end rot."
New Town,TAS,cold,8b,inland,December,"Garden hits full summer momentum. Long days and warmth drive rapid growth and harvest.

Keep picking beans, cucumbers, zucchini. Harvest peas before heat finishes. Succession sow fast crops.

Deep morning watering and thick mulch beat frequent shallow watering."
North Hobart,TAS,cold,8b,coastal,January,"Summer is established. Tomatoes, beans, cucumbers and zucchini produce heavily. Pick constantly.

Sow autumn crops now: carrots, beetroot, broccoli, kale, cabbage, silverbeet in warm soil. Chill lettuce seed or sow in shade.

Water deeply morning. Mulch heavily while ground is warm and moist."
North Hobart,TAS,cold,8b,coastal,February,"Garden feels summery but light softens. Plant brassicas from January seedlings—broccoli, cabbage, kale establish well.

Continue sowing beetroot, carrots, silverbeet, Asian greens for autumn.

Hot winds can dry beds. Deep watering before heat better than rescuing wilted plants."
North Hobart,TAS,cold,8b,coastal,March,"Autumn arrives quickly. Nights cool sharply, first light frosts possible late month.

Plant garlic. Sow spinach, peas, broad beans, Asian greens as soil cools.

Growth slows. Mulch for frost buffering. Keep fleece nearby for seedlings."
North Hobart,TAS,cold,8b,coastal,April,"True autumn planting season. Soil cooling but warm enough for hardy crops.

Plant brassicas, leeks, onions, lettuce, silverbeet. Sow spinach, peas, beans directly. Garlic succeeds through month.

Clear summer crops promptly. Empty beds need compost or green manure."
North Hobart,TAS,cold,8b,coastal,May,"Winter begins. Frost grows regular, soil stays wetter, growth slows.

Broad beans, spinach, silverbeet, garlic and hardy greens produce through mild spells.

Avoid walking wet soil. Add compost and seaweed to empty beds."
North Hobart,TAS,cold,8b,coastal,June,"Cold settles fully. Hardy vegetables continue—spinach, beans, silverbeet, brassicas crop through milder periods.

Protection matters. Young plants need shelter from wind as much as frost. Mulch root crops."
North Hobart,TAS,cold,8b,coastal,July,"Usually coldest month. Very little grows fast. Maintain winter crops rather than expect heavy harvests.

Use month for planning: order seed, repair beds, sharpen tools, plan spacing. Spring mistakes happen in July through impatience."
North Hobart,TAS,cold,8b,coastal,August,"Early spring stirs though winter hasn't released. Bright days come but frosts stay frequent.

Start tomatoes, capsicums, eggplants indoors. Sow lettuce, onions, brassicas under protection.

Resist rushing. Patient spring gardens overtake early damaged ones by November."
North Hobart,TAS,cold,8b,coastal,September,"Spring underway though frost still arrives on calm nights.

Plant onions, leeks, brassicas, silverbeet, lettuces. Sow carrots, beetroot, parsnips, peas. Successive sowing beats one glut.

Tomatoes, capsicums stay protected unless late month in warm spots."
North Hobart,TAS,cold,8b,coastal,October,"Everything accelerates. Soil warms, daylight stretches, growth shows daily.

Early October frost surprises. By late month, tomatoes, beans, zucchini, pumpkins plant safely in sheltered gardens.

Direct sowing productive. Beans, beetroot, carrots respond quickly."
North Hobart,TAS,cold,8b,coastal,November,"Great planting month. Soil warm, frost risk low, everything grows confidently.

Plant tomatoes, cucumbers, pumpkins, zucchini, beans. Capsicums and eggplants need warmest spots.

Mulch deeply. Consistent moisture prevents bitterness and blossom-end rot."
North Hobart,TAS,cold,8b,coastal,December,"Garden hits full summer momentum. Long days and warmth drive rapid growth and harvest.

Keep picking beans, cucumbers, zucchini. Harvest peas before heat finishes. Succession sow fast crops.

Deep morning watering and thick mulch beat frequent shallow watering."
Queenstown,TAS,cold,8a,inland,January,"Summer is established. Tomatoes, beans, cucumbers and zucchini produce heavily. Pick constantly.

Sow autumn crops now: carrots, beetroot, broccoli, kale, cabbage, silverbeet in warm soil. Chill lettuce seed or sow in shade.

Water deeply morning. Mulch heavily while ground is warm and moist."
Queenstown,TAS,cold,8a,inland,February,"Garden feels summery but light softens. Plant brassicas from January seedlings—broccoli, cabbage, kale establish well.

Continue sowing beetroot, carrots, silverbeet, Asian greens for autumn.

Hot winds can dry beds. Deep watering before heat better than rescuing wilted plants."
Queenstown,TAS,cold,8a,inland,March,"Autumn arrives quickly. Nights cool sharply, first light frosts possible late month.

Plant garlic. Sow spinach, peas, broad beans, Asian greens as soil cools.

Growth slows. Mulch for frost buffering. Keep fleece nearby for seedlings."
Queenstown,TAS,cold,8a,inland,April,"True autumn planting season. Soil cooling but warm enough for hardy crops.

Plant brassicas, leeks, onions, lettuce, silverbeet. Sow spinach, peas, beans directly. Garlic succeeds through month.

Clear summer crops promptly. Empty beds need compost or green manure."
Queenstown,TAS,cold,8a,inland,May,"Winter begins. Frost grows regular, soil stays wetter, growth slows.

Broad beans, spinach, silverbeet, garlic and hardy greens produce through mild spells.

Avoid walking wet soil. Add compost and seaweed to empty beds."
Queenstown,TAS,cold,8a,inland,June,"Cold settles fully. Hardy vegetables continue—spinach, beans, silverbeet, brassicas crop through milder periods.

Protection matters. Young plants need shelter from wind as much as frost. Mulch root crops."
Queenstown,TAS,cold,8a,inland,July,"Usually coldest month. Very little grows fast. Maintain winter crops rather than expect heavy harvests.

Use month for planning: order seed, repair beds, sharpen tools, plan spacing. Spring mistakes happen in July through impatience."
Queenstown,TAS,cold,8a,inland,August,"Early spring stirs though winter hasn't released. Bright days come but frosts stay frequent.

Start tomatoes, capsicums, eggplants indoors. Sow lettuce, onions, brassicas under protection.

Resist rushing. Patient spring gardens overtake early damaged ones by November."
Queenstown,TAS,cold,8a,inland,September,"Spring underway though frost still arrives on calm nights.

Plant onions, leeks, brassicas, silverbeet, lettuces. Sow carrots, beetroot, parsnips, peas. Successive sowing beats one glut.

Tomatoes, capsicums stay protected unless late month in warm spots."
Queenstown,TAS,cold,8a,inland,October,"Everything accelerates. Soil warms, daylight stretches, growth shows daily.

Early October frost surprises. By late month, tomatoes, beans, zucchini, pumpkins plant safely in sheltered gardens.

Direct sowing productive. Beans, beetroot, carrots respond quickly."
Queenstown,TAS,cold,8a,inland,November,"Great planting month. Soil warm, frost risk low, everything grows confidently.

Plant tomatoes, cucumbers, pumpkins, zucchini, beans. Capsicums and eggplants need warmest spots.

Mulch deeply. Consistent moisture prevents bitterness and blossom-end rot."
Queenstown,TAS,cold,8a,inland,December,"Garden hits full summer momentum. Long days and warmth drive rapid growth and harvest.

Keep picking beans, cucumbers, zucchini. Harvest peas before heat finishes. Succession sow fast crops.

Deep morning watering and thick mulch beat frequent shallow watering."
Riverside,TAS,cold,8a,inland,January,"Summer is established. Tomatoes, beans, cucumbers and zucchini produce heavily. Pick constantly.

Sow autumn crops now: carrots, beetroot, broccoli, kale, cabbage, silverbeet in warm soil. Chill lettuce seed or sow in shade.

Water deeply morning. Mulch heavily while ground is warm and moist."
Riverside,TAS,cold,8a,inland,February,"Garden feels summery but light softens. Plant brassicas from January seedlings—broccoli, cabbage, kale establish well.

Continue sowing beetroot, carrots, silverbeet, Asian greens for autumn.

Hot winds can dry beds. Deep watering before heat better than rescuing wilted plants."
Riverside,TAS,cold,8a,inland,March,"Autumn arrives quickly. Nights cool sharply, first light frosts possible late month.

Plant garlic. Sow spinach, peas, broad beans, Asian greens as soil cools.

Growth slows. Mulch for frost buffering. Keep fleece nearby for seedlings."
Riverside,TAS,cold,8a,inland,April,"True autumn planting season. Soil cooling but warm enough for hardy crops.

Plant brassicas, leeks, onions, lettuce, silverbeet. Sow spinach, peas, beans directly. Garlic succeeds through month.

Clear summer crops promptly. Empty beds need compost or green manure."
Riverside,TAS,cold,8a,inland,May,"Winter begins. Frost grows regular, soil stays wetter, growth slows.

Broad beans, spinach, silverbeet, garlic and hardy greens produce through mild spells.

Avoid walking wet soil. Add compost and seaweed to empty beds."
Riverside,TAS,cold,8a,inland,June,"Cold settles fully. Hardy vegetables continue—spinach, beans, silverbeet, brassicas crop through milder periods.

Protection matters. Young plants need shelter from wind as much as frost. Mulch root crops."
Riverside,TAS,cold,8a,inland,July,"Usually coldest month. Very little grows fast. Maintain winter crops rather than expect heavy harvests.

Use month for planning: order seed, repair beds, sharpen tools, plan spacing. Spring mistakes happen in July through impatience."
Riverside,TAS,cold,8a,inland,August,"Early spring stirs though winter hasn't released. Bright days come but frosts stay frequent.

Start tomatoes, capsicums, eggplants indoors. Sow lettuce, onions, brassicas under protection.

Resist rushing. Patient spring gardens overtake early damaged ones by November."
Riverside,TAS,cold,8a,inland,September,"Spring underway though frost still arrives on calm nights.

Plant onions, leeks, brassicas, silverbeet, lettuces. Sow carrots, beetroot, parsnips, peas. Successive sowing beats one glut.

Tomatoes, capsicums stay protected unless late month in warm spots."
Riverside,TAS,cold,8a,inland,October,"Everything accelerates. Soil warms, daylight stretches, growth shows daily.

Early October frost surprises. By late month, tomatoes, beans, zucchini, pumpkins plant safely in sheltered gardens.

Direct sowing productive. Beans, beetroot, carrots respond quickly."
Riverside,TAS,cold,8a,inland,November,"Great planting month. Soil warm, frost risk low, everything grows confidently.

Plant tomatoes, cucumbers, pumpkins, zucchini, beans. Capsicums and eggplants need warmest spots.

Mulch deeply. Consistent moisture prevents bitterness and blossom-end rot."
Riverside,TAS,cold,8a,inland,December,"Garden hits full summer momentum. Long days and warmth drive rapid growth and harvest.

Keep picking beans, cucumbers, zucchini. Harvest peas before heat finishes. Succession sow fast crops.

Deep morning watering and thick mulch beat frequent shallow watering."
Rosny,TAS,cold,8b,coastal,January,"Summer is established. Tomatoes, beans, cucumbers and zucchini produce heavily. Pick constantly.

Sow autumn crops now: carrots, beetroot, broccoli, kale, cabbage, silverbeet in warm soil. Chill lettuce seed or sow in shade.

Water deeply morning. Mulch heavily while ground is warm and moist."
Rosny,TAS,cold,8b,coastal,February,"Garden feels summery but light softens. Plant brassicas from January seedlings—broccoli, cabbage, kale establish well.

Continue sowing beetroot, carrots, silverbeet, Asian greens for autumn.

Hot winds can dry beds. Deep watering before heat better than rescuing wilted plants."
Rosny,TAS,cold,8b,coastal,March,"Autumn arrives quickly. Nights cool sharply, first light frosts possible late month.

Plant garlic. Sow spinach, peas, broad beans, Asian greens as soil cools.

Growth slows. Mulch for frost buffering. Keep fleece nearby for seedlings."
Rosny,TAS,cold,8b,coastal,April,"True autumn planting season. Soil cooling but warm enough for hardy crops.

Plant brassicas, leeks, onions, lettuce, silverbeet. Sow spinach, peas, beans directly. Garlic succeeds through month.

Clear summer crops promptly. Empty beds need compost or green manure."
Rosny,TAS,cold,8b,coastal,May,"Winter begins. Frost grows regular, soil stays wetter, growth slows.

Broad beans, spinach, silverbeet, garlic and hardy greens produce through mild spells.

Avoid walking wet soil. Add compost and seaweed to empty beds."
Rosny,TAS,cold,8b,coastal,June,"Cold settles fully. Hardy vegetables continue—spinach, beans, silverbeet, brassicas crop through milder periods.

Protection matters. Young plants need shelter from wind as much as frost. Mulch root crops."
Rosny,TAS,cold,8b,coastal,July,"Usually coldest month. Very little grows fast. Maintain winter crops rather than expect heavy harvests.

Use month for planning: order seed, repair beds, sharpen tools, plan spacing. Spring mistakes happen in July through impatience."
Rosny,TAS,cold,8b,coastal,August,"Early spring stirs though winter hasn't released. Bright days come but frosts stay frequent.

Start tomatoes, capsicums, eggplants indoors. Sow lettuce, onions, brassicas under protection.

Resist rushing. Patient spring gardens overtake early damaged ones by November."
Rosny,TAS,cold,8b,coastal,September,"Spring underway though frost still arrives on calm nights.

Plant onions, leeks, brassicas, silverbeet, lettuces. Sow carrots, beetroot, parsnips, peas. Successive sowing beats one glut.

Tomatoes, capsicums stay protected unless late month in warm spots."
Rosny,TAS,cold,8b,coastal,October,"Everything accelerates. Soil warms, daylight stretches, growth shows daily.

Early October frost surprises. By late month, tomatoes, beans, zucchini, pumpkins plant safely in sheltered gardens.

Direct sowing productive. Beans, beetroot, carrots respond quickly."
Rosny,TAS,cold,8b,coastal,November,"Great planting month. Soil warm, frost risk low, everything grows confidently.

Plant tomatoes, cucumbers, pumpkins, zucchini, beans. Capsicums and eggplants need warmest spots.

Mulch deeply. Consistent moisture prevents bitterness and blossom-end rot."
Rosny,TAS,cold,8b,coastal,December,"Garden hits full summer momentum. Long days and warmth drive rapid growth and harvest.

Keep picking beans, cucumbers, zucchini. Harvest peas before heat finishes. Succession sow fast crops.

Deep morning watering and thick mulch beat frequent shallow watering."
Sandy Bay,TAS,cold,8b,coastal,January,"Summer is established. Tomatoes, beans, cucumbers and zucchini produce heavily. Pick constantly.

Sow autumn crops now: carrots, beetroot, broccoli, kale, cabbage, silverbeet in warm soil. Chill lettuce seed or sow in shade.

Water deeply morning. Mulch heavily while ground is warm and moist."
Sandy Bay,TAS,cold,8b,coastal,February,"Garden feels summery but light softens. Plant brassicas from January seedlings—broccoli, cabbage, kale establish well.

Continue sowing beetroot, carrots, silverbeet, Asian greens for autumn.

Hot winds can dry beds. Deep watering before heat better than rescuing wilted plants."
Sandy Bay,TAS,cold,8b,coastal,March,"Autumn arrives quickly. Nights cool sharply, first light frosts possible late month.

Plant garlic. Sow spinach, peas, broad beans, Asian greens as soil cools.

Growth slows. Mulch for frost buffering. Keep fleece nearby for seedlings."
Sandy Bay,TAS,cold,8b,coastal,April,"True autumn planting season. Soil cooling but warm enough for hardy crops.

Plant brassicas, leeks, onions, lettuce, silverbeet. Sow spinach, peas, beans directly. Garlic succeeds through month.

Clear summer crops promptly. Empty beds need compost or green manure."
Sandy Bay,TAS,cold,8b,coastal,May,"Winter begins. Frost grows regular, soil stays wetter, growth slows.

Broad beans, spinach, silverbeet, garlic and hardy greens produce through mild spells.

Avoid walking wet soil. Add compost and seaweed to empty beds."
Sandy Bay,TAS,cold,8b,coastal,June,"Cold settles fully. Hardy vegetables continue—spinach, beans, silverbeet, brassicas crop through milder periods.

Protection matters. Young plants need shelter from wind as much as frost. Mulch root crops."
Sandy Bay,TAS,cold,8b,coastal,July,"Usually coldest month. Very little grows fast. Maintain winter crops rather than expect heavy harvests.

Use month for planning: order seed, repair beds, sharpen tools, plan spacing. Spring mistakes happen in July through impatience."
Sandy Bay,TAS,cold,8b,coastal,August,"Early spring stirs though winter hasn't released. Bright days come but frosts stay frequent.

Start tomatoes, capsicums, eggplants indoors. Sow lettuce, onions, brassicas under protection.

Resist rushing. Patient spring gardens overtake early damaged ones by November."
Sandy Bay,TAS,cold,8b,coastal,September,"Spring underway though frost still arrives on calm nights.

Plant onions, leeks, brassicas, silverbeet, lettuces. Sow carrots, beetroot, parsnips, peas. Successive sowing beats one glut.

Tomatoes, capsicums stay protected unless late month in warm spots."
Sandy Bay,TAS,cold,8b,coastal,October,"Everything accelerates. Soil warms, daylight stretches, growth shows daily.

Early October frost surprises. By late month, tomatoes, beans, zucchini, pumpkins plant safely in sheltered gardens.

Direct sowing productive. Beans, beetroot, carrots respond quickly."
Sandy Bay,TAS,cold,8b,coastal,November,"Great planting month. Soil warm, frost risk low, everything grows confidently.

Plant tomatoes, cucumbers, pumpkins, zucchini, beans. Capsicums and eggplants need warmest spots.

Mulch deeply. Consistent moisture prevents bitterness and blossom-end rot."
Sandy Bay,TAS,cold,8b,coastal,December,"Garden hits full summer momentum. Long days and warmth drive rapid growth and harvest.

Keep picking beans, cucumbers, zucchini. Harvest peas before heat finishes. Succession sow fast crops.

Deep morning watering and thick mulch beat frequent shallow watering."
Scottsdale,TAS,cold,8b,inland,January,"Summer is established. Tomatoes, beans, cucumbers and zucchini produce heavily. Pick constantly.

Sow autumn crops now: carrots, beetroot, broccoli, kale, cabbage, silverbeet in warm soil. Chill lettuce seed or sow in shade.

Water deeply morning. Mulch heavily while ground is warm and moist."
Scottsdale,TAS,cold,8b,inland,February,"Garden feels summery but light softens. Plant brassicas from January seedlings—broccoli, cabbage, kale establish well.

Continue sowing beetroot, carrots, silverbeet, Asian greens for autumn.

Hot winds can dry beds. Deep watering before heat better than rescuing wilted plants."
Scottsdale,TAS,cold,8b,inland,March,"Autumn arrives quickly. Nights cool sharply, first light frosts possible late month.

Plant garlic. Sow spinach, peas, broad beans, Asian greens as soil cools.

Growth slows. Mulch for frost buffering. Keep fleece nearby for seedlings."
Scottsdale,TAS,cold,8b,inland,April,"True autumn planting season. Soil cooling but warm enough for hardy crops.

Plant brassicas, leeks, onions, lettuce, silverbeet. Sow spinach, peas, beans directly. Garlic succeeds through month.

Clear summer crops promptly. Empty beds need compost or green manure."
Scottsdale,TAS,cold,8b,inland,May,"Winter begins. Frost grows regular, soil stays wetter, growth slows.

Broad beans, spinach, silverbeet, garlic and hardy greens produce through mild spells.

Avoid walking wet soil. Add compost and seaweed to empty beds."
Scottsdale,TAS,cold,8b,inland,June,"Cold settles fully. Hardy vegetables continue—spinach, beans, silverbeet, brassicas crop through milder periods.

Protection matters. Young plants need shelter from wind as much as frost. Mulch root crops."
Scottsdale,TAS,cold,8b,inland,July,"Usually coldest month. Very little grows fast. Maintain winter crops rather than expect heavy harvests.

Use month for planning: order seed, repair beds, sharpen tools, plan spacing. Spring mistakes happen in July through impatience."
Scottsdale,TAS,cold,8b,inland,August,"Early spring stirs though winter hasn't released. Bright days come but frosts stay frequent.

Start tomatoes, capsicums, eggplants indoors. Sow lettuce, onions, brassicas under protection.

Resist rushing. Patient spring gardens overtake early damaged ones by November."
Scottsdale,TAS,cold,8b,inland,September,"Spring underway though frost still arrives on calm nights.

Plant onions, leeks, brassicas, silverbeet, lettuces. Sow carrots, beetroot, parsnips, peas. Successive sowing beats one glut.

Tomatoes, capsicums stay protected unless late month in warm spots."
Scottsdale,TAS,cold,8b,inland,October,"Everything accelerates. Soil warms, daylight stretches, growth shows daily.

Early October frost surprises. By late month, tomatoes, beans, zucchini, pumpkins plant safely in sheltered gardens.

Direct sowing productive. Beans, beetroot, carrots respond quickly."
Scottsdale,TAS,cold,8b,inland,November,"Great planting month. Soil warm, frost risk low, everything grows confidently.

Plant tomatoes, cucumbers, pumpkins, zucchini, beans. Capsicums and eggplants need warmest spots.

Mulch deeply. Consistent moisture prevents bitterness and blossom-end rot."
Scottsdale,TAS,cold,8b,inland,December,"Garden hits full summer momentum. Long days and warmth drive rapid growth and harvest.

Keep picking beans, cucumbers, zucchini. Harvest peas before heat finishes. Succession sow fast crops.

Deep morning watering and thick mulch beat frequent shallow watering."
Smithton,TAS,cold,8b,inland,January,"Summer is established. Tomatoes, beans, cucumbers and zucchini produce heavily. Pick constantly.

Sow autumn crops now: carrots, beetroot, broccoli, kale, cabbage, silverbeet in warm soil. Chill lettuce seed or sow in shade.

Water deeply morning. Mulch heavily while ground is warm and moist."
Smithton,TAS,cold,8b,inland,February,"Garden feels summery but light softens. Plant brassicas from January seedlings—broccoli, cabbage, kale establish well.

Continue sowing beetroot, carrots, silverbeet, Asian greens for autumn.

Hot winds can dry beds. Deep watering before heat better than rescuing wilted plants."
Smithton,TAS,cold,8b,inland,March,"Autumn arrives quickly. Nights cool sharply, first light frosts possible late month.

Plant garlic. Sow spinach, peas, broad beans, Asian greens as soil cools.

Growth slows. Mulch for frost buffering. Keep fleece nearby for seedlings."
Smithton,TAS,cold,8b,inland,April,"True autumn planting season. Soil cooling but warm enough for hardy crops.

Plant brassicas, leeks, onions, lettuce, silverbeet. Sow spinach, peas, beans directly. Garlic succeeds through month.

Clear summer crops promptly. Empty beds need compost or green manure."
Smithton,TAS,cold,8b,inland,May,"Winter begins. Frost grows regular, soil stays wetter, growth slows.

Broad beans, spinach, silverbeet, garlic and hardy greens produce through mild spells.

Avoid walking wet soil. Add compost and seaweed to empty beds."
Smithton,TAS,cold,8b,inland,June,"Cold settles fully. Hardy vegetables continue—spinach, beans, silverbeet, brassicas crop through milder periods.

Protection matters. Young plants need shelter from wind as much as frost. Mulch root crops."
Smithton,TAS,cold,8b,inland,July,"Usually coldest month. Very little grows fast. Maintain winter crops rather than expect heavy harvests.

Use month for planning: order seed, repair beds, sharpen tools, plan spacing. Spring mistakes happen in July through impatience."
Smithton,TAS,cold,8b,inland,August,"Early spring stirs though winter hasn't released. Bright days come but frosts stay frequent.

Start tomatoes, capsicums, eggplants indoors. Sow lettuce, onions, brassicas under protection.

Resist rushing. Patient spring gardens overtake early damaged ones by November."
Smithton,TAS,cold,8b,inland,September,"Spring underway though frost still arrives on calm nights.

Plant onions, leeks, brassicas, silverbeet, lettuces. Sow carrots, beetroot, parsnips, peas. Successive sowing beats one glut.

Tomatoes, capsicums stay protected unless late month in warm spots."
Smithton,TAS,cold,8b,inland,October,"Everything accelerates. Soil warms, daylight stretches, growth shows daily.

Early October frost surprises. By late month, tomatoes, beans, zucchini, pumpkins plant safely in sheltered gardens.

Direct sowing productive. Beans, beetroot, carrots respond quickly."
Smithton,TAS,cold,8b,inland,November,"Great planting month. Soil warm, frost risk low, everything grows confidently.

Plant tomatoes, cucumbers, pumpkins, zucchini, beans. Capsicums and eggplants need warmest spots.

Mulch deeply. Consistent moisture prevents bitterness and blossom-end rot."
Smithton,TAS,cold,8b,inland,December,"Garden hits full summer momentum. Long days and warmth drive rapid growth and harvest.

Keep picking beans, cucumbers, zucchini. Harvest peas before heat finishes. Succession sow fast crops.

Deep morning watering and thick mulch beat frequent shallow watering."
Sorell,TAS,cold,8b,coastal|inland,January,"Summer is established. Tomatoes, beans, cucumbers and zucchini produce heavily. Pick constantly.

Sow autumn crops now: carrots, beetroot, broccoli, kale, cabbage, silverbeet in warm soil. Chill lettuce seed or sow in shade.

Water deeply morning. Mulch heavily while ground is warm and moist."
Sorell,TAS,cold,8b,coastal|inland,February,"Garden feels summery but light softens. Plant brassicas from January seedlings—broccoli, cabbage, kale establish well.

Continue sowing beetroot, carrots, silverbeet, Asian greens for autumn.

Hot winds can dry beds. Deep watering before heat better than rescuing wilted plants."
Sorell,TAS,cold,8b,coastal|inland,March,"Autumn arrives quickly. Nights cool sharply, first light frosts possible late month.

Plant garlic. Sow spinach, peas, broad beans, Asian greens as soil cools.

Growth slows. Mulch for frost buffering. Keep fleece nearby for seedlings."
Sorell,TAS,cold,8b,coastal|inland,April,"True autumn planting season. Soil cooling but warm enough for hardy crops.

Plant brassicas, leeks, onions, lettuce, silverbeet. Sow spinach, peas, beans directly. Garlic succeeds through month.

Clear summer crops promptly. Empty beds need compost or green manure."
Sorell,TAS,cold,8b,coastal|inland,May,"Winter begins. Frost grows regular, soil stays wetter, growth slows.

Broad beans, spinach, silverbeet, garlic and hardy greens produce through mild spells.

Avoid walking wet soil. Add compost and seaweed to empty beds."
Sorell,TAS,cold,8b,coastal|inland,June,"Cold settles fully. Hardy vegetables continue—spinach, beans, silverbeet, brassicas crop through milder periods.

Protection matters. Young plants need shelter from wind as much as frost. Mulch root crops."
Sorell,TAS,cold,8b,coastal|inland,July,"Usually coldest month. Very little grows fast. Maintain winter crops rather than expect heavy harvests.

Use month for planning: order seed, repair beds, sharpen tools, plan spacing. Spring mistakes happen in July through impatience."
Sorell,TAS,cold,8b,coastal|inland,August,"Early spring stirs though winter hasn't released. Bright days come but frosts stay frequent.

Start tomatoes, capsicums, eggplants indoors. Sow lettuce, onions, brassicas under protection.

Resist rushing. Patient spring gardens overtake early damaged ones by November."
Sorell,TAS,cold,8b,coastal|inland,September,"Spring underway though frost still arrives on calm nights.

Plant onions, leeks, brassicas, silverbeet, lettuces. Sow carrots, beetroot, parsnips, peas. Successive sowing beats one glut.

Tomatoes, capsicums stay protected unless late month in warm spots."
Sorell,TAS,cold,8b,coastal|inland,October,"Everything accelerates. Soil warms, daylight stretches, growth shows daily.

Early October frost surprises. By late month, tomatoes, beans, zucchini, pumpkins plant safely in sheltered gardens.

Direct sowing productive. Beans, beetroot, carrots respond quickly."
Sorell,TAS,cold,8b,coastal|inland,November,"Great planting month. Soil warm, frost risk low, everything grows confidently.

Plant tomatoes, cucumbers, pumpkins, zucchini, beans. Capsicums and eggplants need warmest spots.

Mulch deeply. Consistent moisture prevents bitterness and blossom-end rot."
Sorell,TAS,cold,8b,coastal|inland,December,"Garden hits full summer momentum. Long days and warmth drive rapid growth and harvest.

Keep picking beans, cucumbers, zucchini. Harvest peas before heat finishes. Succession sow fast crops.

Deep morning watering and thick mulch beat frequent shallow watering."
South Hobart,TAS,cold,8b,coastal,January,"Summer is established. Tomatoes, beans, cucumbers and zucchini produce heavily. Pick constantly.

Sow autumn crops now: carrots, beetroot, broccoli, kale, cabbage, silverbeet in warm soil. Chill lettuce seed or sow in shade.

Water deeply morning. Mulch heavily while ground is warm and moist."
South Hobart,TAS,cold,8b,coastal,February,"Garden feels summery but light softens. Plant brassicas from January seedlings—broccoli, cabbage, kale establish well.

Continue sowing beetroot, carrots, silverbeet, Asian greens for autumn.

Hot winds can dry beds. Deep watering before heat better than rescuing wilted plants."
South Hobart,TAS,cold,8b,coastal,March,"Autumn arrives quickly. Nights cool sharply, first light frosts possible late month.

Plant garlic. Sow spinach, peas, broad beans, Asian greens as soil cools.

Growth slows. Mulch for frost buffering. Keep fleece nearby for seedlings."
South Hobart,TAS,cold,8b,coastal,April,"True autumn planting season. Soil cooling but warm enough for hardy crops.

Plant brassicas, leeks, onions, lettuce, silverbeet. Sow spinach, peas, beans directly. Garlic succeeds through month.

Clear summer crops promptly. Empty beds need compost or green manure."
South Hobart,TAS,cold,8b,coastal,May,"Winter begins. Frost grows regular, soil stays wetter, growth slows.

Broad beans, spinach, silverbeet, garlic and hardy greens produce through mild spells.

Avoid walking wet soil. Add compost and seaweed to empty beds."
South Hobart,TAS,cold,8b,coastal,June,"Cold settles fully. Hardy vegetables continue—spinach, beans, silverbeet, brassicas crop through milder periods.

Protection matters. Young plants need shelter from wind as much as frost. Mulch root crops."
South Hobart,TAS,cold,8b,coastal,July,"Usually coldest month. Very little grows fast. Maintain winter crops rather than expect heavy harvests.

Use month for planning: order seed, repair beds, sharpen tools, plan spacing. Spring mistakes happen in July through impatience."
South Hobart,TAS,cold,8b,coastal,August,"Early spring stirs though winter hasn't released. Bright days come but frosts stay frequent.

Start tomatoes, capsicums, eggplants indoors. Sow lettuce, onions, brassicas under protection.

Resist rushing. Patient spring gardens overtake early damaged ones by November."
South Hobart,TAS,cold,8b,coastal,September,"Spring underway though frost still arrives on calm nights.

Plant onions, leeks, brassicas, silverbeet, lettuces. Sow carrots, beetroot, parsnips, peas. Successive sowing beats one glut.

Tomatoes, capsicums stay protected unless late month in warm spots."
South Hobart,TAS,cold,8b,coastal,October,"Everything accelerates. Soil warms, daylight stretches, growth shows daily.

Early October frost surprises. By late month, tomatoes, beans, zucchini, pumpkins plant safely in sheltered gardens.

Direct sowing productive. Beans, beetroot, carrots respond quickly."
South Hobart,TAS,cold,8b,coastal,November,"Great planting month. Soil warm, frost risk low, everything grows confidently.

Plant tomatoes, cucumbers, pumpkins, zucchini, beans. Capsicums and eggplants need warmest spots.

Mulch deeply. Consistent moisture prevents bitterness and blossom-end rot."
South Hobart,TAS,cold,8b,coastal,December,"Garden hits full summer momentum. Long days and warmth drive rapid growth and harvest.

Keep picking beans, cucumbers, zucchini. Harvest peas before heat finishes. Succession sow fast crops.

Deep morning watering and thick mulch beat frequent shallow watering."
St Helens,TAS,cold,8b,inland,January,"Summer is established. Tomatoes, beans, cucumbers and zucchini produce heavily. Pick constantly.

Sow autumn crops now: carrots, beetroot, broccoli, kale, cabbage, silverbeet in warm soil. Chill lettuce seed or sow in shade.

Water deeply morning. Mulch heavily while ground is warm and moist."
St Helens,TAS,cold,8b,inland,February,"Garden feels summery but light softens. Plant brassicas from January seedlings—broccoli, cabbage, kale establish well.

Continue sowing beetroot, carrots, silverbeet, Asian greens for autumn.

Hot winds can dry beds. Deep watering before heat better than rescuing wilted plants."
St Helens,TAS,cold,8b,inland,March,"Autumn arrives quickly. Nights cool sharply, first light frosts possible late month.

Plant garlic. Sow spinach, peas, broad beans, Asian greens as soil cools.

Growth slows. Mulch for frost buffering. Keep fleece nearby for seedlings."
St Helens,TAS,cold,8b,inland,April,"True autumn planting season. Soil cooling but warm enough for hardy crops.

Plant brassicas, leeks, onions, lettuce, silverbeet. Sow spinach, peas, beans directly. Garlic succeeds through month.

Clear summer crops promptly. Empty beds need compost or green manure."
St Helens,TAS,cold,8b,inland,May,"Winter begins. Frost grows regular, soil stays wetter, growth slows.

Broad beans, spinach, silverbeet, garlic and hardy greens produce through mild spells.

Avoid walking wet soil. Add compost and seaweed to empty beds."
St Helens,TAS,cold,8b,inland,June,"Cold settles fully. Hardy vegetables continue—spinach, beans, silverbeet, brassicas crop through milder periods.

Protection matters. Young plants need shelter from wind as much as frost. Mulch root crops."
St Helens,TAS,cold,8b,inland,July,"Usually coldest month. Very little grows fast. Maintain winter crops rather than expect heavy harvests.

Use month for planning: order seed, repair beds, sharpen tools, plan spacing. Spring mistakes happen in July through impatience."
St Helens,TAS,cold,8b,inland,August,"Early spring stirs though winter hasn't released. Bright days come but frosts stay frequent.

Start tomatoes, capsicums, eggplants indoors. Sow lettuce, onions, brassicas under protection.

Resist rushing. Patient spring gardens overtake early damaged ones by November."
St Helens,TAS,cold,8b,inland,September,"Spring underway though frost still arrives on calm nights.

Plant onions, leeks, brassicas, silverbeet, lettuces. Sow carrots, beetroot, parsnips, peas. Successive sowing beats one glut.

Tomatoes, capsicums stay protected unless late month in warm spots."
St Helens,TAS,cold,8b,inland,October,"Everything accelerates. Soil warms, daylight stretches, growth shows daily.

Early October frost surprises. By late month, tomatoes, beans, zucchini, pumpkins plant safely in sheltered gardens.

Direct sowing productive. Beans, beetroot, carrots respond quickly."
St Helens,TAS,cold,8b,inland,November,"Great planting month. Soil warm, frost risk low, everything grows confidently.

Plant tomatoes, cucumbers, pumpkins, zucchini, beans. Capsicums and eggplants need warmest spots.

Mulch deeply. Consistent moisture prevents bitterness and blossom-end rot."
St Helens,TAS,cold,8b,inland,December,"Garden hits full summer momentum. Long days and warmth drive rapid growth and harvest.

Keep picking beans, cucumbers, zucchini. Harvest peas before heat finishes. Succession sow fast crops.

Deep morning watering and thick mulch beat frequent shallow watering."
Strahan,TAS,cold,8a,inland,January,"Summer is established. Tomatoes, beans, cucumbers and zucchini produce heavily. Pick constantly.

Sow autumn crops now: carrots, beetroot, broccoli, kale, cabbage, silverbeet in warm soil. Chill lettuce seed or sow in shade.

Water deeply morning. Mulch heavily while ground is warm and moist."
Strahan,TAS,cold,8a,inland,February,"Garden feels summery but light softens. Plant brassicas from January seedlings—broccoli, cabbage, kale establish well.

Continue sowing beetroot, carrots, silverbeet, Asian greens for autumn.

Hot winds can dry beds. Deep watering before heat better than rescuing wilted plants."
Strahan,TAS,cold,8a,inland,March,"Autumn arrives quickly. Nights cool sharply, first light frosts possible late month.

Plant garlic. Sow spinach, peas, broad beans, Asian greens as soil cools.

Growth slows. Mulch for frost buffering. Keep fleece nearby for seedlings."
Strahan,TAS,cold,8a,inland,April,"True autumn planting season. Soil cooling but warm enough for hardy crops.

Plant brassicas, leeks, onions, lettuce, silverbeet. Sow spinach, peas, beans directly. Garlic succeeds through month.

Clear summer crops promptly. Empty beds need compost or green manure."
Strahan,TAS,cold,8a,inland,May,"Winter begins. Frost grows regular, soil stays wetter, growth slows.

Broad beans, spinach, silverbeet, garlic and hardy greens produce through mild spells.

Avoid walking wet soil. Add compost and seaweed to empty beds."
Strahan,TAS,cold,8a,inland,June,"Cold settles fully. Hardy vegetables continue—spinach, beans, silverbeet, brassicas crop through milder periods.

Protection matters. Young plants need shelter from wind as much as frost. Mulch root crops."
Strahan,TAS,cold,8a,inland,July,"Usually coldest month. Very little grows fast. Maintain winter crops rather than expect heavy harvests.

Use month for planning: order seed, repair beds, sharpen tools, plan spacing. Spring mistakes happen in July through impatience."
Strahan,TAS,cold,8a,inland,August,"Early spring stirs though winter hasn't released. Bright days come but frosts stay frequent.

Start tomatoes, capsicums, eggplants indoors. Sow lettuce, onions, brassicas under protection.

Resist rushing. Patient spring gardens overtake early damaged ones by November."
Strahan,TAS,cold,8a,inland,September,"Spring underway though frost still arrives on calm nights.

Plant onions, leeks, brassicas, silverbeet, lettuces. Sow carrots, beetroot, parsnips, peas. Successive sowing beats one glut.

Tomatoes, capsicums stay protected unless late month in warm spots."
Strahan,TAS,cold,8a,inland,October,"Everything accelerates. Soil warms, daylight stretches, growth shows daily.

Early October frost surprises. By late month, tomatoes, beans, zucchini, pumpkins plant safely in sheltered gardens.

Direct sowing productive. Beans, beetroot, carrots respond quickly."
Strahan,TAS,cold,8a,inland,November,"Great planting month. Soil warm, frost risk low, everything grows confidently.

Plant tomatoes, cucumbers, pumpkins, zucchini, beans. Capsicums and eggplants need warmest spots.

Mulch deeply. Consistent moisture prevents bitterness and blossom-end rot."
Strahan,TAS,cold,8a,inland,December,"Garden hits full summer momentum. Long days and warmth drive rapid growth and harvest.

Keep picking beans, cucumbers, zucchini. Harvest peas before heat finishes. Succession sow fast crops.

Deep morning watering and thick mulch beat frequent shallow watering."
Taroona,TAS,cold,8b,coastal,January,"Summer is established. Tomatoes, beans, cucumbers and zucchini produce heavily. Pick constantly.

Sow autumn crops now: carrots, beetroot, broccoli, kale, cabbage, silverbeet in warm soil. Chill lettuce seed or sow in shade.

Water deeply morning. Mulch heavily while ground is warm and moist."
Taroona,TAS,cold,8b,coastal,February,"Garden feels summery but light softens. Plant brassicas from January seedlings—broccoli, cabbage, kale establish well.

Continue sowing beetroot, carrots, silverbeet, Asian greens for autumn.

Hot winds can dry beds. Deep watering before heat better than rescuing wilted plants."
Taroona,TAS,cold,8b,coastal,March,"Autumn arrives quickly. Nights cool sharply, first light frosts possible late month.

Plant garlic. Sow spinach, peas, broad beans, Asian greens as soil cools.

Growth slows. Mulch for frost buffering. Keep fleece nearby for seedlings."
Taroona,TAS,cold,8b,coastal,April,"True autumn planting season. Soil cooling but warm enough for hardy crops.

Plant brassicas, leeks, onions, lettuce, silverbeet. Sow spinach, peas, beans directly. Garlic succeeds through month.

Clear summer crops promptly. Empty beds need compost or green manure."
Taroona,TAS,cold,8b,coastal,May,"Winter begins. Frost grows regular, soil stays wetter, growth slows.

Broad beans, spinach, silverbeet, garlic and hardy greens produce through mild spells.

Avoid walking wet soil. Add compost and seaweed to empty beds."
Taroona,TAS,cold,8b,coastal,June,"Cold settles fully. Hardy vegetables continue—spinach, beans, silverbeet, brassicas crop through milder periods.

Protection matters. Young plants need shelter from wind as much as frost. Mulch root crops."
Taroona,TAS,cold,8b,coastal,July,"Usually coldest month. Very little grows fast. Maintain winter crops rather than expect heavy harvests.

Use month for planning: order seed, repair beds, sharpen tools, plan spacing. Spring mistakes happen in July through impatience."
Taroona,TAS,cold,8b,coastal,August,"Early spring stirs though winter hasn't released. Bright days come but frosts stay frequent.

Start tomatoes, capsicums, eggplants indoors. Sow lettuce, onions, brassicas under protection.

Resist rushing. Patient spring gardens overtake early damaged ones by November."
Taroona,TAS,cold,8b,coastal,September,"Spring underway though frost still arrives on calm nights.

Plant onions, leeks, brassicas, silverbeet, lettuces. Sow carrots, beetroot, parsnips, peas. Successive sowing beats one glut.

Tomatoes, capsicums stay protected unless late month in warm spots."
Taroona,TAS,cold,8b,coastal,October,"Everything accelerates. Soil warms, daylight stretches, growth shows daily.

Early October frost surprises. By late month, tomatoes, beans, zucchini, pumpkins plant safely in sheltered gardens.

Direct sowing productive. Beans, beetroot, carrots respond quickly."
Taroona,TAS,cold,8b,coastal,November,"Great planting month. Soil warm, frost risk low, everything grows confidently.

Plant tomatoes, cucumbers, pumpkins, zucchini, beans. Capsicums and eggplants need warmest spots.

Mulch deeply. Consistent moisture prevents bitterness and blossom-end rot."
Taroona,TAS,cold,8b,coastal,December,"Garden hits full summer momentum. Long days and warmth drive rapid growth and harvest.

Keep picking beans, cucumbers, zucchini. Harvest peas before heat finishes. Succession sow fast crops.

Deep morning watering and thick mulch beat frequent shallow watering."
Ulverstone,TAS,cold,8b,inland,January,"Summer is established. Tomatoes, beans, cucumbers and zucchini produce heavily. Pick constantly.

Sow autumn crops now: carrots, beetroot, broccoli, kale, cabbage, silverbeet in warm soil. Chill lettuce seed or sow in shade.

Water deeply morning. Mulch heavily while ground is warm and moist."
Ulverstone,TAS,cold,8b,inland,February,"Garden feels summery but light softens. Plant brassicas from January seedlings—broccoli, cabbage, kale establish well.

Continue sowing beetroot, carrots, silverbeet, Asian greens for autumn.

Hot winds can dry beds. Deep watering before heat better than rescuing wilted plants."
Ulverstone,TAS,cold,8b,inland,March,"Autumn arrives quickly. Nights cool sharply, first light frosts possible late month.

Plant garlic. Sow spinach, peas, broad beans, Asian greens as soil cools.

Growth slows. Mulch for frost buffering. Keep fleece nearby for seedlings."
Ulverstone,TAS,cold,8b,inland,April,"True autumn planting season. Soil cooling but warm enough for hardy crops.

Plant brassicas, leeks, onions, lettuce, silverbeet. Sow spinach, peas, beans directly. Garlic succeeds through month.

Clear summer crops promptly. Empty beds need compost or green manure."
Ulverstone,TAS,cold,8b,inland,May,"Winter begins. Frost grows regular, soil stays wetter, growth slows.

Broad beans, spinach, silverbeet, garlic and hardy greens produce through mild spells.

Avoid walking wet soil. Add compost and seaweed to empty beds."
Ulverstone,TAS,cold,8b,inland,June,"Cold settles fully. Hardy vegetables continue—spinach, beans, silverbeet, brassicas crop through milder periods.

Protection matters. Young plants need shelter from wind as much as frost. Mulch root crops."
Ulverstone,TAS,cold,8b,inland,July,"Usually coldest month. Very little grows fast. Maintain winter crops rather than expect heavy harvests.

Use month for planning: order seed, repair beds, sharpen tools, plan spacing. Spring mistakes happen in July through impatience."
Ulverstone,TAS,cold,8b,inland,August,"Early spring stirs though winter hasn't released. Bright days come but frosts stay frequent.

Start tomatoes, capsicums, eggplants indoors. Sow lettuce, onions, brassicas under protection.

Resist rushing. Patient spring gardens overtake early damaged ones by November."
Ulverstone,TAS,cold,8b,inland,September,"Spring underway though frost still arrives on calm nights.

Plant onions, leeks, brassicas, silverbeet, lettuces. Sow carrots, beetroot, parsnips, peas. Successive sowing beats one glut.

Tomatoes, capsicums stay protected unless late month in warm spots."
Ulverstone,TAS,cold,8b,inland,October,"Everything accelerates. Soil warms, daylight stretches, growth shows daily.

Early October frost surprises. By late month, tomatoes, beans, zucchini, pumpkins plant safely in sheltered gardens.

Direct sowing productive. Beans, beetroot, carrots respond quickly."
Ulverstone,TAS,cold,8b,inland,November,"Great planting month. Soil warm, frost risk low, everything grows confidently.

Plant tomatoes, cucumbers, pumpkins, zucchini, beans. Capsicums and eggplants need warmest spots.

Mulch deeply. Consistent moisture prevents bitterness and blossom-end rot."
Ulverstone,TAS,cold,8b,inland,December,"Garden hits full summer momentum. Long days and warmth drive rapid growth and harvest.

Keep picking beans, cucumbers, zucchini. Harvest peas before heat finishes. Succession sow fast crops.

Deep morning watering and thick mulch beat frequent shallow watering."
West Hobart,TAS,cold,8b,coastal,January,"Summer is established. Tomatoes, beans, cucumbers and zucchini produce heavily. Pick constantly.

Sow autumn crops now: carrots, beetroot, broccoli, kale, cabbage, silverbeet in warm soil. Chill lettuce seed or sow in shade.

Water deeply morning. Mulch heavily while ground is warm and moist."
West Hobart,TAS,cold,8b,coastal,February,"Garden feels summery but light softens. Plant brassicas from January seedlings—broccoli, cabbage, kale establish well.

Continue sowing beetroot, carrots, silverbeet, Asian greens for autumn.

Hot winds can dry beds. Deep watering before heat better than rescuing wilted plants."
West Hobart,TAS,cold,8b,coastal,March,"Autumn arrives quickly. Nights cool sharply, first light frosts possible late month.

Plant garlic. Sow spinach, peas, broad beans, Asian greens as soil cools.

Growth slows. Mulch for frost buffering. Keep fleece nearby for seedlings."
West Hobart,TAS,cold,8b,coastal,April,"True autumn planting season. Soil cooling but warm enough for hardy crops.

Plant brassicas, leeks, onions, lettuce, silverbeet. Sow spinach, peas, beans directly. Garlic succeeds through month.

Clear summer crops promptly. Empty beds need compost or green manure."
West Hobart,TAS,cold,8b,coastal,May,"Winter begins. Frost grows regular, soil stays wetter, growth slows.

Broad beans, spinach, silverbeet, garlic and hardy greens produce through mild spells.

Avoid walking wet soil. Add compost and seaweed to empty beds."
West Hobart,TAS,cold,8b,coastal,June,"Cold settles fully. Hardy vegetables continue—spinach, beans, silverbeet, brassicas crop through milder periods.

Protection matters. Young plants need shelter from wind as much as frost. Mulch root crops."
West Hobart,TAS,cold,8b,coastal,July,"Usually coldest month. Very little grows fast. Maintain winter crops rather than expect heavy harvests.

Use month for planning: order seed, repair beds, sharpen tools, plan spacing. Spring mistakes happen in July through impatience."
West Hobart,TAS,cold,8b,coastal,August,"Early spring stirs though winter hasn't released. Bright days come but frosts stay frequent.

Start tomatoes, capsicums, eggplants indoors. Sow lettuce, onions, brassicas under protection.

Resist rushing. Patient spring gardens overtake early damaged ones by November."
West Hobart,TAS,cold,8b,coastal,September,"Spring underway though frost still arrives on calm nights.

Plant onions, leeks, brassicas, silverbeet, lettuces. Sow carrots, beetroot, parsnips, peas. Successive sowing beats one glut.

Tomatoes, capsicums stay protected unless late month in warm spots."
West Hobart,TAS,cold,8b,coastal,October,"Everything accelerates. Soil warms, daylight stretches, growth shows daily.

Early October frost surprises. By late month, tomatoes, beans, zucchini, pumpkins plant safely in sheltered gardens.

Direct sowing productive. Beans, beetroot, carrots respond quickly."
West Hobart,TAS,cold,8b,coastal,November,"Great planting month. Soil warm, frost risk low, everything grows confidently.

Plant tomatoes, cucumbers, pumpkins, zucchini, beans. Capsicums and eggplants need warmest spots.

Mulch deeply. Consistent moisture prevents bitterness and blossom-end rot."
West Hobart,TAS,cold,8b,coastal,December,"Garden hits full summer momentum. Long days and warmth drive rapid growth and harvest.

Keep picking beans, cucumbers, zucchini. Harvest peas before heat finishes. Succession sow fast crops.

Deep morning watering and thick mulch beat frequent shallow watering."
Ararat,VIC,cool,9a,inland,January,"Summer is milder. Growth steady but cool nights limit heat-lovers. Keep picking.

Start brassica and lettuce seedlings indoors. Direct-sow carrots, beetroot, silverbeet, kale.

Water deeply morning. Mulch heavily."
Ararat,VIC,cool,9a,inland,February,"Summer is milder. Growth steady but cool nights limit heat-lovers. Keep picking.

Start brassica and lettuce seedlings indoors. Direct-sow carrots, beetroot, silverbeet, kale.

Water deeply morning. Mulch heavily."
Ararat,VIC,cool,9a,inland,March,"Autumn transitions fast. Cool nights arrive, autumn crops thrive.

Plant brassicas, lettuce, leeks, onions. Direct-sow roots, peas, spinach, beans. Garlic in April.

Clear summer crops promptly. Empty beds need compost."
Ararat,VIC,cool,9a,inland,April,"Autumn transitions fast. Cool nights arrive, autumn crops thrive.

Plant brassicas, lettuce, leeks, onions. Direct-sow roots, peas, spinach, beans. Garlic in April.

Clear summer crops promptly. Empty beds need compost."
Ararat,VIC,cool,9a,inland,May,"Autumn transitions fast. Cool nights arrive, autumn crops thrive.

Plant brassicas, lettuce, leeks, onions. Direct-sow roots, peas, spinach, beans. Garlic in April.

Clear summer crops promptly. Empty beds need compost."
Ararat,VIC,cool,9a,inland,June,"Winter is cool but manageable. Occasional frosts, not constant.

Winter crops grow steadily. Spinach, kale, peas, beans, brassicas, roots produce regular harvest.

Start spring seedlings by August. Use quiet winter for planning."
Ararat,VIC,cool,9a,inland,July,"Winter is cool but manageable. Occasional frosts, not constant.

Winter crops grow steadily. Spinach, kale, peas, beans, brassicas, roots produce regular harvest.

Start spring seedlings by August. Use quiet winter for planning."
Ararat,VIC,cool,9a,inland,August,"Winter is cool but manageable. Occasional frosts, not constant.

Winter crops grow steadily. Spinach, kale, peas, beans, brassicas, roots produce regular harvest.

Start spring seedlings by August. Use quiet winter for planning."
Ararat,VIC,cool,9a,inland,September,"Spring arrives progressively. Early spring carries frost risk but warmth increases.

Plant tender crops by late October after frost passes. Sow: carrots, lettuce, roots. Succession sow.

Growth accelerates week by week."
Ararat,VIC,cool,9a,inland,October,"Spring arrives progressively. Early spring carries frost risk but warmth increases.

Plant tender crops by late October after frost passes. Sow: carrots, lettuce, roots. Succession sow.

Growth accelerates week by week."
Ararat,VIC,cool,9a,inland,November,"Spring arrives progressively. Early spring carries frost risk but warmth increases.

Plant tender crops by late October after frost passes. Sow: carrots, lettuce, roots. Succession sow.

Growth accelerates week by week."
Ararat,VIC,cool,9a,inland,December,"Summer is milder. Growth steady but cool nights limit heat-lovers. Keep picking.

Start brassica and lettuce seedlings indoors. Direct-sow carrots, beetroot, silverbeet, kale.

Water deeply morning. Mulch heavily."
Bairnsdale,VIC,cool,9b,inland,January,"Summer is milder. Growth steady but cool nights limit heat-lovers. Keep picking.

Start brassica and lettuce seedlings indoors. Direct-sow carrots, beetroot, silverbeet, kale.

Water deeply morning. Mulch heavily."
Bairnsdale,VIC,cool,9b,inland,February,"Summer is milder. Growth steady but cool nights limit heat-lovers. Keep picking.

Start brassica and lettuce seedlings indoors. Direct-sow carrots, beetroot, silverbeet, kale.

Water deeply morning. Mulch heavily."
Bairnsdale,VIC,cool,9b,inland,March,"Autumn transitions fast. Cool nights arrive, autumn crops thrive.

Plant brassicas, lettuce, leeks, onions. Direct-sow roots, peas, spinach, beans. Garlic in April.

Clear summer crops promptly. Empty beds need compost."
Bairnsdale,VIC,cool,9b,inland,April,"Autumn transitions fast. Cool nights arrive, autumn crops thrive.

Plant brassicas, lettuce, leeks, onions. Direct-sow roots, peas, spinach, beans. Garlic in April.

Clear summer crops promptly. Empty beds need compost."
Bairnsdale,VIC,cool,9b,inland,May,"Autumn transitions fast. Cool nights arrive, autumn crops thrive.

Plant brassicas, lettuce, leeks, onions. Direct-sow roots, peas, spinach, beans. Garlic in April.

Clear summer crops promptly. Empty beds need compost."
Bairnsdale,VIC,cool,9b,inland,June,"Winter is cool but manageable. Occasional frosts, not constant.

Winter crops grow steadily. Spinach, kale, peas, beans, brassicas, roots produce regular harvest.

Start spring seedlings by August. Use quiet winter for planning."
Bairnsdale,VIC,cool,9b,inland,July,"Winter is cool but manageable. Occasional frosts, not constant.

Winter crops grow steadily. Spinach, kale, peas, beans, brassicas, roots produce regular harvest.

Start spring seedlings by August. Use quiet winter for planning."
Bairnsdale,VIC,cool,9b,inland,August,"Winter is cool but manageable. Occasional frosts, not constant.

Winter crops grow steadily. Spinach, kale, peas, beans, brassicas, roots produce regular harvest.

Start spring seedlings by August. Use quiet winter for planning."
Bairnsdale,VIC,cool,9b,inland,September,"Spring arrives progressively. Early spring carries frost risk but warmth increases.

Plant tender crops by late October after frost passes. Sow: carrots, lettuce, roots. Succession sow.

Growth accelerates week by week."
Bairnsdale,VIC,cool,9b,inland,October,"Spring arrives progressively. Early spring carries frost risk but warmth increases.

Plant tender crops by late October after frost passes. Sow: carrots, lettuce, roots. Succession sow.

Growth accelerates week by week."
Bairnsdale,VIC,cool,9b,inland,November,"Spring arrives progressively. Early spring carries frost risk but warmth increases.

Plant tender crops by late October after frost passes. Sow: carrots, lettuce, roots. Succession sow.

Growth accelerates week by week."
Bairnsdale,VIC,cool,9b,inland,December,"Summer is milder. Growth steady but cool nights limit heat-lovers. Keep picking.

Start brassica and lettuce seedlings indoors. Direct-sow carrots, beetroot, silverbeet, kale.

Water deeply morning. Mulch heavily."
Ballarat,VIC,cool,9a,alpine_highland|inland,January,"Summer is milder. Growth steady but cool nights limit heat-lovers. Keep picking.

Start brassica and lettuce seedlings indoors. Direct-sow carrots, beetroot, silverbeet, kale.

Water deeply morning. Mulch heavily."
Ballarat,VIC,cool,9a,alpine_highland|inland,February,"Summer is milder. Growth steady but cool nights limit heat-lovers. Keep picking.

Start brassica and lettuce seedlings indoors. Direct-sow carrots, beetroot, silverbeet, kale.

Water deeply morning. Mulch heavily."
Ballarat,VIC,cool,9a,alpine_highland|inland,March,"Autumn transitions fast. Cool nights arrive, autumn crops thrive.

Plant brassicas, lettuce, leeks, onions. Direct-sow roots, peas, spinach, beans. Garlic in April.

Clear summer crops promptly. Empty beds need compost."
Ballarat,VIC,cool,9a,alpine_highland|inland,April,"Autumn transitions fast. Cool nights arrive, autumn crops thrive.

Plant brassicas, lettuce, leeks, onions. Direct-sow roots, peas, spinach, beans. Garlic in April.

Clear summer crops promptly. Empty beds need compost."
Ballarat,VIC,cool,9a,alpine_highland|inland,May,"Autumn transitions fast. Cool nights arrive, autumn crops thrive.

Plant brassicas, lettuce, leeks, onions. Direct-sow roots, peas, spinach, beans. Garlic in April.

Clear summer crops promptly. Empty beds need compost."
Ballarat,VIC,cool,9a,alpine_highland|inland,June,"Winter is cool but manageable. Occasional frosts, not constant.

Winter crops grow steadily. Spinach, kale, peas, beans, brassicas, roots produce regular harvest.

Start spring seedlings by August. Use quiet winter for planning."
Ballarat,VIC,cool,9a,alpine_highland|inland,July,"Winter is cool but manageable. Occasional frosts, not constant.

Winter crops grow steadily. Spinach, kale, peas, beans, brassicas, roots produce regular harvest.

Start spring seedlings by August. Use quiet winter for planning."
Ballarat,VIC,cool,9a,alpine_highland|inland,August,"Winter is cool but manageable. Occasional frosts, not constant.

Winter crops grow steadily. Spinach, kale, peas, beans, brassicas, roots produce regular harvest.

Start spring seedlings by August. Use quiet winter for planning."
Ballarat,VIC,cool,9a,alpine_highland|inland,September,"Spring arrives progressively. Early spring carries frost risk but warmth increases.

Plant tender crops by late October after frost passes. Sow: carrots, lettuce, roots. Succession sow.

Growth accelerates week by week."
Ballarat,VIC,cool,9a,alpine_highland|inland,October,"Spring arrives progressively. Early spring carries frost risk but warmth increases.

Plant tender crops by late October after frost passes. Sow: carrots, lettuce, roots. Succession sow.

Growth accelerates week by week."
Ballarat,VIC,cool,9a,alpine_highland|inland,November,"Spring arrives progressively. Early spring carries frost risk but warmth increases.

Plant tender crops by late October after frost passes. Sow: carrots, lettuce, roots. Succession sow.

Growth accelerates week by week."
Ballarat,VIC,cool,9a,alpine_highland|inland,December,"Summer is milder. Growth steady but cool nights limit heat-lovers. Keep picking.

Start brassica and lettuce seedlings indoors. Direct-sow carrots, beetroot, silverbeet, kale.

Water deeply morning. Mulch heavily."
Beechworth,VIC,cool,9a,alpine_highland|inland,January,"Summer is milder. Growth steady but cool nights limit heat-lovers. Keep picking.

Start brassica and lettuce seedlings indoors. Direct-sow carrots, beetroot, silverbeet, kale.

Water deeply morning. Mulch heavily."
Beechworth,VIC,cool,9a,alpine_highland|inland,February,"Summer is milder. Growth steady but cool nights limit heat-lovers. Keep picking.

Start brassica and lettuce seedlings indoors. Direct-sow carrots, beetroot, silverbeet, kale.

Water deeply morning. Mulch heavily."
Beechworth,VIC,cool,9a,alpine_highland|inland,March,"Autumn transitions fast. Cool nights arrive, autumn crops thrive.

Plant brassicas, lettuce, leeks, onions. Direct-sow roots, peas, spinach, beans. Garlic in April.

Clear summer crops promptly. Empty beds need compost."
Beechworth,VIC,cool,9a,alpine_highland|inland,April,"Autumn transitions fast. Cool nights arrive, autumn crops thrive.

Plant brassicas, lettuce, leeks, onions. Direct-sow roots, peas, spinach, beans. Garlic in April.

Clear summer crops promptly. Empty beds need compost."
Beechworth,VIC,cool,9a,alpine_highland|inland,May,"Autumn transitions fast. Cool nights arrive, autumn crops thrive.

Plant brassicas, lettuce, leeks, onions. Direct-sow roots, peas, spinach, beans. Garlic in April.

Clear summer crops promptly. Empty beds need compost."
Beechworth,VIC,cool,9a,alpine_highland|inland,June,"Winter is cool but manageable. Occasional frosts, not constant.

Winter crops grow steadily. Spinach, kale, peas, beans, brassicas, roots produce regular harvest.

Start spring seedlings by August. Use quiet winter for planning."
Beechworth,VIC,cool,9a,alpine_highland|inland,July,"Winter is cool but manageable. Occasional frosts, not constant.

Winter crops grow steadily. Spinach, kale, peas, beans, brassicas, roots produce regular harvest.

Start spring seedlings by August. Use quiet winter for planning."
Beechworth,VIC,cool,9a,alpine_highland|inland,August,"Winter is cool but manageable. Occasional frosts, not constant.

Winter crops grow steadily. Spinach, kale, peas, beans, brassicas, roots produce regular harvest.

Start spring seedlings by August. Use quiet winter for planning."
Beechworth,VIC,cool,9a,alpine_highland|inland,September,"Spring arrives progressively. Early spring carries frost risk but warmth increases.

Plant tender crops by late October after frost passes. Sow: carrots, lettuce, roots. Succession sow.

Growth accelerates week by week."
Beechworth,VIC,cool,9a,alpine_highland|inland,October,"Spring arrives progressively. Early spring carries frost risk but warmth increases.

Plant tender crops by late October after frost passes. Sow: carrots, lettuce, roots. Succession sow.

Growth accelerates week by week."
Beechworth,VIC,cool,9a,alpine_highland|inland,November,"Spring arrives progressively. Early spring carries frost risk but warmth increases.

Plant tender crops by late October after frost passes. Sow: carrots, lettuce, roots. Succession sow.

Growth accelerates week by week."
Beechworth,VIC,cool,9a,alpine_highland|inland,December,"Summer is milder. Growth steady but cool nights limit heat-lovers. Keep picking.

Start brassica and lettuce seedlings indoors. Direct-sow carrots, beetroot, silverbeet, kale.

Water deeply morning. Mulch heavily."
Benalla,VIC,cool,9b,inland,January,"Summer is milder. Growth steady but cool nights limit heat-lovers. Keep picking.

Start brassica and lettuce seedlings indoors. Direct-sow carrots, beetroot, silverbeet, kale.

Water deeply morning. Mulch heavily."
Benalla,VIC,cool,9b,inland,February,"Summer is milder. Growth steady but cool nights limit heat-lovers. Keep picking.

Start brassica and lettuce seedlings indoors. Direct-sow carrots, beetroot, silverbeet, kale.

Water deeply morning. Mulch heavily."
Benalla,VIC,cool,9b,inland,March,"Autumn transitions fast. Cool nights arrive, autumn crops thrive.

Plant brassicas, lettuce, leeks, onions. Direct-sow roots, peas, spinach, beans. Garlic in April.

Clear summer crops promptly. Empty beds need compost."
Benalla,VIC,cool,9b,inland,April,"Autumn transitions fast. Cool nights arrive, autumn crops thrive.

Plant brassicas, lettuce, leeks, onions. Direct-sow roots, peas, spinach, beans. Garlic in April.

Clear summer crops promptly. Empty beds need compost."
Benalla,VIC,cool,9b,inland,May,"Autumn transitions fast. Cool nights arrive, autumn crops thrive.

Plant brassicas, lettuce, leeks, onions. Direct-sow roots, peas, spinach, beans. Garlic in April.

Clear summer crops promptly. Empty beds need compost."
Benalla,VIC,cool,9b,inland,June,"Winter is cool but manageable. Occasional frosts, not constant.

Winter crops grow steadily. Spinach, kale, peas, beans, brassicas, roots produce regular harvest.

Start spring seedlings by August. Use quiet winter for planning."
Benalla,VIC,cool,9b,inland,July,"Winter is cool but manageable. Occasional frosts, not constant.

Winter crops grow steadily. Spinach, kale, peas, beans, brassicas, roots produce regular harvest.

Start spring seedlings by August. Use quiet winter for planning."
Benalla,VIC,cool,9b,inland,August,"Winter is cool but manageable. Occasional frosts, not constant.

Winter crops grow steadily. Spinach, kale, peas, beans, brassicas, roots produce regular harvest.

Start spring seedlings by August. Use quiet winter for planning."
Benalla,VIC,cool,9b,inland,September,"Spring arrives progressively. Early spring carries frost risk but warmth increases.

Plant tender crops by late October after frost passes. Sow: carrots, lettuce, roots. Succession sow.

Growth accelerates week by week."
Benalla,VIC,cool,9b,inland,October,"Spring arrives progressively. Early spring carries frost risk but warmth increases.

Plant tender crops by late October after frost passes. Sow: carrots, lettuce, roots. Succession sow.

Growth accelerates week by week."
Benalla,VIC,cool,9b,inland,November,"Spring arrives progressively. Early spring carries frost risk but warmth increases.

Plant tender crops by late October after frost passes. Sow: carrots, lettuce, roots. Succession sow.

Growth accelerates week by week."
Benalla,VIC,cool,9b,inland,December,"Summer is milder. Growth steady but cool nights limit heat-lovers. Keep picking.

Start brassica and lettuce seedlings indoors. Direct-sow carrots, beetroot, silverbeet, kale.

Water deeply morning. Mulch heavily."
Bendigo,VIC,cool,9a,inland,January,"Summer is milder. Growth steady but cool nights limit heat-lovers. Keep picking.

Start brassica and lettuce seedlings indoors. Direct-sow carrots, beetroot, silverbeet, kale.

Water deeply morning. Mulch heavily."
Bendigo,VIC,cool,9a,inland,February,"Summer is milder. Growth steady but cool nights limit heat-lovers. Keep picking.

Start brassica and lettuce seedlings indoors. Direct-sow carrots, beetroot, silverbeet, kale.

Water deeply morning. Mulch heavily."
Bendigo,VIC,cool,9a,inland,March,"Autumn transitions fast. Cool nights arrive, autumn crops thrive.

Plant brassicas, lettuce, leeks, onions. Direct-sow roots, peas, spinach, beans. Garlic in April.

Clear summer crops promptly. Empty beds need compost."
Bendigo,VIC,cool,9a,inland,April,"Autumn transitions fast. Cool nights arrive, autumn crops thrive.

Plant brassicas, lettuce, leeks, onions. Direct-sow roots, peas, spinach, beans. Garlic in April.

Clear summer crops promptly. Empty beds need compost."
Bendigo,VIC,cool,9a,inland,May,"Autumn transitions fast. Cool nights arrive, autumn crops thrive.

Plant brassicas, lettuce, leeks, onions. Direct-sow roots, peas, spinach, beans. Garlic in April.

Clear summer crops promptly. Empty beds need compost."
Bendigo,VIC,cool,9a,inland,June,"Winter is cool but manageable. Occasional frosts, not constant.

Winter crops grow steadily. Spinach, kale, peas, beans, brassicas, roots produce regular harvest.

Start spring seedlings by August. Use quiet winter for planning."
Bendigo,VIC,cool,9a,inland,July,"Winter is cool but manageable. Occasional frosts, not constant.

Winter crops grow steadily. Spinach, kale, peas, beans, brassicas, roots produce regular harvest.

Start spring seedlings by August. Use quiet winter for planning."
Bendigo,VIC,cool,9a,inland,August,"Winter is cool but manageable. Occasional frosts, not constant.

Winter crops grow steadily. Spinach, kale, peas, beans, brassicas, roots produce regular harvest.

Start spring seedlings by August. Use quiet winter for planning."
Bendigo,VIC,cool,9a,inland,September,"Spring arrives progressively. Early spring carries frost risk but warmth increases.

Plant tender crops by late October after frost passes. Sow: carrots, lettuce, roots. Succession sow.

Growth accelerates week by week."
Bendigo,VIC,cool,9a,inland,October,"Spring arrives progressively. Early spring carries frost risk but warmth increases.

Plant tender crops by late October after frost passes. Sow: carrots, lettuce, roots. Succession sow.

Growth accelerates week by week."
Bendigo,VIC,cool,9a,inland,November,"Spring arrives progressively. Early spring carries frost risk but warmth increases.

Plant tender crops by late October after frost passes. Sow: carrots, lettuce, roots. Succession sow.

Growth accelerates week by week."
Bendigo,VIC,cool,9a,inland,December,"Summer is milder. Growth steady but cool nights limit heat-lovers. Keep picking.

Start brassica and lettuce seedlings indoors. Direct-sow carrots, beetroot, silverbeet, kale.

Water deeply morning. Mulch heavily."
Box Hill,VIC,cool,9b,coastal,January,"Summer is milder. Growth steady but cool nights limit heat-lovers. Keep picking.

Start brassica and lettuce seedlings indoors. Direct-sow carrots, beetroot, silverbeet, kale.

Water deeply morning. Mulch heavily."
Box Hill,VIC,cool,9b,coastal,February,"Summer is milder. Growth steady but cool nights limit heat-lovers. Keep picking.

Start brassica and lettuce seedlings indoors. Direct-sow carrots, beetroot, silverbeet, kale.

Water deeply morning. Mulch heavily."
Box Hill,VIC,cool,9b,coastal,March,"Autumn transitions fast. Cool nights arrive, autumn crops thrive.

Plant brassicas, lettuce, leeks, onions. Direct-sow roots, peas, spinach, beans. Garlic in April.

Clear summer crops promptly. Empty beds need compost."
Box Hill,VIC,cool,9b,coastal,April,"Autumn transitions fast. Cool nights arrive, autumn crops thrive.

Plant brassicas, lettuce, leeks, onions. Direct-sow roots, peas, spinach, beans. Garlic in April.

Clear summer crops promptly. Empty beds need compost."
Box Hill,VIC,cool,9b,coastal,May,"Autumn transitions fast. Cool nights arrive, autumn crops thrive.

Plant brassicas, lettuce, leeks, onions. Direct-sow roots, peas, spinach, beans. Garlic in April.

Clear summer crops promptly. Empty beds need compost."
Box Hill,VIC,cool,9b,coastal,June,"Winter is cool but manageable. Occasional frosts, not constant.

Winter crops grow steadily. Spinach, kale, peas, beans, brassicas, roots produce regular harvest.

Start spring seedlings by August. Use quiet winter for planning."
Box Hill,VIC,cool,9b,coastal,July,"Winter is cool but manageable. Occasional frosts, not constant.

Winter crops grow steadily. Spinach, kale, peas, beans, brassicas, roots produce regular harvest.

Start spring seedlings by August. Use quiet winter for planning."
Box Hill,VIC,cool,9b,coastal,August,"Winter is cool but manageable. Occasional frosts, not constant.

Winter crops grow steadily. Spinach, kale, peas, beans, brassicas, roots produce regular harvest.

Start spring seedlings by August. Use quiet winter for planning."
Box Hill,VIC,cool,9b,coastal,September,"Spring arrives progressively. Early spring carries frost risk but warmth increases.

Plant tender crops by late October after frost passes. Sow: carrots, lettuce, roots. Succession sow.

Growth accelerates week by week."
Box Hill,VIC,cool,9b,coastal,October,"Spring arrives progressively. Early spring carries frost risk but warmth increases.

Plant tender crops by late October after frost passes. Sow: carrots, lettuce, roots. Succession sow.

Growth accelerates week by week."
Box Hill,VIC,cool,9b,coastal,November,"Spring arrives progressively. Early spring carries frost risk but warmth increases.

Plant tender crops by late October after frost passes. Sow: carrots, lettuce, roots. Succession sow.

Growth accelerates week by week."
Box Hill,VIC,cool,9b,coastal,December,"Summer is milder. Growth steady but cool nights limit heat-lovers. Keep picking.

Start brassica and lettuce seedlings indoors. Direct-sow carrots, beetroot, silverbeet, kale.

Water deeply morning. Mulch heavily."
Bright,VIC,cool,9a,alpine_highland|inland,January,"Summer is milder. Growth steady but cool nights limit heat-lovers. Keep picking.

Start brassica and lettuce seedlings indoors. Direct-sow carrots, beetroot, silverbeet, kale.

Water deeply morning. Mulch heavily."
Bright,VIC,cool,9a,alpine_highland|inland,February,"Summer is milder. Growth steady but cool nights limit heat-lovers. Keep picking.

Start brassica and lettuce seedlings indoors. Direct-sow carrots, beetroot, silverbeet, kale.

Water deeply morning. Mulch heavily."
Bright,VIC,cool,9a,alpine_highland|inland,March,"Autumn transitions fast. Cool nights arrive, autumn crops thrive.

Plant brassicas, lettuce, leeks, onions. Direct-sow roots, peas, spinach, beans. Garlic in April.

Clear summer crops promptly. Empty beds need compost."
Bright,VIC,cool,9a,alpine_highland|inland,April,"Autumn transitions fast. Cool nights arrive, autumn crops thrive.

Plant brassicas, lettuce, leeks, onions. Direct-sow roots, peas, spinach, beans. Garlic in April.

Clear summer crops promptly. Empty beds need compost."
Bright,VIC,cool,9a,alpine_highland|inland,May,"Autumn transitions fast. Cool nights arrive, autumn crops thrive.

Plant brassicas, lettuce, leeks, onions. Direct-sow roots, peas, spinach, beans. Garlic in April.

Clear summer crops promptly. Empty beds need compost."
Bright,VIC,cool,9a,alpine_highland|inland,June,"Winter is cool but manageable. Occasional frosts, not constant.

Winter crops grow steadily. Spinach, kale, peas, beans, brassicas, roots produce regular harvest.

Start spring seedlings by August. Use quiet winter for planning."
Bright,VIC,cool,9a,alpine_highland|inland,July,"Winter is cool but manageable. Occasional frosts, not constant.

Winter crops grow steadily. Spinach, kale, peas, beans, brassicas, roots produce regular harvest.

Start spring seedlings by August. Use quiet winter for planning."
Bright,VIC,cool,9a,alpine_highland|inland,August,"Winter is cool but manageable. Occasional frosts, not constant.

Winter crops grow steadily. Spinach, kale, peas, beans, brassicas, roots produce regular harvest.

Start spring seedlings by August. Use quiet winter for planning."
Bright,VIC,cool,9a,alpine_highland|inland,September,"Spring arrives progressively. Early spring carries frost risk but warmth increases.

Plant tender crops by late October after frost passes. Sow: carrots, lettuce, roots. Succession sow.

Growth accelerates week by week."
Bright,VIC,cool,9a,alpine_highland|inland,October,"Spring arrives progressively. Early spring carries frost risk but warmth increases.

Plant tender crops by late October after frost passes. Sow: carrots, lettuce, roots. Succession sow.

Growth accelerates week by week."
Bright,VIC,cool,9a,alpine_highland|inland,November,"Spring arrives progressively. Early spring carries frost risk but warmth increases.

Plant tender crops by late October after frost passes. Sow: carrots, lettuce, roots. Succession sow.

Growth accelerates week by week."
Bright,VIC,cool,9a,alpine_highland|inland,December,"Summer is milder. Growth steady but cool nights limit heat-lovers. Keep picking.

Start brassica and lettuce seedlings indoors. Direct-sow carrots, beetroot, silverbeet, kale.

Water deeply morning. Mulch heavily."
Brighton,VIC,cool,9b,coastal,January,"Summer is milder. Growth steady but cool nights limit heat-lovers. Keep picking.

Start brassica and lettuce seedlings indoors. Direct-sow carrots, beetroot, silverbeet, kale.

Water deeply morning. Mulch heavily."
Brighton,VIC,cool,9b,coastal,February,"Summer is milder. Growth steady but cool nights limit heat-lovers. Keep picking.

Start brassica and lettuce seedlings indoors. Direct-sow carrots, beetroot, silverbeet, kale.

Water deeply morning. Mulch heavily."
Brighton,VIC,cool,9b,coastal,March,"Autumn transitions fast. Cool nights arrive, autumn crops thrive.

Plant brassicas, lettuce, leeks, onions. Direct-sow roots, peas, spinach, beans. Garlic in April.

Clear summer crops promptly. Empty beds need compost."
Brighton,VIC,cool,9b,coastal,April,"Autumn transitions fast. Cool nights arrive, autumn crops thrive.

Plant brassicas, lettuce, leeks, onions. Direct-sow roots, peas, spinach, beans. Garlic in April.

Clear summer crops promptly. Empty beds need compost."
Brighton,VIC,cool,9b,coastal,May,"Autumn transitions fast. Cool nights arrive, autumn crops thrive.

Plant brassicas, lettuce, leeks, onions. Direct-sow roots, peas, spinach, beans. Garlic in April.

Clear summer crops promptly. Empty beds need compost."
Brighton,VIC,cool,9b,coastal,June,"Winter is cool but manageable. Occasional frosts, not constant.

Winter crops grow steadily. Spinach, kale, peas, beans, brassicas, roots produce regular harvest.

Start spring seedlings by August. Use quiet winter for planning."
Brighton,VIC,cool,9b,coastal,July,"Winter is cool but manageable. Occasional frosts, not constant.

Winter crops grow steadily. Spinach, kale, peas, beans, brassicas, roots produce regular harvest.

Start spring seedlings by August. Use quiet winter for planning."
Brighton,VIC,cool,9b,coastal,August,"Winter is cool but manageable. Occasional frosts, not constant.

Winter crops grow steadily. Spinach, kale, peas, beans, brassicas, roots produce regular harvest.

Start spring seedlings by August. Use quiet winter for planning."
Brighton,VIC,cool,9b,coastal,September,"Spring arrives progressively. Early spring carries frost risk but warmth increases.

Plant tender crops by late October after frost passes. Sow: carrots, lettuce, roots. Succession sow.

Growth accelerates week by week."
Brighton,VIC,cool,9b,coastal,October,"Spring arrives progressively. Early spring carries frost risk but warmth increases.

Plant tender crops by late October after frost passes. Sow: carrots, lettuce, roots. Succession sow.

Growth accelerates week by week."
Brighton,VIC,cool,9b,coastal,November,"Spring arrives progressively. Early spring carries frost risk but warmth increases.

Plant tender crops by late October after frost passes. Sow: carrots, lettuce, roots. Succession sow.

Growth accelerates week by week."
Brighton,VIC,cool,9b,coastal,December,"Summer is milder. Growth steady but cool nights limit heat-lovers. Keep picking.

Start brassica and lettuce seedlings indoors. Direct-sow carrots, beetroot, silverbeet, kale.

Water deeply morning. Mulch heavily."
Brunswick,VIC,cool,9b,coastal,January,"Summer is milder. Growth steady but cool nights limit heat-lovers. Keep picking.

Start brassica and lettuce seedlings indoors. Direct-sow carrots, beetroot, silverbeet, kale.

Water deeply morning. Mulch heavily."
Brunswick,VIC,cool,9b,coastal,February,"Summer is milder. Growth steady but cool nights limit heat-lovers. Keep picking.

Start brassica and lettuce seedlings indoors. Direct-sow carrots, beetroot, silverbeet, kale.

Water deeply morning. Mulch heavily."
Brunswick,VIC,cool,9b,coastal,March,"Autumn transitions fast. Cool nights arrive, autumn crops thrive.

Plant brassicas, lettuce, leeks, onions. Direct-sow roots, peas, spinach, beans. Garlic in April.

Clear summer crops promptly. Empty beds need compost."
Brunswick,VIC,cool,9b,coastal,April,"Autumn transitions fast. Cool nights arrive, autumn crops thrive.

Plant brassicas, lettuce, leeks, onions. Direct-sow roots, peas, spinach, beans. Garlic in April.

Clear summer crops promptly. Empty beds need compost."
Brunswick,VIC,cool,9b,coastal,May,"Autumn transitions fast. Cool nights arrive, autumn crops thrive.

Plant brassicas, lettuce, leeks, onions. Direct-sow roots, peas, spinach, beans. Garlic in April.

Clear summer crops promptly. Empty beds need compost."
Brunswick,VIC,cool,9b,coastal,June,"Winter is cool but manageable. Occasional frosts, not constant.

Winter crops grow steadily. Spinach, kale, peas, beans, brassicas, roots produce regular harvest.

Start spring seedlings by August. Use quiet winter for planning."
Brunswick,VIC,cool,9b,coastal,July,"Winter is cool but manageable. Occasional frosts, not constant.

Winter crops grow steadily. Spinach, kale, peas, beans, brassicas, roots produce regular harvest.

Start spring seedlings by August. Use quiet winter for planning."
Brunswick,VIC,cool,9b,coastal,August,"Winter is cool but manageable. Occasional frosts, not constant.

Winter crops grow steadily. Spinach, kale, peas, beans, brassicas, roots produce regular harvest.

Start spring seedlings by August. Use quiet winter for planning."
Brunswick,VIC,cool,9b,coastal,September,"Spring arrives progressively. Early spring carries frost risk but warmth increases.

Plant tender crops by late October after frost passes. Sow: carrots, lettuce, roots. Succession sow.

Growth accelerates week by week."
Brunswick,VIC,cool,9b,coastal,October,"Spring arrives progressively. Early spring carries frost risk but warmth increases.

Plant tender crops by late October after frost passes. Sow: carrots, lettuce, roots. Succession sow.

Growth accelerates week by week."
Brunswick,VIC,cool,9b,coastal,November,"Spring arrives progressively. Early spring carries frost risk but warmth increases.

Plant tender crops by late October after frost passes. Sow: carrots, lettuce, roots. Succession sow.

Growth accelerates week by week."
Brunswick,VIC,cool,9b,coastal,December,"Summer is milder. Growth steady but cool nights limit heat-lovers. Keep picking.

Start brassica and lettuce seedlings indoors. Direct-sow carrots, beetroot, silverbeet, kale.

Water deeply morning. Mulch heavily."
Bundoora,VIC,cool,9b,inland,January,"Summer is milder. Growth steady but cool nights limit heat-lovers. Keep picking.

Start brassica and lettuce seedlings indoors. Direct-sow carrots, beetroot, silverbeet, kale.

Water deeply morning. Mulch heavily."
Bundoora,VIC,cool,9b,inland,February,"Summer is milder. Growth steady but cool nights limit heat-lovers. Keep picking.

Start brassica and lettuce seedlings indoors. Direct-sow carrots, beetroot, silverbeet, kale.

Water deeply morning. Mulch heavily."
Bundoora,VIC,cool,9b,inland,March,"Autumn transitions fast. Cool nights arrive, autumn crops thrive.

Plant brassicas, lettuce, leeks, onions. Direct-sow roots, peas, spinach, beans. Garlic in April.

Clear summer crops promptly. Empty beds need compost."
Bundoora,VIC,cool,9b,inland,April,"Autumn transitions fast. Cool nights arrive, autumn crops thrive.

Plant brassicas, lettuce, leeks, onions. Direct-sow roots, peas, spinach, beans. Garlic in April.

Clear summer crops promptly. Empty beds need compost."
Bundoora,VIC,cool,9b,inland,May,"Autumn transitions fast. Cool nights arrive, autumn crops thrive.

Plant brassicas, lettuce, leeks, onions. Direct-sow roots, peas, spinach, beans. Garlic in April.

Clear summer crops promptly. Empty beds need compost."
Bundoora,VIC,cool,9b,inland,June,"Winter is cool but manageable. Occasional frosts, not constant.

Winter crops grow steadily. Spinach, kale, peas, beans, brassicas, roots produce regular harvest.

Start spring seedlings by August. Use quiet winter for planning."
Bundoora,VIC,cool,9b,inland,July,"Winter is cool but manageable. Occasional frosts, not constant.

Winter crops grow steadily. Spinach, kale, peas, beans, brassicas, roots produce regular harvest.

Start spring seedlings by August. Use quiet winter for planning."
Bundoora,VIC,cool,9b,inland,August,"Winter is cool but manageable. Occasional frosts, not constant.

Winter crops grow steadily. Spinach, kale, peas, beans, brassicas, roots produce regular harvest.

Start spring seedlings by August. Use quiet winter for planning."
Bundoora,VIC,cool,9b,inland,September,"Spring arrives progressively. Early spring carries frost risk but warmth increases.

Plant tender crops by late October after frost passes. Sow: carrots, lettuce, roots. Succession sow.

Growth accelerates week by week."
Bundoora,VIC,cool,9b,inland,October,"Spring arrives progressively. Early spring carries frost risk but warmth increases.

Plant tender crops by late October after frost passes. Sow: carrots, lettuce, roots. Succession sow.

Growth accelerates week by week."
Bundoora,VIC,cool,9b,inland,November,"Spring arrives progressively. Early spring carries frost risk but warmth increases.

Plant tender crops by late October after frost passes. Sow: carrots, lettuce, roots. Succession sow.

Growth accelerates week by week."
Bundoora,VIC,cool,9b,inland,December,"Summer is milder. Growth steady but cool nights limit heat-lovers. Keep picking.

Start brassica and lettuce seedlings indoors. Direct-sow carrots, beetroot, silverbeet, kale.

Water deeply morning. Mulch heavily."
Camberwell,VIC,cool,9b,coastal,January,"Summer is milder. Growth steady but cool nights limit heat-lovers. Keep picking.

Start brassica and lettuce seedlings indoors. Direct-sow carrots, beetroot, silverbeet, kale.

Water deeply morning. Mulch heavily."
Camberwell,VIC,cool,9b,coastal,February,"Summer is milder. Growth steady but cool nights limit heat-lovers. Keep picking.

Start brassica and lettuce seedlings indoors. Direct-sow carrots, beetroot, silverbeet, kale.

Water deeply morning. Mulch heavily."
Camberwell,VIC,cool,9b,coastal,March,"Autumn transitions fast. Cool nights arrive, autumn crops thrive.

Plant brassicas, lettuce, leeks, onions. Direct-sow roots, peas, spinach, beans. Garlic in April.

Clear summer crops promptly. Empty beds need compost."
Camberwell,VIC,cool,9b,coastal,April,"Autumn transitions fast. Cool nights arrive, autumn crops thrive.

Plant brassicas, lettuce, leeks, onions. Direct-sow roots, peas, spinach, beans. Garlic in April.

Clear summer crops promptly. Empty beds need compost."
Camberwell,VIC,cool,9b,coastal,May,"Autumn transitions fast. Cool nights arrive, autumn crops thrive.

Plant brassicas, lettuce, leeks, onions. Direct-sow roots, peas, spinach, beans. Garlic in April.

Clear summer crops promptly. Empty beds need compost."
Camberwell,VIC,cool,9b,coastal,June,"Winter is cool but manageable. Occasional frosts, not constant.

Winter crops grow steadily. Spinach, kale, peas, beans, brassicas, roots produce regular harvest.

Start spring seedlings by August. Use quiet winter for planning."
Camberwell,VIC,cool,9b,coastal,July,"Winter is cool but manageable. Occasional frosts, not constant.

Winter crops grow steadily. Spinach, kale, peas, beans, brassicas, roots produce regular harvest.

Start spring seedlings by August. Use quiet winter for planning."
Camberwell,VIC,cool,9b,coastal,August,"Winter is cool but manageable. Occasional frosts, not constant.

Winter crops grow steadily. Spinach, kale, peas, beans, brassicas, roots produce regular harvest.

Start spring seedlings by August. Use quiet winter for planning."
Camberwell,VIC,cool,9b,coastal,September,"Spring arrives progressively. Early spring carries frost risk but warmth increases.

Plant tender crops by late October after frost passes. Sow: carrots, lettuce, roots. Succession sow.

Growth accelerates week by week."
Camberwell,VIC,cool,9b,coastal,October,"Spring arrives progressively. Early spring carries frost risk but warmth increases.

Plant tender crops by late October after frost passes. Sow: carrots, lettuce, roots. Succession sow.

Growth accelerates week by week."
Camberwell,VIC,cool,9b,coastal,November,"Spring arrives progressively. Early spring carries frost risk but warmth increases.

Plant tender crops by late October after frost passes. Sow: carrots, lettuce, roots. Succession sow.

Growth accelerates week by week."
Camberwell,VIC,cool,9b,coastal,December,"Summer is milder. Growth steady but cool nights limit heat-lovers. Keep picking.

Start brassica and lettuce seedlings indoors. Direct-sow carrots, beetroot, silverbeet, kale.

Water deeply morning. Mulch heavily."
Canterbury,VIC,cool,9b,coastal,January,"Summer is milder. Growth steady but cool nights limit heat-lovers. Keep picking.

Start brassica and lettuce seedlings indoors. Direct-sow carrots, beetroot, silverbeet, kale.

Water deeply morning. Mulch heavily."
Canterbury,VIC,cool,9b,coastal,February,"Summer is milder. Growth steady but cool nights limit heat-lovers. Keep picking.

Start brassica and lettuce seedlings indoors. Direct-sow carrots, beetroot, silverbeet, kale.

Water deeply morning. Mulch heavily."
Canterbury,VIC,cool,9b,coastal,March,"Autumn transitions fast. Cool nights arrive, autumn crops thrive.

Plant brassicas, lettuce, leeks, onions. Direct-sow roots, peas, spinach, beans. Garlic in April.

Clear summer crops promptly. Empty beds need compost."
Canterbury,VIC,cool,9b,coastal,April,"Autumn transitions fast. Cool nights arrive, autumn crops thrive.

Plant brassicas, lettuce, leeks, onions. Direct-sow roots, peas, spinach, beans. Garlic in April.

Clear summer crops promptly. Empty beds need compost."
Canterbury,VIC,cool,9b,coastal,May,"Autumn transitions fast. Cool nights arrive, autumn crops thrive.

Plant brassicas, lettuce, leeks, onions. Direct-sow roots, peas, spinach, beans. Garlic in April.

Clear summer crops promptly. Empty beds need compost."
Canterbury,VIC,cool,9b,coastal,June,"Winter is cool but manageable. Occasional frosts, not constant.

Winter crops grow steadily. Spinach, kale, peas, beans, brassicas, roots produce regular harvest.

Start spring seedlings by August. Use quiet winter for planning."
Canterbury,VIC,cool,9b,coastal,July,"Winter is cool but manageable. Occasional frosts, not constant.

Winter crops grow steadily. Spinach, kale, peas, beans, brassicas, roots produce regular harvest.

Start spring seedlings by August. Use quiet winter for planning."
Canterbury,VIC,cool,9b,coastal,August,"Winter is cool but manageable. Occasional frosts, not constant.

Winter crops grow steadily. Spinach, kale, peas, beans, brassicas, roots produce regular harvest.

Start spring seedlings by August. Use quiet winter for planning."
Canterbury,VIC,cool,9b,coastal,September,"Spring arrives progressively. Early spring carries frost risk but warmth increases.

Plant tender crops by late October after frost passes. Sow: carrots, lettuce, roots. Succession sow.

Growth accelerates week by week."
Canterbury,VIC,cool,9b,coastal,October,"Spring arrives progressively. Early spring carries frost risk but warmth increases.

Plant tender crops by late October after frost passes. Sow: carrots, lettuce, roots. Succession sow.

Growth accelerates week by week."
Canterbury,VIC,cool,9b,coastal,November,"Spring arrives progressively. Early spring carries frost risk but warmth increases.

Plant tender crops by late October after frost passes. Sow: carrots, lettuce, roots. Succession sow.

Growth accelerates week by week."
Canterbury,VIC,cool,9b,coastal,December,"Summer is milder. Growth steady but cool nights limit heat-lovers. Keep picking.

Start brassica and lettuce seedlings indoors. Direct-sow carrots, beetroot, silverbeet, kale.

Water deeply morning. Mulch heavily."
Carlton,VIC,cool,9b,coastal,January,"Summer is milder. Growth steady but cool nights limit heat-lovers. Keep picking.

Start brassica and lettuce seedlings indoors. Direct-sow carrots, beetroot, silverbeet, kale.

Water deeply morning. Mulch heavily."
Carlton,VIC,cool,9b,coastal,February,"Summer is milder. Growth steady but cool nights limit heat-lovers. Keep picking.

Start brassica and lettuce seedlings indoors. Direct-sow carrots, beetroot, silverbeet, kale.

Water deeply morning. Mulch heavily."
Carlton,VIC,cool,9b,coastal,March,"Autumn transitions fast. Cool nights arrive, autumn crops thrive.

Plant brassicas, lettuce, leeks, onions. Direct-sow roots, peas, spinach, beans. Garlic in April.

Clear summer crops promptly. Empty beds need compost."
Carlton,VIC,cool,9b,coastal,April,"Autumn transitions fast. Cool nights arrive, autumn crops thrive.

Plant brassicas, lettuce, leeks, onions. Direct-sow roots, peas, spinach, beans. Garlic in April.

Clear summer crops promptly. Empty beds need compost."
Carlton,VIC,cool,9b,coastal,May,"Autumn transitions fast. Cool nights arrive, autumn crops thrive.

Plant brassicas, lettuce, leeks, onions. Direct-sow roots, peas, spinach, beans. Garlic in April.

Clear summer crops promptly. Empty beds need compost."
Carlton,VIC,cool,9b,coastal,June,"Winter is cool but manageable. Occasional frosts, not constant.

Winter crops grow steadily. Spinach, kale, peas, beans, brassicas, roots produce regular harvest.

Start spring seedlings by August. Use quiet winter for planning."
Carlton,VIC,cool,9b,coastal,July,"Winter is cool but manageable. Occasional frosts, not constant.

Winter crops grow steadily. Spinach, kale, peas, beans, brassicas, roots produce regular harvest.

Start spring seedlings by August. Use quiet winter for planning."
Carlton,VIC,cool,9b,coastal,August,"Winter is cool but manageable. Occasional frosts, not constant.

Winter crops grow steadily. Spinach, kale, peas, beans, brassicas, roots produce regular harvest.

Start spring seedlings by August. Use quiet winter for planning."
Carlton,VIC,cool,9b,coastal,September,"Spring arrives progressively. Early spring carries frost risk but warmth increases.

Plant tender crops by late October after frost passes. Sow: carrots, lettuce, roots. Succession sow.

Growth accelerates week by week."
Carlton,VIC,cool,9b,coastal,October,"Spring arrives progressively. Early spring carries frost risk but warmth increases.

Plant tender crops by late October after frost passes. Sow: carrots, lettuce, roots. Succession sow.

Growth accelerates week by week."
Carlton,VIC,cool,9b,coastal,November,"Spring arrives progressively. Early spring carries frost risk but warmth increases.

Plant tender crops by late October after frost passes. Sow: carrots, lettuce, roots. Succession sow.

Growth accelerates week by week."
Carlton,VIC,cool,9b,coastal,December,"Summer is milder. Growth steady but cool nights limit heat-lovers. Keep picking.

Start brassica and lettuce seedlings indoors. Direct-sow carrots, beetroot, silverbeet, kale.

Water deeply morning. Mulch heavily."
Castlemaine,VIC,cool,9a,alpine_highland|inland,January,"Summer is milder. Growth steady but cool nights limit heat-lovers. Keep picking.

Start brassica and lettuce seedlings indoors. Direct-sow carrots, beetroot, silverbeet, kale.

Water deeply morning. Mulch heavily."
Castlemaine,VIC,cool,9a,alpine_highland|inland,February,"Summer is milder. Growth steady but cool nights limit heat-lovers. Keep picking.

Start brassica and lettuce seedlings indoors. Direct-sow carrots, beetroot, silverbeet, kale.

Water deeply morning. Mulch heavily."
Castlemaine,VIC,cool,9a,alpine_highland|inland,March,"Autumn transitions fast. Cool nights arrive, autumn crops thrive.

Plant brassicas, lettuce, leeks, onions. Direct-sow roots, peas, spinach, beans. Garlic in April.

Clear summer crops promptly. Empty beds need compost."
Castlemaine,VIC,cool,9a,alpine_highland|inland,April,"Autumn transitions fast. Cool nights arrive, autumn crops thrive.

Plant brassicas, lettuce, leeks, onions. Direct-sow roots, peas, spinach, beans. Garlic in April.

Clear summer crops promptly. Empty beds need compost."
Castlemaine,VIC,cool,9a,alpine_highland|inland,May,"Autumn transitions fast. Cool nights arrive, autumn crops thrive.

Plant brassicas, lettuce, leeks, onions. Direct-sow roots, peas, spinach, beans. Garlic in April.

Clear summer crops promptly. Empty beds need compost."
Castlemaine,VIC,cool,9a,alpine_highland|inland,June,"Winter is cool but manageable. Occasional frosts, not constant.

Winter crops grow steadily. Spinach, kale, peas, beans, brassicas, roots produce regular harvest.

Start spring seedlings by August. Use quiet winter for planning."
Castlemaine,VIC,cool,9a,alpine_highland|inland,July,"Winter is cool but manageable. Occasional frosts, not constant.

Winter crops grow steadily. Spinach, kale, peas, beans, brassicas, roots produce regular harvest.

Start spring seedlings by August. Use quiet winter for planning."
Castlemaine,VIC,cool,9a,alpine_highland|inland,August,"Winter is cool but manageable. Occasional frosts, not constant.

Winter crops grow steadily. Spinach, kale, peas, beans, brassicas, roots produce regular harvest.

Start spring seedlings by August. Use quiet winter for planning."
Castlemaine,VIC,cool,9a,alpine_highland|inland,September,"Spring arrives progressively. Early spring carries frost risk but warmth increases.

Plant tender crops by late October after frost passes. Sow: carrots, lettuce, roots. Succession sow.

Growth accelerates week by week."
Castlemaine,VIC,cool,9a,alpine_highland|inland,October,"Spring arrives progressively. Early spring carries frost risk but warmth increases.

Plant tender crops by late October after frost passes. Sow: carrots, lettuce, roots. Succession sow.

Growth accelerates week by week."
Castlemaine,VIC,cool,9a,alpine_highland|inland,November,"Spring arrives progressively. Early spring carries frost risk but warmth increases.

Plant tender crops by late October after frost passes. Sow: carrots, lettuce, roots. Succession sow.

Growth accelerates week by week."
Castlemaine,VIC,cool,9a,alpine_highland|inland,December,"Summer is milder. Growth steady but cool nights limit heat-lovers. Keep picking.

Start brassica and lettuce seedlings indoors. Direct-sow carrots, beetroot, silverbeet, kale.

Water deeply morning. Mulch heavily."
Cobram,VIC,temperate,10a,inland,January,"Summer production solid. Tomatoes, beans, cucumbers, zucchini, pumpkins grow well with consistent water. Pick regularly.

Sow autumn crops in warm soil: carrots, beets, brassicas, lettuce establish quickly.

Water deeply morning. Mulch moderates temperature."
Cobram,VIC,temperate,10a,inland,February,"Summer production solid. Tomatoes, beans, cucumbers, zucchini, pumpkins grow well with consistent water. Pick regularly.

Sow autumn crops in warm soil: carrots, beets, brassicas, lettuce establish quickly.

Water deeply morning. Mulch moderates temperature."
Cobram,VIC,temperate,10a,inland,March,"Autumn established. Prime time for cool-season crops: brassicas, lettuce, roots, peas, beans.

Plant seedlings and direct-sow freely. Garlic in April. Everything grows steadily as temperatures cool.

Clear summer crops. Empty beds should be mulched."
Cobram,VIC,temperate,10a,inland,April,"Autumn established. Prime time for cool-season crops: brassicas, lettuce, roots, peas, beans.

Plant seedlings and direct-sow freely. Garlic in April. Everything grows steadily as temperatures cool.

Clear summer crops. Empty beds should be mulched."
Cobram,VIC,temperate,10a,inland,May,"Autumn established. Prime time for cool-season crops: brassicas, lettuce, roots, peas, beans.

Plant seedlings and direct-sow freely. Garlic in April. Everything grows steadily as temperatures cool.

Clear summer crops. Empty beds should be mulched."
Cobram,VIC,temperate,10a,inland,June,"Winter is cool to cold. Frosts vary by location.

Winter crops provide steady harvest. Kale, spinach, peas, beans, roots produce. Protect tender plantings.

Start spring seedlings indoors. Prepare beds."
Cobram,VIC,temperate,10a,inland,July,"Winter is cool to cold. Frosts vary by location.

Winter crops provide steady harvest. Kale, spinach, peas, beans, roots produce. Protect tender plantings.

Start spring seedlings indoors. Prepare beds."
Cobram,VIC,temperate,10a,inland,August,"Winter is cool to cold. Frosts vary by location.

Winter crops provide steady harvest. Kale, spinach, peas, beans, roots produce. Protect tender plantings.

Start spring seedlings indoors. Prepare beds."
Cobram,VIC,temperate,10a,inland,September,"Spring arrives progressively. Frost risk decreases but may linger into early October.

Plant tender crops after last frost. Sow: carrots, lettuce, roots, herbs. Succession sow.

Growth accelerates through spring."
Cobram,VIC,temperate,10a,inland,October,"Spring arrives progressively. Frost risk decreases but may linger into early October.

Plant tender crops after last frost. Sow: carrots, lettuce, roots, herbs. Succession sow.

Growth accelerates through spring."
Cobram,VIC,temperate,10a,inland,November,"Spring arrives progressively. Frost risk decreases but may linger into early October.

Plant tender crops after last frost. Sow: carrots, lettuce, roots, herbs. Succession sow.

Growth accelerates through spring."
Cobram,VIC,temperate,10a,inland,December,"Summer production solid. Tomatoes, beans, cucumbers, zucchini, pumpkins grow well with consistent water. Pick regularly.

Sow autumn crops in warm soil: carrots, beets, brassicas, lettuce establish quickly.

Water deeply morning. Mulch moderates temperature."
Coburg,VIC,cool,9b,inland,January,"Summer is milder. Growth steady but cool nights limit heat-lovers. Keep picking.

Start brassica and lettuce seedlings indoors. Direct-sow carrots, beetroot, silverbeet, kale.

Water deeply morning. Mulch heavily."
Coburg,VIC,cool,9b,inland,February,"Summer is milder. Growth steady but cool nights limit heat-lovers. Keep picking.

Start brassica and lettuce seedlings indoors. Direct-sow carrots, beetroot, silverbeet, kale.

Water deeply morning. Mulch heavily."
Coburg,VIC,cool,9b,inland,March,"Autumn transitions fast. Cool nights arrive, autumn crops thrive.

Plant brassicas, lettuce, leeks, onions. Direct-sow roots, peas, spinach, beans. Garlic in April.

Clear summer crops promptly. Empty beds need compost."
Coburg,VIC,cool,9b,inland,April,"Autumn transitions fast. Cool nights arrive, autumn crops thrive.

Plant brassicas, lettuce, leeks, onions. Direct-sow roots, peas, spinach, beans. Garlic in April.

Clear summer crops promptly. Empty beds need compost."
Coburg,VIC,cool,9b,inland,May,"Autumn transitions fast. Cool nights arrive, autumn crops thrive.

Plant brassicas, lettuce, leeks, onions. Direct-sow roots, peas, spinach, beans. Garlic in April.

Clear summer crops promptly. Empty beds need compost."
Coburg,VIC,cool,9b,inland,June,"Winter is cool but manageable. Occasional frosts, not constant.

Winter crops grow steadily. Spinach, kale, peas, beans, brassicas, roots produce regular harvest.

Start spring seedlings by August. Use quiet winter for planning."
Coburg,VIC,cool,9b,inland,July,"Winter is cool but manageable. Occasional frosts, not constant.

Winter crops grow steadily. Spinach, kale, peas, beans, brassicas, roots produce regular harvest.

Start spring seedlings by August. Use quiet winter for planning."
Coburg,VIC,cool,9b,inland,August,"Winter is cool but manageable. Occasional frosts, not constant.

Winter crops grow steadily. Spinach, kale, peas, beans, brassicas, roots produce regular harvest.

Start spring seedlings by August. Use quiet winter for planning."
Coburg,VIC,cool,9b,inland,September,"Spring arrives progressively. Early spring carries frost risk but warmth increases.

Plant tender crops by late October after frost passes. Sow: carrots, lettuce, roots. Succession sow.

Growth accelerates week by week."
Coburg,VIC,cool,9b,inland,October,"Spring arrives progressively. Early spring carries frost risk but warmth increases.

Plant tender crops by late October after frost passes. Sow: carrots, lettuce, roots. Succession sow.

Growth accelerates week by week."
Coburg,VIC,cool,9b,inland,November,"Spring arrives progressively. Early spring carries frost risk but warmth increases.

Plant tender crops by late October after frost passes. Sow: carrots, lettuce, roots. Succession sow.

Growth accelerates week by week."
Coburg,VIC,cool,9b,inland,December,"Summer is milder. Growth steady but cool nights limit heat-lovers. Keep picking.

Start brassica and lettuce seedlings indoors. Direct-sow carrots, beetroot, silverbeet, kale.

Water deeply morning. Mulch heavily."
Colac,VIC,cool,9b,inland,January,"Summer is milder. Growth steady but cool nights limit heat-lovers. Keep picking.

Start brassica and lettuce seedlings indoors. Direct-sow carrots, beetroot, silverbeet, kale.

Water deeply morning. Mulch heavily."
Colac,VIC,cool,9b,inland,February,"Summer is milder. Growth steady but cool nights limit heat-lovers. Keep picking.

Start brassica and lettuce seedlings indoors. Direct-sow carrots, beetroot, silverbeet, kale.

Water deeply morning. Mulch heavily."
Colac,VIC,cool,9b,inland,March,"Autumn transitions fast. Cool nights arrive, autumn crops thrive.

Plant brassicas, lettuce, leeks, onions. Direct-sow roots, peas, spinach, beans. Garlic in April.

Clear summer crops promptly. Empty beds need compost."
Colac,VIC,cool,9b,inland,April,"Autumn transitions fast. Cool nights arrive, autumn crops thrive.

Plant brassicas, lettuce, leeks, onions. Direct-sow roots, peas, spinach, beans. Garlic in April.

Clear summer crops promptly. Empty beds need compost."
Colac,VIC,cool,9b,inland,May,"Autumn transitions fast. Cool nights arrive, autumn crops thrive.

Plant brassicas, lettuce, leeks, onions. Direct-sow roots, peas, spinach, beans. Garlic in April.

Clear summer crops promptly. Empty beds need compost."
Colac,VIC,cool,9b,inland,June,"Winter is cool but manageable. Occasional frosts, not constant.

Winter crops grow steadily. Spinach, kale, peas, beans, brassicas, roots produce regular harvest.

Start spring seedlings by August. Use quiet winter for planning."
Colac,VIC,cool,9b,inland,July,"Winter is cool but manageable. Occasional frosts, not constant.

Winter crops grow steadily. Spinach, kale, peas, beans, brassicas, roots produce regular harvest.

Start spring seedlings by August. Use quiet winter for planning."
Colac,VIC,cool,9b,inland,August,"Winter is cool but manageable. Occasional frosts, not constant.

Winter crops grow steadily. Spinach, kale, peas, beans, brassicas, roots produce regular harvest.

Start spring seedlings by August. Use quiet winter for planning."
Colac,VIC,cool,9b,inland,September,"Spring arrives progressively. Early spring carries frost risk but warmth increases.

Plant tender crops by late October after frost passes. Sow: carrots, lettuce, roots. Succession sow.

Growth accelerates week by week."
Colac,VIC,cool,9b,inland,October,"Spring arrives progressively. Early spring carries frost risk but warmth increases.

Plant tender crops by late October after frost passes. Sow: carrots, lettuce, roots. Succession sow.

Growth accelerates week by week."
Colac,VIC,cool,9b,inland,November,"Spring arrives progressively. Early spring carries frost risk but warmth increases.

Plant tender crops by late October after frost passes. Sow: carrots, lettuce, roots. Succession sow.

Growth accelerates week by week."
Colac,VIC,cool,9b,inland,December,"Summer is milder. Growth steady but cool nights limit heat-lovers. Keep picking.

Start brassica and lettuce seedlings indoors. Direct-sow carrots, beetroot, silverbeet, kale.

Water deeply morning. Mulch heavily."
Craigieburn,VIC,cool,9b,inland,January,"Summer is milder. Growth steady but cool nights limit heat-lovers. Keep picking.

Start brassica and lettuce seedlings indoors. Direct-sow carrots, beetroot, silverbeet, kale.

Water deeply morning. Mulch heavily."
Craigieburn,VIC,cool,9b,inland,February,"Summer is milder. Growth steady but cool nights limit heat-lovers. Keep picking.

Start brassica and lettuce seedlings indoors. Direct-sow carrots, beetroot, silverbeet, kale.

Water deeply morning. Mulch heavily."
Craigieburn,VIC,cool,9b,inland,March,"Autumn transitions fast. Cool nights arrive, autumn crops thrive.

Plant brassicas, lettuce, leeks, onions. Direct-sow roots, peas, spinach, beans. Garlic in April.

Clear summer crops promptly. Empty beds need compost."
Craigieburn,VIC,cool,9b,inland,April,"Autumn transitions fast. Cool nights arrive, autumn crops thrive.

Plant brassicas, lettuce, leeks, onions. Direct-sow roots, peas, spinach, beans. Garlic in April.

Clear summer crops promptly. Empty beds need compost."
Craigieburn,VIC,cool,9b,inland,May,"Autumn transitions fast. Cool nights arrive, autumn crops thrive.

Plant brassicas, lettuce, leeks, onions. Direct-sow roots, peas, spinach, beans. Garlic in April.

Clear summer crops promptly. Empty beds need compost."
Craigieburn,VIC,cool,9b,inland,June,"Winter is cool but manageable. Occasional frosts, not constant.

Winter crops grow steadily. Spinach, kale, peas, beans, brassicas, roots produce regular harvest.

Start spring seedlings by August. Use quiet winter for planning."
Craigieburn,VIC,cool,9b,inland,July,"Winter is cool but manageable. Occasional frosts, not constant.

Winter crops grow steadily. Spinach, kale, peas, beans, brassicas, roots produce regular harvest.

Start spring seedlings by August. Use quiet winter for planning."
Craigieburn,VIC,cool,9b,inland,August,"Winter is cool but manageable. Occasional frosts, not constant.

Winter crops grow steadily. Spinach, kale, peas, beans, brassicas, roots produce regular harvest.

Start spring seedlings by August. Use quiet winter for planning."
Craigieburn,VIC,cool,9b,inland,September,"Spring arrives progressively. Early spring carries frost risk but warmth increases.

Plant tender crops by late October after frost passes. Sow: carrots, lettuce, roots. Succession sow.

Growth accelerates week by week."
Craigieburn,VIC,cool,9b,inland,October,"Spring arrives progressively. Early spring carries frost risk but warmth increases.

Plant tender crops by late October after frost passes. Sow: carrots, lettuce, roots. Succession sow.

Growth accelerates week by week."
Craigieburn,VIC,cool,9b,inland,November,"Spring arrives progressively. Early spring carries frost risk but warmth increases.

Plant tender crops by late October after frost passes. Sow: carrots, lettuce, roots. Succession sow.

Growth accelerates week by week."
Craigieburn,VIC,cool,9b,inland,December,"Summer is milder. Growth steady but cool nights limit heat-lovers. Keep picking.

Start brassica and lettuce seedlings indoors. Direct-sow carrots, beetroot, silverbeet, kale.

Water deeply morning. Mulch heavily."
Dandenong,VIC,cool,9b,inland,January,"Summer is milder. Growth steady but cool nights limit heat-lovers. Keep picking.

Start brassica and lettuce seedlings indoors. Direct-sow carrots, beetroot, silverbeet, kale.

Water deeply morning. Mulch heavily."
Dandenong,VIC,cool,9b,inland,February,"Summer is milder. Growth steady but cool nights limit heat-lovers. Keep picking.

Start brassica and lettuce seedlings indoors. Direct-sow carrots, beetroot, silverbeet, kale.

Water deeply morning. Mulch heavily."
Dandenong,VIC,cool,9b,inland,March,"Autumn transitions fast. Cool nights arrive, autumn crops thrive.

Plant brassicas, lettuce, leeks, onions. Direct-sow roots, peas, spinach, beans. Garlic in April.

Clear summer crops promptly. Empty beds need compost."
Dandenong,VIC,cool,9b,inland,April,"Autumn transitions fast. Cool nights arrive, autumn crops thrive.

Plant brassicas, lettuce, leeks, onions. Direct-sow roots, peas, spinach, beans. Garlic in April.

Clear summer crops promptly. Empty beds need compost."
Dandenong,VIC,cool,9b,inland,May,"Autumn transitions fast. Cool nights arrive, autumn crops thrive.

Plant brassicas, lettuce, leeks, onions. Direct-sow roots, peas, spinach, beans. Garlic in April.

Clear summer crops promptly. Empty beds need compost."
Dandenong,VIC,cool,9b,inland,June,"Winter is cool but manageable. Occasional frosts, not constant.

Winter crops grow steadily. Spinach, kale, peas, beans, brassicas, roots produce regular harvest.

Start spring seedlings by August. Use quiet winter for planning."
Dandenong,VIC,cool,9b,inland,July,"Winter is cool but manageable. Occasional frosts, not constant.

Winter crops grow steadily. Spinach, kale, peas, beans, brassicas, roots produce regular harvest.

Start spring seedlings by August. Use quiet winter for planning."
Dandenong,VIC,cool,9b,inland,August,"Winter is cool but manageable. Occasional frosts, not constant.

Winter crops grow steadily. Spinach, kale, peas, beans, brassicas, roots produce regular harvest.

Start spring seedlings by August. Use quiet winter for planning."
Dandenong,VIC,cool,9b,inland,September,"Spring arrives progressively. Early spring carries frost risk but warmth increases.

Plant tender crops by late October after frost passes. Sow: carrots, lettuce, roots. Succession sow.

Growth accelerates week by week."
Dandenong,VIC,cool,9b,inland,October,"Spring arrives progressively. Early spring carries frost risk but warmth increases.

Plant tender crops by late October after frost passes. Sow: carrots, lettuce, roots. Succession sow.

Growth accelerates week by week."
Dandenong,VIC,cool,9b,inland,November,"Spring arrives progressively. Early spring carries frost risk but warmth increases.

Plant tender crops by late October after frost passes. Sow: carrots, lettuce, roots. Succession sow.

Growth accelerates week by week."
Dandenong,VIC,cool,9b,inland,December,"Summer is milder. Growth steady but cool nights limit heat-lovers. Keep picking.

Start brassica and lettuce seedlings indoors. Direct-sow carrots, beetroot, silverbeet, kale.

Water deeply morning. Mulch heavily."
Daylesford,VIC,cool,9a,alpine_highland|inland,January,"Summer is milder. Growth steady but cool nights limit heat-lovers. Keep picking.

Start brassica and lettuce seedlings indoors. Direct-sow carrots, beetroot, silverbeet, kale.

Water deeply morning. Mulch heavily."
Daylesford,VIC,cool,9a,alpine_highland|inland,February,"Summer is milder. Growth steady but cool nights limit heat-lovers. Keep picking.

Start brassica and lettuce seedlings indoors. Direct-sow carrots, beetroot, silverbeet, kale.

Water deeply morning. Mulch heavily."
Daylesford,VIC,cool,9a,alpine_highland|inland,March,"Autumn transitions fast. Cool nights arrive, autumn crops thrive.

Plant brassicas, lettuce, leeks, onions. Direct-sow roots, peas, spinach, beans. Garlic in April.

Clear summer crops promptly. Empty beds need compost."
Daylesford,VIC,cool,9a,alpine_highland|inland,April,"Autumn transitions fast. Cool nights arrive, autumn crops thrive.

Plant brassicas, lettuce, leeks, onions. Direct-sow roots, peas, spinach, beans. Garlic in April.

Clear summer crops promptly. Empty beds need compost."
Daylesford,VIC,cool,9a,alpine_highland|inland,May,"Autumn transitions fast. Cool nights arrive, autumn crops thrive.

Plant brassicas, lettuce, leeks, onions. Direct-sow roots, peas, spinach, beans. Garlic in April.

Clear summer crops promptly. Empty beds need compost."
Daylesford,VIC,cool,9a,alpine_highland|inland,June,"Winter is cool but manageable. Occasional frosts, not constant.

Winter crops grow steadily. Spinach, kale, peas, beans, brassicas, roots produce regular harvest.

Start spring seedlings by August. Use quiet winter for planning."
Daylesford,VIC,cool,9a,alpine_highland|inland,July,"Winter is cool but manageable. Occasional frosts, not constant.

Winter crops grow steadily. Spinach, kale, peas, beans, brassicas, roots produce regular harvest.

Start spring seedlings by August. Use quiet winter for planning."
Daylesford,VIC,cool,9a,alpine_highland|inland,August,"Winter is cool but manageable. Occasional frosts, not constant.

Winter crops grow steadily. Spinach, kale, peas, beans, brassicas, roots produce regular harvest.

Start spring seedlings by August. Use quiet winter for planning."
Daylesford,VIC,cool,9a,alpine_highland|inland,September,"Spring arrives progressively. Early spring carries frost risk but warmth increases.

Plant tender crops by late October after frost passes. Sow: carrots, lettuce, roots. Succession sow.

Growth accelerates week by week."
Daylesford,VIC,cool,9a,alpine_highland|inland,October,"Spring arrives progressively. Early spring carries frost risk but warmth increases.

Plant tender crops by late October after frost passes. Sow: carrots, lettuce, roots. Succession sow.

Growth accelerates week by week."
Daylesford,VIC,cool,9a,alpine_highland|inland,November,"Spring arrives progressively. Early spring carries frost risk but warmth increases.

Plant tender crops by late October after frost passes. Sow: carrots, lettuce, roots. Succession sow.

Growth accelerates week by week."
Daylesford,VIC,cool,9a,alpine_highland|inland,December,"Summer is milder. Growth steady but cool nights limit heat-lovers. Keep picking.

Start brassica and lettuce seedlings indoors. Direct-sow carrots, beetroot, silverbeet, kale.

Water deeply morning. Mulch heavily."
Dromana,VIC,cool,9b,inland,January,"Summer is milder. Growth steady but cool nights limit heat-lovers. Keep picking.

Start brassica and lettuce seedlings indoors. Direct-sow carrots, beetroot, silverbeet, kale.

Water deeply morning. Mulch heavily."
Dromana,VIC,cool,9b,inland,February,"Summer is milder. Growth steady but cool nights limit heat-lovers. Keep picking.

Start brassica and lettuce seedlings indoors. Direct-sow carrots, beetroot, silverbeet, kale.

Water deeply morning. Mulch heavily."
Dromana,VIC,cool,9b,inland,March,"Autumn transitions fast. Cool nights arrive, autumn crops thrive.

Plant brassicas, lettuce, leeks, onions. Direct-sow roots, peas, spinach, beans. Garlic in April.

Clear summer crops promptly. Empty beds need compost."
Dromana,VIC,cool,9b,inland,April,"Autumn transitions fast. Cool nights arrive, autumn crops thrive.

Plant brassicas, lettuce, leeks, onions. Direct-sow roots, peas, spinach, beans. Garlic in April.

Clear summer crops promptly. Empty beds need compost."
Dromana,VIC,cool,9b,inland,May,"Autumn transitions fast. Cool nights arrive, autumn crops thrive.

Plant brassicas, lettuce, leeks, onions. Direct-sow roots, peas, spinach, beans. Garlic in April.

Clear summer crops promptly. Empty beds need compost."
Dromana,VIC,cool,9b,inland,June,"Winter is cool but manageable. Occasional frosts, not constant.

Winter crops grow steadily. Spinach, kale, peas, beans, brassicas, roots produce regular harvest.

Start spring seedlings by August. Use quiet winter for planning."
Dromana,VIC,cool,9b,inland,July,"Winter is cool but manageable. Occasional frosts, not constant.

Winter crops grow steadily. Spinach, kale, peas, beans, brassicas, roots produce regular harvest.

Start spring seedlings by August. Use quiet winter for planning."
Dromana,VIC,cool,9b,inland,August,"Winter is cool but manageable. Occasional frosts, not constant.

Winter crops grow steadily. Spinach, kale, peas, beans, brassicas, roots produce regular harvest.

Start spring seedlings by August. Use quiet winter for planning."
Dromana,VIC,cool,9b,inland,September,"Spring arrives progressively. Early spring carries frost risk but warmth increases.

Plant tender crops by late October after frost passes. Sow: carrots, lettuce, roots. Succession sow.

Growth accelerates week by week."
Dromana,VIC,cool,9b,inland,October,"Spring arrives progressively. Early spring carries frost risk but warmth increases.

Plant tender crops by late October after frost passes. Sow: carrots, lettuce, roots. Succession sow.

Growth accelerates week by week."
Dromana,VIC,cool,9b,inland,November,"Spring arrives progressively. Early spring carries frost risk but warmth increases.

Plant tender crops by late October after frost passes. Sow: carrots, lettuce, roots. Succession sow.

Growth accelerates week by week."
Dromana,VIC,cool,9b,inland,December,"Summer is milder. Growth steady but cool nights limit heat-lovers. Keep picking.

Start brassica and lettuce seedlings indoors. Direct-sow carrots, beetroot, silverbeet, kale.

Water deeply morning. Mulch heavily."
Echuca,VIC,cool,9b,inland,January,"Summer is milder. Growth steady but cool nights limit heat-lovers. Keep picking.

Start brassica and lettuce seedlings indoors. Direct-sow carrots, beetroot, silverbeet, kale.

Water deeply morning. Mulch heavily."
Echuca,VIC,cool,9b,inland,February,"Summer is milder. Growth steady but cool nights limit heat-lovers. Keep picking.

Start brassica and lettuce seedlings indoors. Direct-sow carrots, beetroot, silverbeet, kale.

Water deeply morning. Mulch heavily."
Echuca,VIC,cool,9b,inland,March,"Autumn transitions fast. Cool nights arrive, autumn crops thrive.

Plant brassicas, lettuce, leeks, onions. Direct-sow roots, peas, spinach, beans. Garlic in April.

Clear summer crops promptly. Empty beds need compost."
Echuca,VIC,cool,9b,inland,April,"Autumn transitions fast. Cool nights arrive, autumn crops thrive.

Plant brassicas, lettuce, leeks, onions. Direct-sow roots, peas, spinach, beans. Garlic in April.

Clear summer crops promptly. Empty beds need compost."
Echuca,VIC,cool,9b,inland,May,"Autumn transitions fast. Cool nights arrive, autumn crops thrive.

Plant brassicas, lettuce, leeks, onions. Direct-sow roots, peas, spinach, beans. Garlic in April.

Clear summer crops promptly. Empty beds need compost."
Echuca,VIC,cool,9b,inland,June,"Winter is cool but manageable. Occasional frosts, not constant.

Winter crops grow steadily. Spinach, kale, peas, beans, brassicas, roots produce regular harvest.

Start spring seedlings by August. Use quiet winter for planning."
Echuca,VIC,cool,9b,inland,July,"Winter is cool but manageable. Occasional frosts, not constant.

Winter crops grow steadily. Spinach, kale, peas, beans, brassicas, roots produce regular harvest.

Start spring seedlings by August. Use quiet winter for planning."
Echuca,VIC,cool,9b,inland,August,"Winter is cool but manageable. Occasional frosts, not constant.

Winter crops grow steadily. Spinach, kale, peas, beans, brassicas, roots produce regular harvest.

Start spring seedlings by August. Use quiet winter for planning."
Echuca,VIC,cool,9b,inland,September,"Spring arrives progressively. Early spring carries frost risk but warmth increases.

Plant tender crops by late October after frost passes. Sow: carrots, lettuce, roots. Succession sow.

Growth accelerates week by week."
Echuca,VIC,cool,9b,inland,October,"Spring arrives progressively. Early spring carries frost risk but warmth increases.

Plant tender crops by late October after frost passes. Sow: carrots, lettuce, roots. Succession sow.

Growth accelerates week by week."
Echuca,VIC,cool,9b,inland,November,"Spring arrives progressively. Early spring carries frost risk but warmth increases.

Plant tender crops by late October after frost passes. Sow: carrots, lettuce, roots. Succession sow.

Growth accelerates week by week."
Echuca,VIC,cool,9b,inland,December,"Summer is milder. Growth steady but cool nights limit heat-lovers. Keep picking.

Start brassica and lettuce seedlings indoors. Direct-sow carrots, beetroot, silverbeet, kale.

Water deeply morning. Mulch heavily."
Elwood,VIC,cool,9b,coastal,January,"Summer is milder. Growth steady but cool nights limit heat-lovers. Keep picking.

Start brassica and lettuce seedlings indoors. Direct-sow carrots, beetroot, silverbeet, kale.

Water deeply morning. Mulch heavily."
Elwood,VIC,cool,9b,coastal,February,"Summer is milder. Growth steady but cool nights limit heat-lovers. Keep picking.

Start brassica and lettuce seedlings indoors. Direct-sow carrots, beetroot, silverbeet, kale.

Water deeply morning. Mulch heavily."
Elwood,VIC,cool,9b,coastal,March,"Autumn transitions fast. Cool nights arrive, autumn crops thrive.

Plant brassicas, lettuce, leeks, onions. Direct-sow roots, peas, spinach, beans. Garlic in April.

Clear summer crops promptly. Empty beds need compost."
Elwood,VIC,cool,9b,coastal,April,"Autumn transitions fast. Cool nights arrive, autumn crops thrive.

Plant brassicas, lettuce, leeks, onions. Direct-sow roots, peas, spinach, beans. Garlic in April.

Clear summer crops promptly. Empty beds need compost."
Elwood,VIC,cool,9b,coastal,May,"Autumn transitions fast. Cool nights arrive, autumn crops thrive.

Plant brassicas, lettuce, leeks, onions. Direct-sow roots, peas, spinach, beans. Garlic in April.

Clear summer crops promptly. Empty beds need compost."
Elwood,VIC,cool,9b,coastal,June,"Winter is cool but manageable. Occasional frosts, not constant.

Winter crops grow steadily. Spinach, kale, peas, beans, brassicas, roots produce regular harvest.

Start spring seedlings by August. Use quiet winter for planning."
Elwood,VIC,cool,9b,coastal,July,"Winter is cool but manageable. Occasional frosts, not constant.

Winter crops grow steadily. Spinach, kale, peas, beans, brassicas, roots produce regular harvest.

Start spring seedlings by August. Use quiet winter for planning."
Elwood,VIC,cool,9b,coastal,August,"Winter is cool but manageable. Occasional frosts, not constant.

Winter crops grow steadily. Spinach, kale, peas, beans, brassicas, roots produce regular harvest.

Start spring seedlings by August. Use quiet winter for planning."
Elwood,VIC,cool,9b,coastal,September,"Spring arrives progressively. Early spring carries frost risk but warmth increases.

Plant tender crops by late October after frost passes. Sow: carrots, lettuce, roots. Succession sow.

Growth accelerates week by week."
Elwood,VIC,cool,9b,coastal,October,"Spring arrives progressively. Early spring carries frost risk but warmth increases.

Plant tender crops by late October after frost passes. Sow: carrots, lettuce, roots. Succession sow.

Growth accelerates week by week."
Elwood,VIC,cool,9b,coastal,November,"Spring arrives progressively. Early spring carries frost risk but warmth increases.

Plant tender crops by late October after frost passes. Sow: carrots, lettuce, roots. Succession sow.

Growth accelerates week by week."
Elwood,VIC,cool,9b,coastal,December,"Summer is milder. Growth steady but cool nights limit heat-lovers. Keep picking.

Start brassica and lettuce seedlings indoors. Direct-sow carrots, beetroot, silverbeet, kale.

Water deeply morning. Mulch heavily."
Epping,VIC,cool,9b,inland,January,"Summer is milder. Growth steady but cool nights limit heat-lovers. Keep picking.

Start brassica and lettuce seedlings indoors. Direct-sow carrots, beetroot, silverbeet, kale.

Water deeply morning. Mulch heavily."
Epping,VIC,cool,9b,inland,February,"Summer is milder. Growth steady but cool nights limit heat-lovers. Keep picking.

Start brassica and lettuce seedlings indoors. Direct-sow carrots, beetroot, silverbeet, kale.

Water deeply morning. Mulch heavily."
Epping,VIC,cool,9b,inland,March,"Autumn transitions fast. Cool nights arrive, autumn crops thrive.

Plant brassicas, lettuce, leeks, onions. Direct-sow roots, peas, spinach, beans. Garlic in April.

Clear summer crops promptly. Empty beds need compost."
Epping,VIC,cool,9b,inland,April,"Autumn transitions fast. Cool nights arrive, autumn crops thrive.

Plant brassicas, lettuce, leeks, onions. Direct-sow roots, peas, spinach, beans. Garlic in April.

Clear summer crops promptly. Empty beds need compost."
Epping,VIC,cool,9b,inland,May,"Autumn transitions fast. Cool nights arrive, autumn crops thrive.

Plant brassicas, lettuce, leeks, onions. Direct-sow roots, peas, spinach, beans. Garlic in April.

Clear summer crops promptly. Empty beds need compost."
Epping,VIC,cool,9b,inland,June,"Winter is cool but manageable. Occasional frosts, not constant.

Winter crops grow steadily. Spinach, kale, peas, beans, brassicas, roots produce regular harvest.

Start spring seedlings by August. Use quiet winter for planning."
Epping,VIC,cool,9b,inland,July,"Winter is cool but manageable. Occasional frosts, not constant.

Winter crops grow steadily. Spinach, kale, peas, beans, brassicas, roots produce regular harvest.

Start spring seedlings by August. Use quiet winter for planning."
Epping,VIC,cool,9b,inland,August,"Winter is cool but manageable. Occasional frosts, not constant.

Winter crops grow steadily. Spinach, kale, peas, beans, brassicas, roots produce regular harvest.

Start spring seedlings by August. Use quiet winter for planning."
Epping,VIC,cool,9b,inland,September,"Spring arrives progressively. Early spring carries frost risk but warmth increases.

Plant tender crops by late October after frost passes. Sow: carrots, lettuce, roots. Succession sow.

Growth accelerates week by week."
Epping,VIC,cool,9b,inland,October,"Spring arrives progressively. Early spring carries frost risk but warmth increases.

Plant tender crops by late October after frost passes. Sow: carrots, lettuce, roots. Succession sow.

Growth accelerates week by week."
Epping,VIC,cool,9b,inland,November,"Spring arrives progressively. Early spring carries frost risk but warmth increases.

Plant tender crops by late October after frost passes. Sow: carrots, lettuce, roots. Succession sow.

Growth accelerates week by week."
Epping,VIC,cool,9b,inland,December,"Summer is milder. Growth steady but cool nights limit heat-lovers. Keep picking.

Start brassica and lettuce seedlings indoors. Direct-sow carrots, beetroot, silverbeet, kale.

Water deeply morning. Mulch heavily."
Fitzroy,VIC,cool,9b,coastal,January,"Summer is milder. Growth steady but cool nights limit heat-lovers. Keep picking.

Start brassica and lettuce seedlings indoors. Direct-sow carrots, beetroot, silverbeet, kale.

Water deeply morning. Mulch heavily."
Fitzroy,VIC,cool,9b,coastal,February,"Summer is milder. Growth steady but cool nights limit heat-lovers. Keep picking.

Start brassica and lettuce seedlings indoors. Direct-sow carrots, beetroot, silverbeet, kale.

Water deeply morning. Mulch heavily."
Fitzroy,VIC,cool,9b,coastal,March,"Autumn transitions fast. Cool nights arrive, autumn crops thrive.

Plant brassicas, lettuce, leeks, onions. Direct-sow roots, peas, spinach, beans. Garlic in April.

Clear summer crops promptly. Empty beds need compost."
Fitzroy,VIC,cool,9b,coastal,April,"Autumn transitions fast. Cool nights arrive, autumn crops thrive.

Plant brassicas, lettuce, leeks, onions. Direct-sow roots, peas, spinach, beans. Garlic in April.

Clear summer crops promptly. Empty beds need compost."
Fitzroy,VIC,cool,9b,coastal,May,"Autumn transitions fast. Cool nights arrive, autumn crops thrive.

Plant brassicas, lettuce, leeks, onions. Direct-sow roots, peas, spinach, beans. Garlic in April.

Clear summer crops promptly. Empty beds need compost."
Fitzroy,VIC,cool,9b,coastal,June,"Winter is cool but manageable. Occasional frosts, not constant.

Winter crops grow steadily. Spinach, kale, peas, beans, brassicas, roots produce regular harvest.

Start spring seedlings by August. Use quiet winter for planning."
Fitzroy,VIC,cool,9b,coastal,July,"Winter is cool but manageable. Occasional frosts, not constant.

Winter crops grow steadily. Spinach, kale, peas, beans, brassicas, roots produce regular harvest.

Start spring seedlings by August. Use quiet winter for planning."
Fitzroy,VIC,cool,9b,coastal,August,"Winter is cool but manageable. Occasional frosts, not constant.

Winter crops grow steadily. Spinach, kale, peas, beans, brassicas, roots produce regular harvest.

Start spring seedlings by August. Use quiet winter for planning."
Fitzroy,VIC,cool,9b,coastal,September,"Spring arrives progressively. Early spring carries frost risk but warmth increases.

Plant tender crops by late October after frost passes. Sow: carrots, lettuce, roots. Succession sow.

Growth accelerates week by week."
Fitzroy,VIC,cool,9b,coastal,October,"Spring arrives progressively. Early spring carries frost risk but warmth increases.

Plant tender crops by late October after frost passes. Sow: carrots, lettuce, roots. Succession sow.

Growth accelerates week by week."
Fitzroy,VIC,cool,9b,coastal,November,"Spring arrives progressively. Early spring carries frost risk but warmth increases.

Plant tender crops by late October after frost passes. Sow: carrots, lettuce, roots. Succession sow.

Growth accelerates week by week."
Fitzroy,VIC,cool,9b,coastal,December,"Summer is milder. Growth steady but cool nights limit heat-lovers. Keep picking.

Start brassica and lettuce seedlings indoors. Direct-sow carrots, beetroot, silverbeet, kale.

Water deeply morning. Mulch heavily."
Footscray,VIC,cool,9b,urban_heat|inland,January,"Summer is milder. Growth steady but cool nights limit heat-lovers. Keep picking.

Start brassica and lettuce seedlings indoors. Direct-sow carrots, beetroot, silverbeet, kale.

Water deeply morning. Mulch heavily."
Footscray,VIC,cool,9b,urban_heat|inland,February,"Summer is milder. Growth steady but cool nights limit heat-lovers. Keep picking.

Start brassica and lettuce seedlings indoors. Direct-sow carrots, beetroot, silverbeet, kale.

Water deeply morning. Mulch heavily."
Footscray,VIC,cool,9b,urban_heat|inland,March,"Autumn transitions fast. Cool nights arrive, autumn crops thrive.

Plant brassicas, lettuce, leeks, onions. Direct-sow roots, peas, spinach, beans. Garlic in April.

Clear summer crops promptly. Empty beds need compost."
Footscray,VIC,cool,9b,urban_heat|inland,April,"Autumn transitions fast. Cool nights arrive, autumn crops thrive.

Plant brassicas, lettuce, leeks, onions. Direct-sow roots, peas, spinach, beans. Garlic in April.

Clear summer crops promptly. Empty beds need compost."
Footscray,VIC,cool,9b,urban_heat|inland,May,"Autumn transitions fast. Cool nights arrive, autumn crops thrive.

Plant brassicas, lettuce, leeks, onions. Direct-sow roots, peas, spinach, beans. Garlic in April.

Clear summer crops promptly. Empty beds need compost."
Footscray,VIC,cool,9b,urban_heat|inland,June,"Winter is cool but manageable. Occasional frosts, not constant.

Winter crops grow steadily. Spinach, kale, peas, beans, brassicas, roots produce regular harvest.

Start spring seedlings by August. Use quiet winter for planning."
Footscray,VIC,cool,9b,urban_heat|inland,July,"Winter is cool but manageable. Occasional frosts, not constant.

Winter crops grow steadily. Spinach, kale, peas, beans, brassicas, roots produce regular harvest.

Start spring seedlings by August. Use quiet winter for planning."
Footscray,VIC,cool,9b,urban_heat|inland,August,"Winter is cool but manageable. Occasional frosts, not constant.

Winter crops grow steadily. Spinach, kale, peas, beans, brassicas, roots produce regular harvest.

Start spring seedlings by August. Use quiet winter for planning."
Footscray,VIC,cool,9b,urban_heat|inland,September,"Spring arrives progressively. Early spring carries frost risk but warmth increases.

Plant tender crops by late October after frost passes. Sow: carrots, lettuce, roots. Succession sow.

Growth accelerates week by week."
Footscray,VIC,cool,9b,urban_heat|inland,October,"Spring arrives progressively. Early spring carries frost risk but warmth increases.

Plant tender crops by late October after frost passes. Sow: carrots, lettuce, roots. Succession sow.

Growth accelerates week by week."
Footscray,VIC,cool,9b,urban_heat|inland,November,"Spring arrives progressively. Early spring carries frost risk but warmth increases.

Plant tender crops by late October after frost passes. Sow: carrots, lettuce, roots. Succession sow.

Growth accelerates week by week."
Footscray,VIC,cool,9b,urban_heat|inland,December,"Summer is milder. Growth steady but cool nights limit heat-lovers. Keep picking.

Start brassica and lettuce seedlings indoors. Direct-sow carrots, beetroot, silverbeet, kale.

Water deeply morning. Mulch heavily."
Frankston,VIC,cool,9b,inland,January,"Summer is milder. Growth steady but cool nights limit heat-lovers. Keep picking.

Start brassica and lettuce seedlings indoors. Direct-sow carrots, beetroot, silverbeet, kale.

Water deeply morning. Mulch heavily."
Frankston,VIC,cool,9b,inland,February,"Summer is milder. Growth steady but cool nights limit heat-lovers. Keep picking.

Start brassica and lettuce seedlings indoors. Direct-sow carrots, beetroot, silverbeet, kale.

Water deeply morning. Mulch heavily."
Frankston,VIC,cool,9b,inland,March,"Autumn transitions fast. Cool nights arrive, autumn crops thrive.

Plant brassicas, lettuce, leeks, onions. Direct-sow roots, peas, spinach, beans. Garlic in April.

Clear summer crops promptly. Empty beds need compost."
Frankston,VIC,cool,9b,inland,April,"Autumn transitions fast. Cool nights arrive, autumn crops thrive.

Plant brassicas, lettuce, leeks, onions. Direct-sow roots, peas, spinach, beans. Garlic in April.

Clear summer crops promptly. Empty beds need compost."
Frankston,VIC,cool,9b,inland,May,"Autumn transitions fast. Cool nights arrive, autumn crops thrive.

Plant brassicas, lettuce, leeks, onions. Direct-sow roots, peas, spinach, beans. Garlic in April.

Clear summer crops promptly. Empty beds need compost."
Frankston,VIC,cool,9b,inland,June,"Winter is cool but manageable. Occasional frosts, not constant.

Winter crops grow steadily. Spinach, kale, peas, beans, brassicas, roots produce regular harvest.

Start spring seedlings by August. Use quiet winter for planning."
Frankston,VIC,cool,9b,inland,July,"Winter is cool but manageable. Occasional frosts, not constant.

Winter crops grow steadily. Spinach, kale, peas, beans, brassicas, roots produce regular harvest.

Start spring seedlings by August. Use quiet winter for planning."
Frankston,VIC,cool,9b,inland,August,"Winter is cool but manageable. Occasional frosts, not constant.

Winter crops grow steadily. Spinach, kale, peas, beans, brassicas, roots produce regular harvest.

Start spring seedlings by August. Use quiet winter for planning."
Frankston,VIC,cool,9b,inland,September,"Spring arrives progressively. Early spring carries frost risk but warmth increases.

Plant tender crops by late October after frost passes. Sow: carrots, lettuce, roots. Succession sow.

Growth accelerates week by week."
Frankston,VIC,cool,9b,inland,October,"Spring arrives progressively. Early spring carries frost risk but warmth increases.

Plant tender crops by late October after frost passes. Sow: carrots, lettuce, roots. Succession sow.

Growth accelerates week by week."
Frankston,VIC,cool,9b,inland,November,"Spring arrives progressively. Early spring carries frost risk but warmth increases.

Plant tender crops by late October after frost passes. Sow: carrots, lettuce, roots. Succession sow.

Growth accelerates week by week."
Frankston,VIC,cool,9b,inland,December,"Summer is milder. Growth steady but cool nights limit heat-lovers. Keep picking.

Start brassica and lettuce seedlings indoors. Direct-sow carrots, beetroot, silverbeet, kale.

Water deeply morning. Mulch heavily."
Geelong,VIC,cool,9b,coastal,January,"Summer is milder. Growth steady but cool nights limit heat-lovers. Keep picking.

Start brassica and lettuce seedlings indoors. Direct-sow carrots, beetroot, silverbeet, kale.

Water deeply morning. Mulch heavily."
Geelong,VIC,cool,9b,coastal,February,"Summer is milder. Growth steady but cool nights limit heat-lovers. Keep picking.

Start brassica and lettuce seedlings indoors. Direct-sow carrots, beetroot, silverbeet, kale.

Water deeply morning. Mulch heavily."
Geelong,VIC,cool,9b,coastal,March,"Autumn transitions fast. Cool nights arrive, autumn crops thrive.

Plant brassicas, lettuce, leeks, onions. Direct-sow roots, peas, spinach, beans. Garlic in April.

Clear summer crops promptly. Empty beds need compost."
Geelong,VIC,cool,9b,coastal,April,"Autumn transitions fast. Cool nights arrive, autumn crops thrive.

Plant brassicas, lettuce, leeks, onions. Direct-sow roots, peas, spinach, beans. Garlic in April.

Clear summer crops promptly. Empty beds need compost."
Geelong,VIC,cool,9b,coastal,May,"Autumn transitions fast. Cool nights arrive, autumn crops thrive.

Plant brassicas, lettuce, leeks, onions. Direct-sow roots, peas, spinach, beans. Garlic in April.

Clear summer crops promptly. Empty beds need compost."
Geelong,VIC,cool,9b,coastal,June,"Winter is cool but manageable. Occasional frosts, not constant.

Winter crops grow steadily. Spinach, kale, peas, beans, brassicas, roots produce regular harvest.

Start spring seedlings by August. Use quiet winter for planning."
Geelong,VIC,cool,9b,coastal,July,"Winter is cool but manageable. Occasional frosts, not constant.

Winter crops grow steadily. Spinach, kale, peas, beans, brassicas, roots produce regular harvest.

Start spring seedlings by August. Use quiet winter for planning."
Geelong,VIC,cool,9b,coastal,August,"Winter is cool but manageable. Occasional frosts, not constant.

Winter crops grow steadily. Spinach, kale, peas, beans, brassicas, roots produce regular harvest.

Start spring seedlings by August. Use quiet winter for planning."
Geelong,VIC,cool,9b,coastal,September,"Spring arrives progressively. Early spring carries frost risk but warmth increases.

Plant tender crops by late October after frost passes. Sow: carrots, lettuce, roots. Succession sow.

Growth accelerates week by week."
Geelong,VIC,cool,9b,coastal,October,"Spring arrives progressively. Early spring carries frost risk but warmth increases.

Plant tender crops by late October after frost passes. Sow: carrots, lettuce, roots. Succession sow.

Growth accelerates week by week."
Geelong,VIC,cool,9b,coastal,November,"Spring arrives progressively. Early spring carries frost risk but warmth increases.

Plant tender crops by late October after frost passes. Sow: carrots, lettuce, roots. Succession sow.

Growth accelerates week by week."
Geelong,VIC,cool,9b,coastal,December,"Summer is milder. Growth steady but cool nights limit heat-lovers. Keep picking.

Start brassica and lettuce seedlings indoors. Direct-sow carrots, beetroot, silverbeet, kale.

Water deeply morning. Mulch heavily."
Glen Waverley,VIC,cool,9b,inland,January,"Summer is milder. Growth steady but cool nights limit heat-lovers. Keep picking.

Start brassica and lettuce seedlings indoors. Direct-sow carrots, beetroot, silverbeet, kale.

Water deeply morning. Mulch heavily."
Glen Waverley,VIC,cool,9b,inland,February,"Summer is milder. Growth steady but cool nights limit heat-lovers. Keep picking.

Start brassica and lettuce seedlings indoors. Direct-sow carrots, beetroot, silverbeet, kale.

Water deeply morning. Mulch heavily."
Glen Waverley,VIC,cool,9b,inland,March,"Autumn transitions fast. Cool nights arrive, autumn crops thrive.

Plant brassicas, lettuce, leeks, onions. Direct-sow roots, peas, spinach, beans. Garlic in April.

Clear summer crops promptly. Empty beds need compost."
Glen Waverley,VIC,cool,9b,inland,April,"Autumn transitions fast. Cool nights arrive, autumn crops thrive.

Plant brassicas, lettuce, leeks, onions. Direct-sow roots, peas, spinach, beans. Garlic in April.

Clear summer crops promptly. Empty beds need compost."
Glen Waverley,VIC,cool,9b,inland,May,"Autumn transitions fast. Cool nights arrive, autumn crops thrive.

Plant brassicas, lettuce, leeks, onions. Direct-sow roots, peas, spinach, beans. Garlic in April.

Clear summer crops promptly. Empty beds need compost."
Glen Waverley,VIC,cool,9b,inland,June,"Winter is cool but manageable. Occasional frosts, not constant.

Winter crops grow steadily. Spinach, kale, peas, beans, brassicas, roots produce regular harvest.

Start spring seedlings by August. Use quiet winter for planning."
Glen Waverley,VIC,cool,9b,inland,July,"Winter is cool but manageable. Occasional frosts, not constant.

Winter crops grow steadily. Spinach, kale, peas, beans, brassicas, roots produce regular harvest.

Start spring seedlings by August. Use quiet winter for planning."
Glen Waverley,VIC,cool,9b,inland,August,"Winter is cool but manageable. Occasional frosts, not constant.

Winter crops grow steadily. Spinach, kale, peas, beans, brassicas, roots produce regular harvest.

Start spring seedlings by August. Use quiet winter for planning."
Glen Waverley,VIC,cool,9b,inland,September,"Spring arrives progressively. Early spring carries frost risk but warmth increases.

Plant tender crops by late October after frost passes. Sow: carrots, lettuce, roots. Succession sow.

Growth accelerates week by week."
Glen Waverley,VIC,cool,9b,inland,October,"Spring arrives progressively. Early spring carries frost risk but warmth increases.

Plant tender crops by late October after frost passes. Sow: carrots, lettuce, roots. Succession sow.

Growth accelerates week by week."
Glen Waverley,VIC,cool,9b,inland,November,"Spring arrives progressively. Early spring carries frost risk but warmth increases.

Plant tender crops by late October after frost passes. Sow: carrots, lettuce, roots. Succession sow.

Growth accelerates week by week."
Glen Waverley,VIC,cool,9b,inland,December,"Summer is milder. Growth steady but cool nights limit heat-lovers. Keep picking.

Start brassica and lettuce seedlings indoors. Direct-sow carrots, beetroot, silverbeet, kale.

Water deeply morning. Mulch heavily."
Hamilton,VIC,cool,9a,inland,January,"Summer is milder. Growth steady but cool nights limit heat-lovers. Keep picking.

Start brassica and lettuce seedlings indoors. Direct-sow carrots, beetroot, silverbeet, kale.

Water deeply morning. Mulch heavily."
Hamilton,VIC,cool,9a,inland,February,"Summer is milder. Growth steady but cool nights limit heat-lovers. Keep picking.

Start brassica and lettuce seedlings indoors. Direct-sow carrots, beetroot, silverbeet, kale.

Water deeply morning. Mulch heavily."
Hamilton,VIC,cool,9a,inland,March,"Autumn transitions fast. Cool nights arrive, autumn crops thrive.

Plant brassicas, lettuce, leeks, onions. Direct-sow roots, peas, spinach, beans. Garlic in April.

Clear summer crops promptly. Empty beds need compost."
Hamilton,VIC,cool,9a,inland,April,"Autumn transitions fast. Cool nights arrive, autumn crops thrive.

Plant brassicas, lettuce, leeks, onions. Direct-sow roots, peas, spinach, beans. Garlic in April.

Clear summer crops promptly. Empty beds need compost."
Hamilton,VIC,cool,9a,inland,May,"Autumn transitions fast. Cool nights arrive, autumn crops thrive.

Plant brassicas, lettuce, leeks, onions. Direct-sow roots, peas, spinach, beans. Garlic in April.

Clear summer crops promptly. Empty beds need compost."
Hamilton,VIC,cool,9a,inland,June,"Winter is cool but manageable. Occasional frosts, not constant.

Winter crops grow steadily. Spinach, kale, peas, beans, brassicas, roots produce regular harvest.

Start spring seedlings by August. Use quiet winter for planning."
Hamilton,VIC,cool,9a,inland,July,"Winter is cool but manageable. Occasional frosts, not constant.

Winter crops grow steadily. Spinach, kale, peas, beans, brassicas, roots produce regular harvest.

Start spring seedlings by August. Use quiet winter for planning."
Hamilton,VIC,cool,9a,inland,August,"Winter is cool but manageable. Occasional frosts, not constant.

Winter crops grow steadily. Spinach, kale, peas, beans, brassicas, roots produce regular harvest.

Start spring seedlings by August. Use quiet winter for planning."
Hamilton,VIC,cool,9a,inland,September,"Spring arrives progressively. Early spring carries frost risk but warmth increases.

Plant tender crops by late October after frost passes. Sow: carrots, lettuce, roots. Succession sow.

Growth accelerates week by week."
Hamilton,VIC,cool,9a,inland,October,"Spring arrives progressively. Early spring carries frost risk but warmth increases.

Plant tender crops by late October after frost passes. Sow: carrots, lettuce, roots. Succession sow.

Growth accelerates week by week."
Hamilton,VIC,cool,9a,inland,November,"Spring arrives progressively. Early spring carries frost risk but warmth increases.

Plant tender crops by late October after frost passes. Sow: carrots, lettuce, roots. Succession sow.

Growth accelerates week by week."
Hamilton,VIC,cool,9a,inland,December,"Summer is milder. Growth steady but cool nights limit heat-lovers. Keep picking.

Start brassica and lettuce seedlings indoors. Direct-sow carrots, beetroot, silverbeet, kale.

Water deeply morning. Mulch heavily."
Hawthorn,VIC,cool,9b,coastal,January,"Summer is milder. Growth steady but cool nights limit heat-lovers. Keep picking.

Start brassica and lettuce seedlings indoors. Direct-sow carrots, beetroot, silverbeet, kale.

Water deeply morning. Mulch heavily."
Hawthorn,VIC,cool,9b,coastal,February,"Summer is milder. Growth steady but cool nights limit heat-lovers. Keep picking.

Start brassica and lettuce seedlings indoors. Direct-sow carrots, beetroot, silverbeet, kale.

Water deeply morning. Mulch heavily."
Hawthorn,VIC,cool,9b,coastal,March,"Autumn transitions fast. Cool nights arrive, autumn crops thrive.

Plant brassicas, lettuce, leeks, onions. Direct-sow roots, peas, spinach, beans. Garlic in April.

Clear summer crops promptly. Empty beds need compost."
Hawthorn,VIC,cool,9b,coastal,April,"Autumn transitions fast. Cool nights arrive, autumn crops thrive.

Plant brassicas, lettuce, leeks, onions. Direct-sow roots, peas, spinach, beans. Garlic in April.

Clear summer crops promptly. Empty beds need compost."
Hawthorn,VIC,cool,9b,coastal,May,"Autumn transitions fast. Cool nights arrive, autumn crops thrive.

Plant brassicas, lettuce, leeks, onions. Direct-sow roots, peas, spinach, beans. Garlic in April.

Clear summer crops promptly. Empty beds need compost."
Hawthorn,VIC,cool,9b,coastal,June,"Winter is cool but manageable. Occasional frosts, not constant.

Winter crops grow steadily. Spinach, kale, peas, beans, brassicas, roots produce regular harvest.

Start spring seedlings by August. Use quiet winter for planning."
Hawthorn,VIC,cool,9b,coastal,July,"Winter is cool but manageable. Occasional frosts, not constant.

Winter crops grow steadily. Spinach, kale, peas, beans, brassicas, roots produce regular harvest.

Start spring seedlings by August. Use quiet winter for planning."
Hawthorn,VIC,cool,9b,coastal,August,"Winter is cool but manageable. Occasional frosts, not constant.

Winter crops grow steadily. Spinach, kale, peas, beans, brassicas, roots produce regular harvest.

Start spring seedlings by August. Use quiet winter for planning."
Hawthorn,VIC,cool,9b,coastal,September,"Spring arrives progressively. Early spring carries frost risk but warmth increases.

Plant tender crops by late October after frost passes. Sow: carrots, lettuce, roots. Succession sow.

Growth accelerates week by week."
Hawthorn,VIC,cool,9b,coastal,October,"Spring arrives progressively. Early spring carries frost risk but warmth increases.

Plant tender crops by late October after frost passes. Sow: carrots, lettuce, roots. Succession sow.

Growth accelerates week by week."
Hawthorn,VIC,cool,9b,coastal,November,"Spring arrives progressively. Early spring carries frost risk but warmth increases.

Plant tender crops by late October after frost passes. Sow: carrots, lettuce, roots. Succession sow.

Growth accelerates week by week."
Hawthorn,VIC,cool,9b,coastal,December,"Summer is milder. Growth steady but cool nights limit heat-lovers. Keep picking.

Start brassica and lettuce seedlings indoors. Direct-sow carrots, beetroot, silverbeet, kale.

Water deeply morning. Mulch heavily."
Healesville,VIC,cool,9a,alpine_highland|inland,January,"Summer is milder. Growth steady but cool nights limit heat-lovers. Keep picking.

Start brassica and lettuce seedlings indoors. Direct-sow carrots, beetroot, silverbeet, kale.

Water deeply morning. Mulch heavily."
Healesville,VIC,cool,9a,alpine_highland|inland,February,"Summer is milder. Growth steady but cool nights limit heat-lovers. Keep picking.

Start brassica and lettuce seedlings indoors. Direct-sow carrots, beetroot, silverbeet, kale.

Water deeply morning. Mulch heavily."
Healesville,VIC,cool,9a,alpine_highland|inland,March,"Autumn transitions fast. Cool nights arrive, autumn crops thrive.

Plant brassicas, lettuce, leeks, onions. Direct-sow roots, peas, spinach, beans. Garlic in April.

Clear summer crops promptly. Empty beds need compost."
Healesville,VIC,cool,9a,alpine_highland|inland,April,"Autumn transitions fast. Cool nights arrive, autumn crops thrive.

Plant brassicas, lettuce, leeks, onions. Direct-sow roots, peas, spinach, beans. Garlic in April.

Clear summer crops promptly. Empty beds need compost."
Healesville,VIC,cool,9a,alpine_highland|inland,May,"Autumn transitions fast. Cool nights arrive, autumn crops thrive.

Plant brassicas, lettuce, leeks, onions. Direct-sow roots, peas, spinach, beans. Garlic in April.

Clear summer crops promptly. Empty beds need compost."
Healesville,VIC,cool,9a,alpine_highland|inland,June,"Winter is cool but manageable. Occasional frosts, not constant.

Winter crops grow steadily. Spinach, kale, peas, beans, brassicas, roots produce regular harvest.

Start spring seedlings by August. Use quiet winter for planning."
Healesville,VIC,cool,9a,alpine_highland|inland,July,"Winter is cool but manageable. Occasional frosts, not constant.

Winter crops grow steadily. Spinach, kale, peas, beans, brassicas, roots produce regular harvest.

Start spring seedlings by August. Use quiet winter for planning."
Healesville,VIC,cool,9a,alpine_highland|inland,August,"Winter is cool but manageable. Occasional frosts, not constant.

Winter crops grow steadily. Spinach, kale, peas, beans, brassicas, roots produce regular harvest.

Start spring seedlings by August. Use quiet winter for planning."
Healesville,VIC,cool,9a,alpine_highland|inland,September,"Spring arrives progressively. Early spring carries frost risk but warmth increases.

Plant tender crops by late October after frost passes. Sow: carrots, lettuce, roots. Succession sow.

Growth accelerates week by week."
Healesville,VIC,cool,9a,alpine_highland|inland,October,"Spring arrives progressively. Early spring carries frost risk but warmth increases.

Plant tender crops by late October after frost passes. Sow: carrots, lettuce, roots. Succession sow.

Growth accelerates week by week."
Healesville,VIC,cool,9a,alpine_highland|inland,November,"Spring arrives progressively. Early spring carries frost risk but warmth increases.

Plant tender crops by late October after frost passes. Sow: carrots, lettuce, roots. Succession sow.

Growth accelerates week by week."
Healesville,VIC,cool,9a,alpine_highland|inland,December,"Summer is milder. Growth steady but cool nights limit heat-lovers. Keep picking.

Start brassica and lettuce seedlings indoors. Direct-sow carrots, beetroot, silverbeet, kale.

Water deeply morning. Mulch heavily."
Horsham,VIC,cool,9a,inland,January,"Summer is milder. Growth steady but cool nights limit heat-lovers. Keep picking.

Start brassica and lettuce seedlings indoors. Direct-sow carrots, beetroot, silverbeet, kale.

Water deeply morning. Mulch heavily."
Horsham,VIC,cool,9a,inland,February,"Summer is milder. Growth steady but cool nights limit heat-lovers. Keep picking.

Start brassica and lettuce seedlings indoors. Direct-sow carrots, beetroot, silverbeet, kale.

Water deeply morning. Mulch heavily."
Horsham,VIC,cool,9a,inland,March,"Autumn transitions fast. Cool nights arrive, autumn crops thrive.

Plant brassicas, lettuce, leeks, onions. Direct-sow roots, peas, spinach, beans. Garlic in April.

Clear summer crops promptly. Empty beds need compost."
Horsham,VIC,cool,9a,inland,April,"Autumn transitions fast. Cool nights arrive, autumn crops thrive.

Plant brassicas, lettuce, leeks, onions. Direct-sow roots, peas, spinach, beans. Garlic in April.

Clear summer crops promptly. Empty beds need compost."
Horsham,VIC,cool,9a,inland,May,"Autumn transitions fast. Cool nights arrive, autumn crops thrive.

Plant brassicas, lettuce, leeks, onions. Direct-sow roots, peas, spinach, beans. Garlic in April.

Clear summer crops promptly. Empty beds need compost."
Horsham,VIC,cool,9a,inland,June,"Winter is cool but manageable. Occasional frosts, not constant.

Winter crops grow steadily. Spinach, kale, peas, beans, brassicas, roots produce regular harvest.

Start spring seedlings by August. Use quiet winter for planning."
Horsham,VIC,cool,9a,inland,July,"Winter is cool but manageable. Occasional frosts, not constant.

Winter crops grow steadily. Spinach, kale, peas, beans, brassicas, roots produce regular harvest.

Start spring seedlings by August. Use quiet winter for planning."
Horsham,VIC,cool,9a,inland,August,"Winter is cool but manageable. Occasional frosts, not constant.

Winter crops grow steadily. Spinach, kale, peas, beans, brassicas, roots produce regular harvest.

Start spring seedlings by August. Use quiet winter for planning."
Horsham,VIC,cool,9a,inland,September,"Spring arrives progressively. Early spring carries frost risk but warmth increases.

Plant tender crops by late October after frost passes. Sow: carrots, lettuce, roots. Succession sow.

Growth accelerates week by week."
Horsham,VIC,cool,9a,inland,October,"Spring arrives progressively. Early spring carries frost risk but warmth increases.

Plant tender crops by late October after frost passes. Sow: carrots, lettuce, roots. Succession sow.

Growth accelerates week by week."
Horsham,VIC,cool,9a,inland,November,"Spring arrives progressively. Early spring carries frost risk but warmth increases.

Plant tender crops by late October after frost passes. Sow: carrots, lettuce, roots. Succession sow.

Growth accelerates week by week."
Horsham,VIC,cool,9a,inland,December,"Summer is milder. Growth steady but cool nights limit heat-lovers. Keep picking.

Start brassica and lettuce seedlings indoors. Direct-sow carrots, beetroot, silverbeet, kale.

Water deeply morning. Mulch heavily."
Kyneton,VIC,cool,9a,alpine_highland|inland,January,"Summer is milder. Growth steady but cool nights limit heat-lovers. Keep picking.

Start brassica and lettuce seedlings indoors. Direct-sow carrots, beetroot, silverbeet, kale.

Water deeply morning. Mulch heavily."
Kyneton,VIC,cool,9a,alpine_highland|inland,February,"Summer is milder. Growth steady but cool nights limit heat-lovers. Keep picking.

Start brassica and lettuce seedlings indoors. Direct-sow carrots, beetroot, silverbeet, kale.

Water deeply morning. Mulch heavily."
Kyneton,VIC,cool,9a,alpine_highland|inland,March,"Autumn transitions fast. Cool nights arrive, autumn crops thrive.

Plant brassicas, lettuce, leeks, onions. Direct-sow roots, peas, spinach, beans. Garlic in April.

Clear summer crops promptly. Empty beds need compost."
Kyneton,VIC,cool,9a,alpine_highland|inland,April,"Autumn transitions fast. Cool nights arrive, autumn crops thrive.

Plant brassicas, lettuce, leeks, onions. Direct-sow roots, peas, spinach, beans. Garlic in April.

Clear summer crops promptly. Empty beds need compost."
Kyneton,VIC,cool,9a,alpine_highland|inland,May,"Autumn transitions fast. Cool nights arrive, autumn crops thrive.

Plant brassicas, lettuce, leeks, onions. Direct-sow roots, peas, spinach, beans. Garlic in April.

Clear summer crops promptly. Empty beds need compost."
Kyneton,VIC,cool,9a,alpine_highland|inland,June,"Winter is cool but manageable. Occasional frosts, not constant.

Winter crops grow steadily. Spinach, kale, peas, beans, brassicas, roots produce regular harvest.

Start spring seedlings by August. Use quiet winter for planning."
Kyneton,VIC,cool,9a,alpine_highland|inland,July,"Winter is cool but manageable. Occasional frosts, not constant.

Winter crops grow steadily. Spinach, kale, peas, beans, brassicas, roots produce regular harvest.

Start spring seedlings by August. Use quiet winter for planning."
Kyneton,VIC,cool,9a,alpine_highland|inland,August,"Winter is cool but manageable. Occasional frosts, not constant.

Winter crops grow steadily. Spinach, kale, peas, beans, brassicas, roots produce regular harvest.

Start spring seedlings by August. Use quiet winter for planning."
Kyneton,VIC,cool,9a,alpine_highland|inland,September,"Spring arrives progressively. Early spring carries frost risk but warmth increases.

Plant tender crops by late October after frost passes. Sow: carrots, lettuce, roots. Succession sow.

Growth accelerates week by week."
Kyneton,VIC,cool,9a,alpine_highland|inland,October,"Spring arrives progressively. Early spring carries frost risk but warmth increases.

Plant tender crops by late October after frost passes. Sow: carrots, lettuce, roots. Succession sow.

Growth accelerates week by week."
Kyneton,VIC,cool,9a,alpine_highland|inland,November,"Spring arrives progressively. Early spring carries frost risk but warmth increases.

Plant tender crops by late October after frost passes. Sow: carrots, lettuce, roots. Succession sow.

Growth accelerates week by week."
Kyneton,VIC,cool,9a,alpine_highland|inland,December,"Summer is milder. Growth steady but cool nights limit heat-lovers. Keep picking.

Start brassica and lettuce seedlings indoors. Direct-sow carrots, beetroot, silverbeet, kale.

Water deeply morning. Mulch heavily."
Leongatha,VIC,cool,9b,inland,January,"Summer is milder. Growth steady but cool nights limit heat-lovers. Keep picking.

Start brassica and lettuce seedlings indoors. Direct-sow carrots, beetroot, silverbeet, kale.

Water deeply morning. Mulch heavily."
Leongatha,VIC,cool,9b,inland,February,"Summer is milder. Growth steady but cool nights limit heat-lovers. Keep picking.

Start brassica and lettuce seedlings indoors. Direct-sow carrots, beetroot, silverbeet, kale.

Water deeply morning. Mulch heavily."
Leongatha,VIC,cool,9b,inland,March,"Autumn transitions fast. Cool nights arrive, autumn crops thrive.

Plant brassicas, lettuce, leeks, onions. Direct-sow roots, peas, spinach, beans. Garlic in April.

Clear summer crops promptly. Empty beds need compost."
Leongatha,VIC,cool,9b,inland,April,"Autumn transitions fast. Cool nights arrive, autumn crops thrive.

Plant brassicas, lettuce, leeks, onions. Direct-sow roots, peas, spinach, beans. Garlic in April.

Clear summer crops promptly. Empty beds need compost."
Leongatha,VIC,cool,9b,inland,May,"Autumn transitions fast. Cool nights arrive, autumn crops thrive.

Plant brassicas, lettuce, leeks, onions. Direct-sow roots, peas, spinach, beans. Garlic in April.

Clear summer crops promptly. Empty beds need compost."
Leongatha,VIC,cool,9b,inland,June,"Winter is cool but manageable. Occasional frosts, not constant.

Winter crops grow steadily. Spinach, kale, peas, beans, brassicas, roots produce regular harvest.

Start spring seedlings by August. Use quiet winter for planning."
Leongatha,VIC,cool,9b,inland,July,"Winter is cool but manageable. Occasional frosts, not constant.

Winter crops grow steadily. Spinach, kale, peas, beans, brassicas, roots produce regular harvest.

Start spring seedlings by August. Use quiet winter for planning."
Leongatha,VIC,cool,9b,inland,August,"Winter is cool but manageable. Occasional frosts, not constant.

Winter crops grow steadily. Spinach, kale, peas, beans, brassicas, roots produce regular harvest.

Start spring seedlings by August. Use quiet winter for planning."
Leongatha,VIC,cool,9b,inland,September,"Spring arrives progressively. Early spring carries frost risk but warmth increases.

Plant tender crops by late October after frost passes. Sow: carrots, lettuce, roots. Succession sow.

Growth accelerates week by week."
Leongatha,VIC,cool,9b,inland,October,"Spring arrives progressively. Early spring carries frost risk but warmth increases.

Plant tender crops by late October after frost passes. Sow: carrots, lettuce, roots. Succession sow.

Growth accelerates week by week."
Leongatha,VIC,cool,9b,inland,November,"Spring arrives progressively. Early spring carries frost risk but warmth increases.

Plant tender crops by late October after frost passes. Sow: carrots, lettuce, roots. Succession sow.

Growth accelerates week by week."
Leongatha,VIC,cool,9b,inland,December,"Summer is milder. Growth steady but cool nights limit heat-lovers. Keep picking.

Start brassica and lettuce seedlings indoors. Direct-sow carrots, beetroot, silverbeet, kale.

Water deeply morning. Mulch heavily."
Lilydale,VIC,cool,9b,inland,January,"Summer is milder. Growth steady but cool nights limit heat-lovers. Keep picking.

Start brassica and lettuce seedlings indoors. Direct-sow carrots, beetroot, silverbeet, kale.

Water deeply morning. Mulch heavily."
Lilydale,VIC,cool,9b,inland,February,"Summer is milder. Growth steady but cool nights limit heat-lovers. Keep picking.

Start brassica and lettuce seedlings indoors. Direct-sow carrots, beetroot, silverbeet, kale.

Water deeply morning. Mulch heavily."
Lilydale,VIC,cool,9b,inland,March,"Autumn transitions fast. Cool nights arrive, autumn crops thrive.

Plant brassicas, lettuce, leeks, onions. Direct-sow roots, peas, spinach, beans. Garlic in April.

Clear summer crops promptly. Empty beds need compost."
Lilydale,VIC,cool,9b,inland,April,"Autumn transitions fast. Cool nights arrive, autumn crops thrive.

Plant brassicas, lettuce, leeks, onions. Direct-sow roots, peas, spinach, beans. Garlic in April.

Clear summer crops promptly. Empty beds need compost."
Lilydale,VIC,cool,9b,inland,May,"Autumn transitions fast. Cool nights arrive, autumn crops thrive.

Plant brassicas, lettuce, leeks, onions. Direct-sow roots, peas, spinach, beans. Garlic in April.

Clear summer crops promptly. Empty beds need compost."
Lilydale,VIC,cool,9b,inland,June,"Winter is cool but manageable. Occasional frosts, not constant.

Winter crops grow steadily. Spinach, kale, peas, beans, brassicas, roots produce regular harvest.

Start spring seedlings by August. Use quiet winter for planning."
Lilydale,VIC,cool,9b,inland,July,"Winter is cool but manageable. Occasional frosts, not constant.

Winter crops grow steadily. Spinach, kale, peas, beans, brassicas, roots produce regular harvest.

Start spring seedlings by August. Use quiet winter for planning."
Lilydale,VIC,cool,9b,inland,August,"Winter is cool but manageable. Occasional frosts, not constant.

Winter crops grow steadily. Spinach, kale, peas, beans, brassicas, roots produce regular harvest.

Start spring seedlings by August. Use quiet winter for planning."
Lilydale,VIC,cool,9b,inland,September,"Spring arrives progressively. Early spring carries frost risk but warmth increases.

Plant tender crops by late October after frost passes. Sow: carrots, lettuce, roots. Succession sow.

Growth accelerates week by week."
Lilydale,VIC,cool,9b,inland,October,"Spring arrives progressively. Early spring carries frost risk but warmth increases.

Plant tender crops by late October after frost passes. Sow: carrots, lettuce, roots. Succession sow.

Growth accelerates week by week."
Lilydale,VIC,cool,9b,inland,November,"Spring arrives progressively. Early spring carries frost risk but warmth increases.

Plant tender crops by late October after frost passes. Sow: carrots, lettuce, roots. Succession sow.

Growth accelerates week by week."
Lilydale,VIC,cool,9b,inland,December,"Summer is milder. Growth steady but cool nights limit heat-lovers. Keep picking.

Start brassica and lettuce seedlings indoors. Direct-sow carrots, beetroot, silverbeet, kale.

Water deeply morning. Mulch heavily."
Maryborough,VIC,cool,9a,inland,January,"Summer is milder. Growth steady but cool nights limit heat-lovers. Keep picking.

Start brassica and lettuce seedlings indoors. Direct-sow carrots, beetroot, silverbeet, kale.

Water deeply morning. Mulch heavily."
Maryborough,VIC,cool,9a,inland,February,"Summer is milder. Growth steady but cool nights limit heat-lovers. Keep picking.

Start brassica and lettuce seedlings indoors. Direct-sow carrots, beetroot, silverbeet, kale.

Water deeply morning. Mulch heavily."
Maryborough,VIC,cool,9a,inland,March,"Autumn transitions fast. Cool nights arrive, autumn crops thrive.

Plant brassicas, lettuce, leeks, onions. Direct-sow roots, peas, spinach, beans. Garlic in April.

Clear summer crops promptly. Empty beds need compost."
Maryborough,VIC,cool,9a,inland,April,"Autumn transitions fast. Cool nights arrive, autumn crops thrive.

Plant brassicas, lettuce, leeks, onions. Direct-sow roots, peas, spinach, beans. Garlic in April.

Clear summer crops promptly. Empty beds need compost."
Maryborough,VIC,cool,9a,inland,May,"Autumn transitions fast. Cool nights arrive, autumn crops thrive.

Plant brassicas, lettuce, leeks, onions. Direct-sow roots, peas, spinach, beans. Garlic in April.

Clear summer crops promptly. Empty beds need compost."
Maryborough,VIC,cool,9a,inland,June,"Winter is cool but manageable. Occasional frosts, not constant.

Winter crops grow steadily. Spinach, kale, peas, beans, brassicas, roots produce regular harvest.

Start spring seedlings by August. Use quiet winter for planning."
Maryborough,VIC,cool,9a,inland,July,"Winter is cool but manageable. Occasional frosts, not constant.

Winter crops grow steadily. Spinach, kale, peas, beans, brassicas, roots produce regular harvest.

Start spring seedlings by August. Use quiet winter for planning."
Maryborough,VIC,cool,9a,inland,August,"Winter is cool but manageable. Occasional frosts, not constant.

Winter crops grow steadily. Spinach, kale, peas, beans, brassicas, roots produce regular harvest.

Start spring seedlings by August. Use quiet winter for planning."
Maryborough,VIC,cool,9a,inland,September,"Spring arrives progressively. Early spring carries frost risk but warmth increases.

Plant tender crops by late October after frost passes. Sow: carrots, lettuce, roots. Succession sow.

Growth accelerates week by week."
Maryborough,VIC,cool,9a,inland,October,"Spring arrives progressively. Early spring carries frost risk but warmth increases.

Plant tender crops by late October after frost passes. Sow: carrots, lettuce, roots. Succession sow.

Growth accelerates week by week."
Maryborough,VIC,cool,9a,inland,November,"Spring arrives progressively. Early spring carries frost risk but warmth increases.

Plant tender crops by late October after frost passes. Sow: carrots, lettuce, roots. Succession sow.

Growth accelerates week by week."
Maryborough,VIC,cool,9a,inland,December,"Summer is milder. Growth steady but cool nights limit heat-lovers. Keep picking.

Start brassica and lettuce seedlings indoors. Direct-sow carrots, beetroot, silverbeet, kale.

Water deeply morning. Mulch heavily."
Melbourne,VIC,cool,9b,coastal,January,"Summer is milder. Growth steady but cool nights limit heat-lovers. Keep picking.

Start brassica and lettuce seedlings indoors. Direct-sow carrots, beetroot, silverbeet, kale.

Water deeply morning. Mulch heavily."
Melbourne,VIC,cool,9b,coastal,February,"Summer is milder. Growth steady but cool nights limit heat-lovers. Keep picking.

Start brassica and lettuce seedlings indoors. Direct-sow carrots, beetroot, silverbeet, kale.

Water deeply morning. Mulch heavily."
Melbourne,VIC,cool,9b,coastal,March,"Autumn transitions fast. Cool nights arrive, autumn crops thrive.

Plant brassicas, lettuce, leeks, onions. Direct-sow roots, peas, spinach, beans. Garlic in April.

Clear summer crops promptly. Empty beds need compost."
Melbourne,VIC,cool,9b,coastal,April,"Autumn transitions fast. Cool nights arrive, autumn crops thrive.

Plant brassicas, lettuce, leeks, onions. Direct-sow roots, peas, spinach, beans. Garlic in April.

Clear summer crops promptly. Empty beds need compost."
Melbourne,VIC,cool,9b,coastal,May,"Autumn transitions fast. Cool nights arrive, autumn crops thrive.

Plant brassicas, lettuce, leeks, onions. Direct-sow roots, peas, spinach, beans. Garlic in April.

Clear summer crops promptly. Empty beds need compost."
Melbourne,VIC,cool,9b,coastal,June,"Winter is cool but manageable. Occasional frosts, not constant.

Winter crops grow steadily. Spinach, kale, peas, beans, brassicas, roots produce regular harvest.

Start spring seedlings by August. Use quiet winter for planning."
Melbourne,VIC,cool,9b,coastal,July,"Winter is cool but manageable. Occasional frosts, not constant.

Winter crops grow steadily. Spinach, kale, peas, beans, brassicas, roots produce regular harvest.

Start spring seedlings by August. Use quiet winter for planning."
Melbourne,VIC,cool,9b,coastal,August,"Winter is cool but manageable. Occasional frosts, not constant.

Winter crops grow steadily. Spinach, kale, peas, beans, brassicas, roots produce regular harvest.

Start spring seedlings by August. Use quiet winter for planning."
Melbourne,VIC,cool,9b,coastal,September,"Spring arrives progressively. Early spring carries frost risk but warmth increases.

Plant tender crops by late October after frost passes. Sow: carrots, lettuce, roots. Succession sow.

Growth accelerates week by week."
Melbourne,VIC,cool,9b,coastal,October,"Spring arrives progressively. Early spring carries frost risk but warmth increases.

Plant tender crops by late October after frost passes. Sow: carrots, lettuce, roots. Succession sow.

Growth accelerates week by week."
Melbourne,VIC,cool,9b,coastal,November,"Spring arrives progressively. Early spring carries frost risk but warmth increases.

Plant tender crops by late October after frost passes. Sow: carrots, lettuce, roots. Succession sow.

Growth accelerates week by week."
Melbourne,VIC,cool,9b,coastal,December,"Summer is milder. Growth steady but cool nights limit heat-lovers. Keep picking.

Start brassica and lettuce seedlings indoors. Direct-sow carrots, beetroot, silverbeet, kale.

Water deeply morning. Mulch heavily."
Melton,VIC,cool,9b,inland,January,"Summer is milder. Growth steady but cool nights limit heat-lovers. Keep picking.

Start brassica and lettuce seedlings indoors. Direct-sow carrots, beetroot, silverbeet, kale.

Water deeply morning. Mulch heavily."
Melton,VIC,cool,9b,inland,February,"Summer is milder. Growth steady but cool nights limit heat-lovers. Keep picking.

Start brassica and lettuce seedlings indoors. Direct-sow carrots, beetroot, silverbeet, kale.

Water deeply morning. Mulch heavily."
Melton,VIC,cool,9b,inland,March,"Autumn transitions fast. Cool nights arrive, autumn crops thrive.

Plant brassicas, lettuce, leeks, onions. Direct-sow roots, peas, spinach, beans. Garlic in April.

Clear summer crops promptly. Empty beds need compost."
Melton,VIC,cool,9b,inland,April,"Autumn transitions fast. Cool nights arrive, autumn crops thrive.

Plant brassicas, lettuce, leeks, onions. Direct-sow roots, peas, spinach, beans. Garlic in April.

Clear summer crops promptly. Empty beds need compost."
Melton,VIC,cool,9b,inland,May,"Autumn transitions fast. Cool nights arrive, autumn crops thrive.

Plant brassicas, lettuce, leeks, onions. Direct-sow roots, peas, spinach, beans. Garlic in April.

Clear summer crops promptly. Empty beds need compost."
Melton,VIC,cool,9b,inland,June,"Winter is cool but manageable. Occasional frosts, not constant.

Winter crops grow steadily. Spinach, kale, peas, beans, brassicas, roots produce regular harvest.

Start spring seedlings by August. Use quiet winter for planning."
Melton,VIC,cool,9b,inland,July,"Winter is cool but manageable. Occasional frosts, not constant.

Winter crops grow steadily. Spinach, kale, peas, beans, brassicas, roots produce regular harvest.

Start spring seedlings by August. Use quiet winter for planning."
Melton,VIC,cool,9b,inland,August,"Winter is cool but manageable. Occasional frosts, not constant.

Winter crops grow steadily. Spinach, kale, peas, beans, brassicas, roots produce regular harvest.

Start spring seedlings by August. Use quiet winter for planning."
Melton,VIC,cool,9b,inland,September,"Spring arrives progressively. Early spring carries frost risk but warmth increases.

Plant tender crops by late October after frost passes. Sow: carrots, lettuce, roots. Succession sow.

Growth accelerates week by week."
Melton,VIC,cool,9b,inland,October,"Spring arrives progressively. Early spring carries frost risk but warmth increases.

Plant tender crops by late October after frost passes. Sow: carrots, lettuce, roots. Succession sow.

Growth accelerates week by week."
Melton,VIC,cool,9b,inland,November,"Spring arrives progressively. Early spring carries frost risk but warmth increases.

Plant tender crops by late October after frost passes. Sow: carrots, lettuce, roots. Succession sow.

Growth accelerates week by week."
Melton,VIC,cool,9b,inland,December,"Summer is milder. Growth steady but cool nights limit heat-lovers. Keep picking.

Start brassica and lettuce seedlings indoors. Direct-sow carrots, beetroot, silverbeet, kale.

Water deeply morning. Mulch heavily."
Mildura,VIC,temperate,10a,arid_inland|inland,January,"Summer production solid. Tomatoes, beans, cucumbers, zucchini, pumpkins grow well with consistent water. Pick regularly.

Sow autumn crops in warm soil: carrots, beets, brassicas, lettuce establish quickly.

Water deeply morning. Mulch moderates temperature."
Mildura,VIC,temperate,10a,arid_inland|inland,February,"Summer production solid. Tomatoes, beans, cucumbers, zucchini, pumpkins grow well with consistent water. Pick regularly.

Sow autumn crops in warm soil: carrots, beets, brassicas, lettuce establish quickly.

Water deeply morning. Mulch moderates temperature."
Mildura,VIC,temperate,10a,arid_inland|inland,March,"Autumn established. Prime time for cool-season crops: brassicas, lettuce, roots, peas, beans.

Plant seedlings and direct-sow freely. Garlic in April. Everything grows steadily as temperatures cool.

Clear summer crops. Empty beds should be mulched."
Mildura,VIC,temperate,10a,arid_inland|inland,April,"Autumn established. Prime time for cool-season crops: brassicas, lettuce, roots, peas, beans.

Plant seedlings and direct-sow freely. Garlic in April. Everything grows steadily as temperatures cool.

Clear summer crops. Empty beds should be mulched."
Mildura,VIC,temperate,10a,arid_inland|inland,May,"Autumn established. Prime time for cool-season crops: brassicas, lettuce, roots, peas, beans.

Plant seedlings and direct-sow freely. Garlic in April. Everything grows steadily as temperatures cool.

Clear summer crops. Empty beds should be mulched."
Mildura,VIC,temperate,10a,arid_inland|inland,June,"Winter is cool to cold. Frosts vary by location.

Winter crops provide steady harvest. Kale, spinach, peas, beans, roots produce. Protect tender plantings.

Start spring seedlings indoors. Prepare beds."
Mildura,VIC,temperate,10a,arid_inland|inland,July,"Winter is cool to cold. Frosts vary by location.

Winter crops provide steady harvest. Kale, spinach, peas, beans, roots produce. Protect tender plantings.

Start spring seedlings indoors. Prepare beds."
Mildura,VIC,temperate,10a,arid_inland|inland,August,"Winter is cool to cold. Frosts vary by location.

Winter crops provide steady harvest. Kale, spinach, peas, beans, roots produce. Protect tender plantings.

Start spring seedlings indoors. Prepare beds."
Mildura,VIC,temperate,10a,arid_inland|inland,September,"Spring arrives progressively. Frost risk decreases but may linger into early October.

Plant tender crops after last frost. Sow: carrots, lettuce, roots, herbs. Succession sow.

Growth accelerates through spring."
Mildura,VIC,temperate,10a,arid_inland|inland,October,"Spring arrives progressively. Frost risk decreases but may linger into early October.

Plant tender crops after last frost. Sow: carrots, lettuce, roots, herbs. Succession sow.

Growth accelerates through spring."
Mildura,VIC,temperate,10a,arid_inland|inland,November,"Spring arrives progressively. Frost risk decreases but may linger into early October.

Plant tender crops after last frost. Sow: carrots, lettuce, roots, herbs. Succession sow.

Growth accelerates through spring."
Mildura,VIC,temperate,10a,arid_inland|inland,December,"Summer production solid. Tomatoes, beans, cucumbers, zucchini, pumpkins grow well with consistent water. Pick regularly.

Sow autumn crops in warm soil: carrots, beets, brassicas, lettuce establish quickly.

Water deeply morning. Mulch moderates temperature."
Moe,VIC,cool,9b,inland,January,"Summer is milder. Growth steady but cool nights limit heat-lovers. Keep picking.

Start brassica and lettuce seedlings indoors. Direct-sow carrots, beetroot, silverbeet, kale.

Water deeply morning. Mulch heavily."
Moe,VIC,cool,9b,inland,February,"Summer is milder. Growth steady but cool nights limit heat-lovers. Keep picking.

Start brassica and lettuce seedlings indoors. Direct-sow carrots, beetroot, silverbeet, kale.

Water deeply morning. Mulch heavily."
Moe,VIC,cool,9b,inland,March,"Autumn transitions fast. Cool nights arrive, autumn crops thrive.

Plant brassicas, lettuce, leeks, onions. Direct-sow roots, peas, spinach, beans. Garlic in April.

Clear summer crops promptly. Empty beds need compost."
Moe,VIC,cool,9b,inland,April,"Autumn transitions fast. Cool nights arrive, autumn crops thrive.

Plant brassicas, lettuce, leeks, onions. Direct-sow roots, peas, spinach, beans. Garlic in April.

Clear summer crops promptly. Empty beds need compost."
Moe,VIC,cool,9b,inland,May,"Autumn transitions fast. Cool nights arrive, autumn crops thrive.

Plant brassicas, lettuce, leeks, onions. Direct-sow roots, peas, spinach, beans. Garlic in April.

Clear summer crops promptly. Empty beds need compost."
Moe,VIC,cool,9b,inland,June,"Winter is cool but manageable. Occasional frosts, not constant.

Winter crops grow steadily. Spinach, kale, peas, beans, brassicas, roots produce regular harvest.

Start spring seedlings by August. Use quiet winter for planning."
Moe,VIC,cool,9b,inland,July,"Winter is cool but manageable. Occasional frosts, not constant.

Winter crops grow steadily. Spinach, kale, peas, beans, brassicas, roots produce regular harvest.

Start spring seedlings by August. Use quiet winter for planning."
Moe,VIC,cool,9b,inland,August,"Winter is cool but manageable. Occasional frosts, not constant.

Winter crops grow steadily. Spinach, kale, peas, beans, brassicas, roots produce regular harvest.

Start spring seedlings by August. Use quiet winter for planning."
Moe,VIC,cool,9b,inland,September,"Spring arrives progressively. Early spring carries frost risk but warmth increases.

Plant tender crops by late October after frost passes. Sow: carrots, lettuce, roots. Succession sow.

Growth accelerates week by week."
Moe,VIC,cool,9b,inland,October,"Spring arrives progressively. Early spring carries frost risk but warmth increases.

Plant tender crops by late October after frost passes. Sow: carrots, lettuce, roots. Succession sow.

Growth accelerates week by week."
Moe,VIC,cool,9b,inland,November,"Spring arrives progressively. Early spring carries frost risk but warmth increases.

Plant tender crops by late October after frost passes. Sow: carrots, lettuce, roots. Succession sow.

Growth accelerates week by week."
Moe,VIC,cool,9b,inland,December,"Summer is milder. Growth steady but cool nights limit heat-lovers. Keep picking.

Start brassica and lettuce seedlings indoors. Direct-sow carrots, beetroot, silverbeet, kale.

Water deeply morning. Mulch heavily."
Mornington,VIC,cool,9b,coastal,January,"Summer is milder. Growth steady but cool nights limit heat-lovers. Keep picking.

Start brassica and lettuce seedlings indoors. Direct-sow carrots, beetroot, silverbeet, kale.

Water deeply morning. Mulch heavily."
Mornington,VIC,cool,9b,coastal,February,"Summer is milder. Growth steady but cool nights limit heat-lovers. Keep picking.

Start brassica and lettuce seedlings indoors. Direct-sow carrots, beetroot, silverbeet, kale.

Water deeply morning. Mulch heavily."
Mornington,VIC,cool,9b,coastal,March,"Autumn transitions fast. Cool nights arrive, autumn crops thrive.

Plant brassicas, lettuce, leeks, onions. Direct-sow roots, peas, spinach, beans. Garlic in April.

Clear summer crops promptly. Empty beds need compost."
Mornington,VIC,cool,9b,coastal,April,"Autumn transitions fast. Cool nights arrive, autumn crops thrive.

Plant brassicas, lettuce, leeks, onions. Direct-sow roots, peas, spinach, beans. Garlic in April.

Clear summer crops promptly. Empty beds need compost."
Mornington,VIC,cool,9b,coastal,May,"Autumn transitions fast. Cool nights arrive, autumn crops thrive.

Plant brassicas, lettuce, leeks, onions. Direct-sow roots, peas, spinach, beans. Garlic in April.

Clear summer crops promptly. Empty beds need compost."
Mornington,VIC,cool,9b,coastal,June,"Winter is cool but manageable. Occasional frosts, not constant.

Winter crops grow steadily. Spinach, kale, peas, beans, brassicas, roots produce regular harvest.

Start spring seedlings by August. Use quiet winter for planning."
Mornington,VIC,cool,9b,coastal,July,"Winter is cool but manageable. Occasional frosts, not constant.

Winter crops grow steadily. Spinach, kale, peas, beans, brassicas, roots produce regular harvest.

Start spring seedlings by August. Use quiet winter for planning."
Mornington,VIC,cool,9b,coastal,August,"Winter is cool but manageable. Occasional frosts, not constant.

Winter crops grow steadily. Spinach, kale, peas, beans, brassicas, roots produce regular harvest.

Start spring seedlings by August. Use quiet winter for planning."
Mornington,VIC,cool,9b,coastal,September,"Spring arrives progressively. Early spring carries frost risk but warmth increases.

Plant tender crops by late October after frost passes. Sow: carrots, lettuce, roots. Succession sow.

Growth accelerates week by week."
Mornington,VIC,cool,9b,coastal,October,"Spring arrives progressively. Early spring carries frost risk but warmth increases.

Plant tender crops by late October after frost passes. Sow: carrots, lettuce, roots. Succession sow.

Growth accelerates week by week."
Mornington,VIC,cool,9b,coastal,November,"Spring arrives progressively. Early spring carries frost risk but warmth increases.

Plant tender crops by late October after frost passes. Sow: carrots, lettuce, roots. Succession sow.

Growth accelerates week by week."
Mornington,VIC,cool,9b,coastal,December,"Summer is milder. Growth steady but cool nights limit heat-lovers. Keep picking.

Start brassica and lettuce seedlings indoors. Direct-sow carrots, beetroot, silverbeet, kale.

Water deeply morning. Mulch heavily."
Portland,VIC,cool,9a,inland,January,"Summer is milder. Growth steady but cool nights limit heat-lovers. Keep picking.

Start brassica and lettuce seedlings indoors. Direct-sow carrots, beetroot, silverbeet, kale.

Water deeply morning. Mulch heavily."
Portland,VIC,cool,9a,inland,February,"Summer is milder. Growth steady but cool nights limit heat-lovers. Keep picking.

Start brassica and lettuce seedlings indoors. Direct-sow carrots, beetroot, silverbeet, kale.

Water deeply morning. Mulch heavily."
Portland,VIC,cool,9a,inland,March,"Autumn transitions fast. Cool nights arrive, autumn crops thrive.

Plant brassicas, lettuce, leeks, onions. Direct-sow roots, peas, spinach, beans. Garlic in April.

Clear summer crops promptly. Empty beds need compost."
Portland,VIC,cool,9a,inland,April,"Autumn transitions fast. Cool nights arrive, autumn crops thrive.

Plant brassicas, lettuce, leeks, onions. Direct-sow roots, peas, spinach, beans. Garlic in April.

Clear summer crops promptly. Empty beds need compost."
Portland,VIC,cool,9a,inland,May,"Autumn transitions fast. Cool nights arrive, autumn crops thrive.

Plant brassicas, lettuce, leeks, onions. Direct-sow roots, peas, spinach, beans. Garlic in April.

Clear summer crops promptly. Empty beds need compost."
Portland,VIC,cool,9a,inland,June,"Winter is cool but manageable. Occasional frosts, not constant.

Winter crops grow steadily. Spinach, kale, peas, beans, brassicas, roots produce regular harvest.

Start spring seedlings by August. Use quiet winter for planning."
Portland,VIC,cool,9a,inland,July,"Winter is cool but manageable. Occasional frosts, not constant.

Winter crops grow steadily. Spinach, kale, peas, beans, brassicas, roots produce regular harvest.

Start spring seedlings by August. Use quiet winter for planning."
Portland,VIC,cool,9a,inland,August,"Winter is cool but manageable. Occasional frosts, not constant.

Winter crops grow steadily. Spinach, kale, peas, beans, brassicas, roots produce regular harvest.

Start spring seedlings by August. Use quiet winter for planning."
Portland,VIC,cool,9a,inland,September,"Spring arrives progressively. Early spring carries frost risk but warmth increases.

Plant tender crops by late October after frost passes. Sow: carrots, lettuce, roots. Succession sow.

Growth accelerates week by week."
Portland,VIC,cool,9a,inland,October,"Spring arrives progressively. Early spring carries frost risk but warmth increases.

Plant tender crops by late October after frost passes. Sow: carrots, lettuce, roots. Succession sow.

Growth accelerates week by week."
Portland,VIC,cool,9a,inland,November,"Spring arrives progressively. Early spring carries frost risk but warmth increases.

Plant tender crops by late October after frost passes. Sow: carrots, lettuce, roots. Succession sow.

Growth accelerates week by week."
Portland,VIC,cool,9a,inland,December,"Summer is milder. Growth steady but cool nights limit heat-lovers. Keep picking.

Start brassica and lettuce seedlings indoors. Direct-sow carrots, beetroot, silverbeet, kale.

Water deeply morning. Mulch heavily."
Prahran,VIC,cool,9b,coastal,January,"Summer is milder. Growth steady but cool nights limit heat-lovers. Keep picking.

Start brassica and lettuce seedlings indoors. Direct-sow carrots, beetroot, silverbeet, kale.

Water deeply morning. Mulch heavily."
Prahran,VIC,cool,9b,coastal,February,"Summer is milder. Growth steady but cool nights limit heat-lovers. Keep picking.

Start brassica and lettuce seedlings indoors. Direct-sow carrots, beetroot, silverbeet, kale.

Water deeply morning. Mulch heavily."
Prahran,VIC,cool,9b,coastal,March,"Autumn transitions fast. Cool nights arrive, autumn crops thrive.

Plant brassicas, lettuce, leeks, onions. Direct-sow roots, peas, spinach, beans. Garlic in April.

Clear summer crops promptly. Empty beds need compost."
Prahran,VIC,cool,9b,coastal,April,"Autumn transitions fast. Cool nights arrive, autumn crops thrive.

Plant brassicas, lettuce, leeks, onions. Direct-sow roots, peas, spinach, beans. Garlic in April.

Clear summer crops promptly. Empty beds need compost."
Prahran,VIC,cool,9b,coastal,May,"Autumn transitions fast. Cool nights arrive, autumn crops thrive.

Plant brassicas, lettuce, leeks, onions. Direct-sow roots, peas, spinach, beans. Garlic in April.

Clear summer crops promptly. Empty beds need compost."
Prahran,VIC,cool,9b,coastal,June,"Winter is cool but manageable. Occasional frosts, not constant.

Winter crops grow steadily. Spinach, kale, peas, beans, brassicas, roots produce regular harvest.

Start spring seedlings by August. Use quiet winter for planning."
Prahran,VIC,cool,9b,coastal,July,"Winter is cool but manageable. Occasional frosts, not constant.

Winter crops grow steadily. Spinach, kale, peas, beans, brassicas, roots produce regular harvest.

Start spring seedlings by August. Use quiet winter for planning."
Prahran,VIC,cool,9b,coastal,August,"Winter is cool but manageable. Occasional frosts, not constant.

Winter crops grow steadily. Spinach, kale, peas, beans, brassicas, roots produce regular harvest.

Start spring seedlings by August. Use quiet winter for planning."
Prahran,VIC,cool,9b,coastal,September,"Spring arrives progressively. Early spring carries frost risk but warmth increases.

Plant tender crops by late October after frost passes. Sow: carrots, lettuce, roots. Succession sow.

Growth accelerates week by week."
Prahran,VIC,cool,9b,coastal,October,"Spring arrives progressively. Early spring carries frost risk but warmth increases.

Plant tender crops by late October after frost passes. Sow: carrots, lettuce, roots. Succession sow.

Growth accelerates week by week."
Prahran,VIC,cool,9b,coastal,November,"Spring arrives progressively. Early spring carries frost risk but warmth increases.

Plant tender crops by late October after frost passes. Sow: carrots, lettuce, roots. Succession sow.

Growth accelerates week by week."
Prahran,VIC,cool,9b,coastal,December,"Summer is milder. Growth steady but cool nights limit heat-lovers. Keep picking.

Start brassica and lettuce seedlings indoors. Direct-sow carrots, beetroot, silverbeet, kale.

Water deeply morning. Mulch heavily."
Preston,VIC,cool,9b,inland,January,"Summer is milder. Growth steady but cool nights limit heat-lovers. Keep picking.

Start brassica and lettuce seedlings indoors. Direct-sow carrots, beetroot, silverbeet, kale.

Water deeply morning. Mulch heavily."
Preston,VIC,cool,9b,inland,February,"Summer is milder. Growth steady but cool nights limit heat-lovers. Keep picking.

Start brassica and lettuce seedlings indoors. Direct-sow carrots, beetroot, silverbeet, kale.

Water deeply morning. Mulch heavily."
Preston,VIC,cool,9b,inland,March,"Autumn transitions fast. Cool nights arrive, autumn crops thrive.

Plant brassicas, lettuce, leeks, onions. Direct-sow roots, peas, spinach, beans. Garlic in April.

Clear summer crops promptly. Empty beds need compost."
Preston,VIC,cool,9b,inland,April,"Autumn transitions fast. Cool nights arrive, autumn crops thrive.

Plant brassicas, lettuce, leeks, onions. Direct-sow roots, peas, spinach, beans. Garlic in April.

Clear summer crops promptly. Empty beds need compost."
Preston,VIC,cool,9b,inland,May,"Autumn transitions fast. Cool nights arrive, autumn crops thrive.

Plant brassicas, lettuce, leeks, onions. Direct-sow roots, peas, spinach, beans. Garlic in April.

Clear summer crops promptly. Empty beds need compost."
Preston,VIC,cool,9b,inland,June,"Winter is cool but manageable. Occasional frosts, not constant.

Winter crops grow steadily. Spinach, kale, peas, beans, brassicas, roots produce regular harvest.

Start spring seedlings by August. Use quiet winter for planning."
Preston,VIC,cool,9b,inland,July,"Winter is cool but manageable. Occasional frosts, not constant.

Winter crops grow steadily. Spinach, kale, peas, beans, brassicas, roots produce regular harvest.

Start spring seedlings by August. Use quiet winter for planning."
Preston,VIC,cool,9b,inland,August,"Winter is cool but manageable. Occasional frosts, not constant.

Winter crops grow steadily. Spinach, kale, peas, beans, brassicas, roots produce regular harvest.

Start spring seedlings by August. Use quiet winter for planning."
Preston,VIC,cool,9b,inland,September,"Spring arrives progressively. Early spring carries frost risk but warmth increases.

Plant tender crops by late October after frost passes. Sow: carrots, lettuce, roots. Succession sow.

Growth accelerates week by week."
Preston,VIC,cool,9b,inland,October,"Spring arrives progressively. Early spring carries frost risk but warmth increases.

Plant tender crops by late October after frost passes. Sow: carrots, lettuce, roots. Succession sow.

Growth accelerates week by week."
Preston,VIC,cool,9b,inland,November,"Spring arrives progressively. Early spring carries frost risk but warmth increases.

Plant tender crops by late October after frost passes. Sow: carrots, lettuce, roots. Succession sow.

Growth accelerates week by week."
Preston,VIC,cool,9b,inland,December,"Summer is milder. Growth steady but cool nights limit heat-lovers. Keep picking.

Start brassica and lettuce seedlings indoors. Direct-sow carrots, beetroot, silverbeet, kale.

Water deeply morning. Mulch heavily."
Reservoir,VIC,cool,9b,inland,January,"Summer is milder. Growth steady but cool nights limit heat-lovers. Keep picking.

Start brassica and lettuce seedlings indoors. Direct-sow carrots, beetroot, silverbeet, kale.

Water deeply morning. Mulch heavily."
Reservoir,VIC,cool,9b,inland,February,"Summer is milder. Growth steady but cool nights limit heat-lovers. Keep picking.

Start brassica and lettuce seedlings indoors. Direct-sow carrots, beetroot, silverbeet, kale.

Water deeply morning. Mulch heavily."
Reservoir,VIC,cool,9b,inland,March,"Autumn transitions fast. Cool nights arrive, autumn crops thrive.

Plant brassicas, lettuce, leeks, onions. Direct-sow roots, peas, spinach, beans. Garlic in April.

Clear summer crops promptly. Empty beds need compost."
Reservoir,VIC,cool,9b,inland,April,"Autumn transitions fast. Cool nights arrive, autumn crops thrive.

Plant brassicas, lettuce, leeks, onions. Direct-sow roots, peas, spinach, beans. Garlic in April.

Clear summer crops promptly. Empty beds need compost."
Reservoir,VIC,cool,9b,inland,May,"Autumn transitions fast. Cool nights arrive, autumn crops thrive.

Plant brassicas, lettuce, leeks, onions. Direct-sow roots, peas, spinach, beans. Garlic in April.

Clear summer crops promptly. Empty beds need compost."
Reservoir,VIC,cool,9b,inland,June,"Winter is cool but manageable. Occasional frosts, not constant.

Winter crops grow steadily. Spinach, kale, peas, beans, brassicas, roots produce regular harvest.

Start spring seedlings by August. Use quiet winter for planning."
Reservoir,VIC,cool,9b,inland,July,"Winter is cool but manageable. Occasional frosts, not constant.

Winter crops grow steadily. Spinach, kale, peas, beans, brassicas, roots produce regular harvest.

Start spring seedlings by August. Use quiet winter for planning."
Reservoir,VIC,cool,9b,inland,August,"Winter is cool but manageable. Occasional frosts, not constant.

Winter crops grow steadily. Spinach, kale, peas, beans, brassicas, roots produce regular harvest.

Start spring seedlings by August. Use quiet winter for planning."
Reservoir,VIC,cool,9b,inland,September,"Spring arrives progressively. Early spring carries frost risk but warmth increases.

Plant tender crops by late October after frost passes. Sow: carrots, lettuce, roots. Succession sow.

Growth accelerates week by week."
Reservoir,VIC,cool,9b,inland,October,"Spring arrives progressively. Early spring carries frost risk but warmth increases.

Plant tender crops by late October after frost passes. Sow: carrots, lettuce, roots. Succession sow.

Growth accelerates week by week."
Reservoir,VIC,cool,9b,inland,November,"Spring arrives progressively. Early spring carries frost risk but warmth increases.

Plant tender crops by late October after frost passes. Sow: carrots, lettuce, roots. Succession sow.

Growth accelerates week by week."
Reservoir,VIC,cool,9b,inland,December,"Summer is milder. Growth steady but cool nights limit heat-lovers. Keep picking.

Start brassica and lettuce seedlings indoors. Direct-sow carrots, beetroot, silverbeet, kale.

Water deeply morning. Mulch heavily."
Richmond,VIC,cool,9b,urban_heat|inland,January,"Summer is milder. Growth steady but cool nights limit heat-lovers. Keep picking.

Start brassica and lettuce seedlings indoors. Direct-sow carrots, beetroot, silverbeet, kale.

Water deeply morning. Mulch heavily."
Richmond,VIC,cool,9b,urban_heat|inland,February,"Summer is milder. Growth steady but cool nights limit heat-lovers. Keep picking.

Start brassica and lettuce seedlings indoors. Direct-sow carrots, beetroot, silverbeet, kale.

Water deeply morning. Mulch heavily."
Richmond,VIC,cool,9b,urban_heat|inland,March,"Autumn transitions fast. Cool nights arrive, autumn crops thrive.

Plant brassicas, lettuce, leeks, onions. Direct-sow roots, peas, spinach, beans. Garlic in April.

Clear summer crops promptly. Empty beds need compost."
Richmond,VIC,cool,9b,urban_heat|inland,April,"Autumn transitions fast. Cool nights arrive, autumn crops thrive.

Plant brassicas, lettuce, leeks, onions. Direct-sow roots, peas, spinach, beans. Garlic in April.

Clear summer crops promptly. Empty beds need compost."
Richmond,VIC,cool,9b,urban_heat|inland,May,"Autumn transitions fast. Cool nights arrive, autumn crops thrive.

Plant brassicas, lettuce, leeks, onions. Direct-sow roots, peas, spinach, beans. Garlic in April.

Clear summer crops promptly. Empty beds need compost."
Richmond,VIC,cool,9b,urban_heat|inland,June,"Winter is cool but manageable. Occasional frosts, not constant.

Winter crops grow steadily. Spinach, kale, peas, beans, brassicas, roots produce regular harvest.

Start spring seedlings by August. Use quiet winter for planning."
Richmond,VIC,cool,9b,urban_heat|inland,July,"Winter is cool but manageable. Occasional frosts, not constant.

Winter crops grow steadily. Spinach, kale, peas, beans, brassicas, roots produce regular harvest.

Start spring seedlings by August. Use quiet winter for planning."
Richmond,VIC,cool,9b,urban_heat|inland,August,"Winter is cool but manageable. Occasional frosts, not constant.

Winter crops grow steadily. Spinach, kale, peas, beans, brassicas, roots produce regular harvest.

Start spring seedlings by August. Use quiet winter for planning."
Richmond,VIC,cool,9b,urban_heat|inland,September,"Spring arrives progressively. Early spring carries frost risk but warmth increases.

Plant tender crops by late October after frost passes. Sow: carrots, lettuce, roots. Succession sow.

Growth accelerates week by week."
Richmond,VIC,cool,9b,urban_heat|inland,October,"Spring arrives progressively. Early spring carries frost risk but warmth increases.

Plant tender crops by late October after frost passes. Sow: carrots, lettuce, roots. Succession sow.

Growth accelerates week by week."
Richmond,VIC,cool,9b,urban_heat|inland,November,"Spring arrives progressively. Early spring carries frost risk but warmth increases.

Plant tender crops by late October after frost passes. Sow: carrots, lettuce, roots. Succession sow.

Growth accelerates week by week."
Richmond,VIC,cool,9b,urban_heat|inland,December,"Summer is milder. Growth steady but cool nights limit heat-lovers. Keep picking.

Start brassica and lettuce seedlings indoors. Direct-sow carrots, beetroot, silverbeet, kale.

Water deeply morning. Mulch heavily."
Ringwood,VIC,cool,9b,inland,January,"Summer is milder. Growth steady but cool nights limit heat-lovers. Keep picking.

Start brassica and lettuce seedlings indoors. Direct-sow carrots, beetroot, silverbeet, kale.

Water deeply morning. Mulch heavily."
Ringwood,VIC,cool,9b,inland,February,"Summer is milder. Growth steady but cool nights limit heat-lovers. Keep picking.

Start brassica and lettuce seedlings indoors. Direct-sow carrots, beetroot, silverbeet, kale.

Water deeply morning. Mulch heavily."
Ringwood,VIC,cool,9b,inland,March,"Autumn transitions fast. Cool nights arrive, autumn crops thrive.

Plant brassicas, lettuce, leeks, onions. Direct-sow roots, peas, spinach, beans. Garlic in April.

Clear summer crops promptly. Empty beds need compost."
Ringwood,VIC,cool,9b,inland,April,"Autumn transitions fast. Cool nights arrive, autumn crops thrive.

Plant brassicas, lettuce, leeks, onions. Direct-sow roots, peas, spinach, beans. Garlic in April.

Clear summer crops promptly. Empty beds need compost."
Ringwood,VIC,cool,9b,inland,May,"Autumn transitions fast. Cool nights arrive, autumn crops thrive.

Plant brassicas, lettuce, leeks, onions. Direct-sow roots, peas, spinach, beans. Garlic in April.

Clear summer crops promptly. Empty beds need compost."
Ringwood,VIC,cool,9b,inland,June,"Winter is cool but manageable. Occasional frosts, not constant.

Winter crops grow steadily. Spinach, kale, peas, beans, brassicas, roots produce regular harvest.

Start spring seedlings by August. Use quiet winter for planning."
Ringwood,VIC,cool,9b,inland,July,"Winter is cool but manageable. Occasional frosts, not constant.

Winter crops grow steadily. Spinach, kale, peas, beans, brassicas, roots produce regular harvest.

Start spring seedlings by August. Use quiet winter for planning."
Ringwood,VIC,cool,9b,inland,August,"Winter is cool but manageable. Occasional frosts, not constant.

Winter crops grow steadily. Spinach, kale, peas, beans, brassicas, roots produce regular harvest.

Start spring seedlings by August. Use quiet winter for planning."
Ringwood,VIC,cool,9b,inland,September,"Spring arrives progressively. Early spring carries frost risk but warmth increases.

Plant tender crops by late October after frost passes. Sow: carrots, lettuce, roots. Succession sow.

Growth accelerates week by week."
Ringwood,VIC,cool,9b,inland,October,"Spring arrives progressively. Early spring carries frost risk but warmth increases.

Plant tender crops by late October after frost passes. Sow: carrots, lettuce, roots. Succession sow.

Growth accelerates week by week."
Ringwood,VIC,cool,9b,inland,November,"Spring arrives progressively. Early spring carries frost risk but warmth increases.

Plant tender crops by late October after frost passes. Sow: carrots, lettuce, roots. Succession sow.

Growth accelerates week by week."
Ringwood,VIC,cool,9b,inland,December,"Summer is milder. Growth steady but cool nights limit heat-lovers. Keep picking.

Start brassica and lettuce seedlings indoors. Direct-sow carrots, beetroot, silverbeet, kale.

Water deeply morning. Mulch heavily."
Rosebud,VIC,cool,9b,inland,January,"Summer is milder. Growth steady but cool nights limit heat-lovers. Keep picking.

Start brassica and lettuce seedlings indoors. Direct-sow carrots, beetroot, silverbeet, kale.

Water deeply morning. Mulch heavily."
Rosebud,VIC,cool,9b,inland,February,"Summer is milder. Growth steady but cool nights limit heat-lovers. Keep picking.

Start brassica and lettuce seedlings indoors. Direct-sow carrots, beetroot, silverbeet, kale.

Water deeply morning. Mulch heavily."
Rosebud,VIC,cool,9b,inland,March,"Autumn transitions fast. Cool nights arrive, autumn crops thrive.

Plant brassicas, lettuce, leeks, onions. Direct-sow roots, peas, spinach, beans. Garlic in April.

Clear summer crops promptly. Empty beds need compost."
Rosebud,VIC,cool,9b,inland,April,"Autumn transitions fast. Cool nights arrive, autumn crops thrive.

Plant brassicas, lettuce, leeks, onions. Direct-sow roots, peas, spinach, beans. Garlic in April.

Clear summer crops promptly. Empty beds need compost."
Rosebud,VIC,cool,9b,inland,May,"Autumn transitions fast. Cool nights arrive, autumn crops thrive.

Plant brassicas, lettuce, leeks, onions. Direct-sow roots, peas, spinach, beans. Garlic in April.

Clear summer crops promptly. Empty beds need compost."
Rosebud,VIC,cool,9b,inland,June,"Winter is cool but manageable. Occasional frosts, not constant.

Winter crops grow steadily. Spinach, kale, peas, beans, brassicas, roots produce regular harvest.

Start spring seedlings by August. Use quiet winter for planning."
Rosebud,VIC,cool,9b,inland,July,"Winter is cool but manageable. Occasional frosts, not constant.

Winter crops grow steadily. Spinach, kale, peas, beans, brassicas, roots produce regular harvest.

Start spring seedlings by August. Use quiet winter for planning."
Rosebud,VIC,cool,9b,inland,August,"Winter is cool but manageable. Occasional frosts, not constant.

Winter crops grow steadily. Spinach, kale, peas, beans, brassicas, roots produce regular harvest.

Start spring seedlings by August. Use quiet winter for planning."
Rosebud,VIC,cool,9b,inland,September,"Spring arrives progressively. Early spring carries frost risk but warmth increases.

Plant tender crops by late October after frost passes. Sow: carrots, lettuce, roots. Succession sow.

Growth accelerates week by week."
Rosebud,VIC,cool,9b,inland,October,"Spring arrives progressively. Early spring carries frost risk but warmth increases.

Plant tender crops by late October after frost passes. Sow: carrots, lettuce, roots. Succession sow.

Growth accelerates week by week."
Rosebud,VIC,cool,9b,inland,November,"Spring arrives progressively. Early spring carries frost risk but warmth increases.

Plant tender crops by late October after frost passes. Sow: carrots, lettuce, roots. Succession sow.

Growth accelerates week by week."
Rosebud,VIC,cool,9b,inland,December,"Summer is milder. Growth steady but cool nights limit heat-lovers. Keep picking.

Start brassica and lettuce seedlings indoors. Direct-sow carrots, beetroot, silverbeet, kale.

Water deeply morning. Mulch heavily."
Sale,VIC,cool,9b,inland,January,"Summer is milder. Growth steady but cool nights limit heat-lovers. Keep picking.

Start brassica and lettuce seedlings indoors. Direct-sow carrots, beetroot, silverbeet, kale.

Water deeply morning. Mulch heavily."
Sale,VIC,cool,9b,inland,February,"Summer is milder. Growth steady but cool nights limit heat-lovers. Keep picking.

Start brassica and lettuce seedlings indoors. Direct-sow carrots, beetroot, silverbeet, kale.

Water deeply morning. Mulch heavily."
Sale,VIC,cool,9b,inland,March,"Autumn transitions fast. Cool nights arrive, autumn crops thrive.

Plant brassicas, lettuce, leeks, onions. Direct-sow roots, peas, spinach, beans. Garlic in April.

Clear summer crops promptly. Empty beds need compost."
Sale,VIC,cool,9b,inland,April,"Autumn transitions fast. Cool nights arrive, autumn crops thrive.

Plant brassicas, lettuce, leeks, onions. Direct-sow roots, peas, spinach, beans. Garlic in April.

Clear summer crops promptly. Empty beds need compost."
Sale,VIC,cool,9b,inland,May,"Autumn transitions fast. Cool nights arrive, autumn crops thrive.

Plant brassicas, lettuce, leeks, onions. Direct-sow roots, peas, spinach, beans. Garlic in April.

Clear summer crops promptly. Empty beds need compost."
Sale,VIC,cool,9b,inland,June,"Winter is cool but manageable. Occasional frosts, not constant.

Winter crops grow steadily. Spinach, kale, peas, beans, brassicas, roots produce regular harvest.

Start spring seedlings by August. Use quiet winter for planning."
Sale,VIC,cool,9b,inland,July,"Winter is cool but manageable. Occasional frosts, not constant.

Winter crops grow steadily. Spinach, kale, peas, beans, brassicas, roots produce regular harvest.

Start spring seedlings by August. Use quiet winter for planning."
Sale,VIC,cool,9b,inland,August,"Winter is cool but manageable. Occasional frosts, not constant.

Winter crops grow steadily. Spinach, kale, peas, beans, brassicas, roots produce regular harvest.

Start spring seedlings by August. Use quiet winter for planning."
Sale,VIC,cool,9b,inland,September,"Spring arrives progressively. Early spring carries frost risk but warmth increases.

Plant tender crops by late October after frost passes. Sow: carrots, lettuce, roots. Succession sow.

Growth accelerates week by week."
Sale,VIC,cool,9b,inland,October,"Spring arrives progressively. Early spring carries frost risk but warmth increases.

Plant tender crops by late October after frost passes. Sow: carrots, lettuce, roots. Succession sow.

Growth accelerates week by week."
Sale,VIC,cool,9b,inland,November,"Spring arrives progressively. Early spring carries frost risk but warmth increases.

Plant tender crops by late October after frost passes. Sow: carrots, lettuce, roots. Succession sow.

Growth accelerates week by week."
Sale,VIC,cool,9b,inland,December,"Summer is milder. Growth steady but cool nights limit heat-lovers. Keep picking.

Start brassica and lettuce seedlings indoors. Direct-sow carrots, beetroot, silverbeet, kale.

Water deeply morning. Mulch heavily."
Seymour,VIC,cool,9b,inland,January,"Summer is milder. Growth steady but cool nights limit heat-lovers. Keep picking.

Start brassica and lettuce seedlings indoors. Direct-sow carrots, beetroot, silverbeet, kale.

Water deeply morning. Mulch heavily."
Seymour,VIC,cool,9b,inland,February,"Summer is milder. Growth steady but cool nights limit heat-lovers. Keep picking.

Start brassica and lettuce seedlings indoors. Direct-sow carrots, beetroot, silverbeet, kale.

Water deeply morning. Mulch heavily."
Seymour,VIC,cool,9b,inland,March,"Autumn transitions fast. Cool nights arrive, autumn crops thrive.

Plant brassicas, lettuce, leeks, onions. Direct-sow roots, peas, spinach, beans. Garlic in April.

Clear summer crops promptly. Empty beds need compost."
Seymour,VIC,cool,9b,inland,April,"Autumn transitions fast. Cool nights arrive, autumn crops thrive.

Plant brassicas, lettuce, leeks, onions. Direct-sow roots, peas, spinach, beans. Garlic in April.

Clear summer crops promptly. Empty beds need compost."
Seymour,VIC,cool,9b,inland,May,"Autumn transitions fast. Cool nights arrive, autumn crops thrive.

Plant brassicas, lettuce, leeks, onions. Direct-sow roots, peas, spinach, beans. Garlic in April.

Clear summer crops promptly. Empty beds need compost."
Seymour,VIC,cool,9b,inland,June,"Winter is cool but manageable. Occasional frosts, not constant.

Winter crops grow steadily. Spinach, kale, peas, beans, brassicas, roots produce regular harvest.

Start spring seedlings by August. Use quiet winter for planning."
Seymour,VIC,cool,9b,inland,July,"Winter is cool but manageable. Occasional frosts, not constant.

Winter crops grow steadily. Spinach, kale, peas, beans, brassicas, roots produce regular harvest.

Start spring seedlings by August. Use quiet winter for planning."
Seymour,VIC,cool,9b,inland,August,"Winter is cool but manageable. Occasional frosts, not constant.

Winter crops grow steadily. Spinach, kale, peas, beans, brassicas, roots produce regular harvest.

Start spring seedlings by August. Use quiet winter for planning."
Seymour,VIC,cool,9b,inland,September,"Spring arrives progressively. Early spring carries frost risk but warmth increases.

Plant tender crops by late October after frost passes. Sow: carrots, lettuce, roots. Succession sow.

Growth accelerates week by week."
Seymour,VIC,cool,9b,inland,October,"Spring arrives progressively. Early spring carries frost risk but warmth increases.

Plant tender crops by late October after frost passes. Sow: carrots, lettuce, roots. Succession sow.

Growth accelerates week by week."
Seymour,VIC,cool,9b,inland,November,"Spring arrives progressively. Early spring carries frost risk but warmth increases.

Plant tender crops by late October after frost passes. Sow: carrots, lettuce, roots. Succession sow.

Growth accelerates week by week."
Seymour,VIC,cool,9b,inland,December,"Summer is milder. Growth steady but cool nights limit heat-lovers. Keep picking.

Start brassica and lettuce seedlings indoors. Direct-sow carrots, beetroot, silverbeet, kale.

Water deeply morning. Mulch heavily."
Shepparton,VIC,cool,9b,inland,January,"Summer is milder. Growth steady but cool nights limit heat-lovers. Keep picking.

Start brassica and lettuce seedlings indoors. Direct-sow carrots, beetroot, silverbeet, kale.

Water deeply morning. Mulch heavily."
Shepparton,VIC,cool,9b,inland,February,"Summer is milder. Growth steady but cool nights limit heat-lovers. Keep picking.

Start brassica and lettuce seedlings indoors. Direct-sow carrots, beetroot, silverbeet, kale.

Water deeply morning. Mulch heavily."
Shepparton,VIC,cool,9b,inland,March,"Autumn transitions fast. Cool nights arrive, autumn crops thrive.

Plant brassicas, lettuce, leeks, onions. Direct-sow roots, peas, spinach, beans. Garlic in April.

Clear summer crops promptly. Empty beds need compost."
Shepparton,VIC,cool,9b,inland,April,"Autumn transitions fast. Cool nights arrive, autumn crops thrive.

Plant brassicas, lettuce, leeks, onions. Direct-sow roots, peas, spinach, beans. Garlic in April.

Clear summer crops promptly. Empty beds need compost."
Shepparton,VIC,cool,9b,inland,May,"Autumn transitions fast. Cool nights arrive, autumn crops thrive.

Plant brassicas, lettuce, leeks, onions. Direct-sow roots, peas, spinach, beans. Garlic in April.

Clear summer crops promptly. Empty beds need compost."
Shepparton,VIC,cool,9b,inland,June,"Winter is cool but manageable. Occasional frosts, not constant.

Winter crops grow steadily. Spinach, kale, peas, beans, brassicas, roots produce regular harvest.

Start spring seedlings by August. Use quiet winter for planning."
Shepparton,VIC,cool,9b,inland,July,"Winter is cool but manageable. Occasional frosts, not constant.

Winter crops grow steadily. Spinach, kale, peas, beans, brassicas, roots produce regular harvest.

Start spring seedlings by August. Use quiet winter for planning."
Shepparton,VIC,cool,9b,inland,August,"Winter is cool but manageable. Occasional frosts, not constant.

Winter crops grow steadily. Spinach, kale, peas, beans, brassicas, roots produce regular harvest.

Start spring seedlings by August. Use quiet winter for planning."
Shepparton,VIC,cool,9b,inland,September,"Spring arrives progressively. Early spring carries frost risk but warmth increases.

Plant tender crops by late October after frost passes. Sow: carrots, lettuce, roots. Succession sow.

Growth accelerates week by week."
Shepparton,VIC,cool,9b,inland,October,"Spring arrives progressively. Early spring carries frost risk but warmth increases.

Plant tender crops by late October after frost passes. Sow: carrots, lettuce, roots. Succession sow.

Growth accelerates week by week."
Shepparton,VIC,cool,9b,inland,November,"Spring arrives progressively. Early spring carries frost risk but warmth increases.

Plant tender crops by late October after frost passes. Sow: carrots, lettuce, roots. Succession sow.

Growth accelerates week by week."
Shepparton,VIC,cool,9b,inland,December,"Summer is milder. Growth steady but cool nights limit heat-lovers. Keep picking.

Start brassica and lettuce seedlings indoors. Direct-sow carrots, beetroot, silverbeet, kale.

Water deeply morning. Mulch heavily."
South Yarra,VIC,cool,9b,coastal,January,"Summer is milder. Growth steady but cool nights limit heat-lovers. Keep picking.

Start brassica and lettuce seedlings indoors. Direct-sow carrots, beetroot, silverbeet, kale.

Water deeply morning. Mulch heavily."
South Yarra,VIC,cool,9b,coastal,February,"Summer is milder. Growth steady but cool nights limit heat-lovers. Keep picking.

Start brassica and lettuce seedlings indoors. Direct-sow carrots, beetroot, silverbeet, kale.

Water deeply morning. Mulch heavily."
South Yarra,VIC,cool,9b,coastal,March,"Autumn transitions fast. Cool nights arrive, autumn crops thrive.

Plant brassicas, lettuce, leeks, onions. Direct-sow roots, peas, spinach, beans. Garlic in April.

Clear summer crops promptly. Empty beds need compost."
South Yarra,VIC,cool,9b,coastal,April,"Autumn transitions fast. Cool nights arrive, autumn crops thrive.

Plant brassicas, lettuce, leeks, onions. Direct-sow roots, peas, spinach, beans. Garlic in April.

Clear summer crops promptly. Empty beds need compost."
South Yarra,VIC,cool,9b,coastal,May,"Autumn transitions fast. Cool nights arrive, autumn crops thrive.

Plant brassicas, lettuce, leeks, onions. Direct-sow roots, peas, spinach, beans. Garlic in April.

Clear summer crops promptly. Empty beds need compost."
South Yarra,VIC,cool,9b,coastal,June,"Winter is cool but manageable. Occasional frosts, not constant.

Winter crops grow steadily. Spinach, kale, peas, beans, brassicas, roots produce regular harvest.

Start spring seedlings by August. Use quiet winter for planning."
South Yarra,VIC,cool,9b,coastal,July,"Winter is cool but manageable. Occasional frosts, not constant.

Winter crops grow steadily. Spinach, kale, peas, beans, brassicas, roots produce regular harvest.

Start spring seedlings by August. Use quiet winter for planning."
South Yarra,VIC,cool,9b,coastal,August,"Winter is cool but manageable. Occasional frosts, not constant.

Winter crops grow steadily. Spinach, kale, peas, beans, brassicas, roots produce regular harvest.

Start spring seedlings by August. Use quiet winter for planning."
South Yarra,VIC,cool,9b,coastal,September,"Spring arrives progressively. Early spring carries frost risk but warmth increases.

Plant tender crops by late October after frost passes. Sow: carrots, lettuce, roots. Succession sow.

Growth accelerates week by week."
South Yarra,VIC,cool,9b,coastal,October,"Spring arrives progressively. Early spring carries frost risk but warmth increases.

Plant tender crops by late October after frost passes. Sow: carrots, lettuce, roots. Succession sow.

Growth accelerates week by week."
South Yarra,VIC,cool,9b,coastal,November,"Spring arrives progressively. Early spring carries frost risk but warmth increases.

Plant tender crops by late October after frost passes. Sow: carrots, lettuce, roots. Succession sow.

Growth accelerates week by week."
South Yarra,VIC,cool,9b,coastal,December,"Summer is milder. Growth steady but cool nights limit heat-lovers. Keep picking.

Start brassica and lettuce seedlings indoors. Direct-sow carrots, beetroot, silverbeet, kale.

Water deeply morning. Mulch heavily."
St Kilda,VIC,cool,9b,coastal,January,"Summer is milder. Growth steady but cool nights limit heat-lovers. Keep picking.

Start brassica and lettuce seedlings indoors. Direct-sow carrots, beetroot, silverbeet, kale.

Water deeply morning. Mulch heavily."
St Kilda,VIC,cool,9b,coastal,February,"Summer is milder. Growth steady but cool nights limit heat-lovers. Keep picking.

Start brassica and lettuce seedlings indoors. Direct-sow carrots, beetroot, silverbeet, kale.

Water deeply morning. Mulch heavily."
St Kilda,VIC,cool,9b,coastal,March,"Autumn transitions fast. Cool nights arrive, autumn crops thrive.

Plant brassicas, lettuce, leeks, onions. Direct-sow roots, peas, spinach, beans. Garlic in April.

Clear summer crops promptly. Empty beds need compost."
St Kilda,VIC,cool,9b,coastal,April,"Autumn transitions fast. Cool nights arrive, autumn crops thrive.

Plant brassicas, lettuce, leeks, onions. Direct-sow roots, peas, spinach, beans. Garlic in April.

Clear summer crops promptly. Empty beds need compost."
St Kilda,VIC,cool,9b,coastal,May,"Autumn transitions fast. Cool nights arrive, autumn crops thrive.

Plant brassicas, lettuce, leeks, onions. Direct-sow roots, peas, spinach, beans. Garlic in April.

Clear summer crops promptly. Empty beds need compost."
St Kilda,VIC,cool,9b,coastal,June,"Winter is cool but manageable. Occasional frosts, not constant.

Winter crops grow steadily. Spinach, kale, peas, beans, brassicas, roots produce regular harvest.

Start spring seedlings by August. Use quiet winter for planning."
St Kilda,VIC,cool,9b,coastal,July,"Winter is cool but manageable. Occasional frosts, not constant.

Winter crops grow steadily. Spinach, kale, peas, beans, brassicas, roots produce regular harvest.

Start spring seedlings by August. Use quiet winter for planning."
St Kilda,VIC,cool,9b,coastal,August,"Winter is cool but manageable. Occasional frosts, not constant.

Winter crops grow steadily. Spinach, kale, peas, beans, brassicas, roots produce regular harvest.

Start spring seedlings by August. Use quiet winter for planning."
St Kilda,VIC,cool,9b,coastal,September,"Spring arrives progressively. Early spring carries frost risk but warmth increases.

Plant tender crops by late October after frost passes. Sow: carrots, lettuce, roots. Succession sow.

Growth accelerates week by week."
St Kilda,VIC,cool,9b,coastal,October,"Spring arrives progressively. Early spring carries frost risk but warmth increases.

Plant tender crops by late October after frost passes. Sow: carrots, lettuce, roots. Succession sow.

Growth accelerates week by week."
St Kilda,VIC,cool,9b,coastal,November,"Spring arrives progressively. Early spring carries frost risk but warmth increases.

Plant tender crops by late October after frost passes. Sow: carrots, lettuce, roots. Succession sow.

Growth accelerates week by week."
St Kilda,VIC,cool,9b,coastal,December,"Summer is milder. Growth steady but cool nights limit heat-lovers. Keep picking.

Start brassica and lettuce seedlings indoors. Direct-sow carrots, beetroot, silverbeet, kale.

Water deeply morning. Mulch heavily."
St Kilda East,VIC,cool,9b,coastal,January,"Summer is milder. Growth steady but cool nights limit heat-lovers. Keep picking.

Start brassica and lettuce seedlings indoors. Direct-sow carrots, beetroot, silverbeet, kale.

Water deeply morning. Mulch heavily."
St Kilda East,VIC,cool,9b,coastal,February,"Summer is milder. Growth steady but cool nights limit heat-lovers. Keep picking.

Start brassica and lettuce seedlings indoors. Direct-sow carrots, beetroot, silverbeet, kale.

Water deeply morning. Mulch heavily."
St Kilda East,VIC,cool,9b,coastal,March,"Autumn transitions fast. Cool nights arrive, autumn crops thrive.

Plant brassicas, lettuce, leeks, onions. Direct-sow roots, peas, spinach, beans. Garlic in April.

Clear summer crops promptly. Empty beds need compost."
St Kilda East,VIC,cool,9b,coastal,April,"Autumn transitions fast. Cool nights arrive, autumn crops thrive.

Plant brassicas, lettuce, leeks, onions. Direct-sow roots, peas, spinach, beans. Garlic in April.

Clear summer crops promptly. Empty beds need compost."
St Kilda East,VIC,cool,9b,coastal,May,"Autumn transitions fast. Cool nights arrive, autumn crops thrive.

Plant brassicas, lettuce, leeks, onions. Direct-sow roots, peas, spinach, beans. Garlic in April.

Clear summer crops promptly. Empty beds need compost."
St Kilda East,VIC,cool,9b,coastal,June,"Winter is cool but manageable. Occasional frosts, not constant.

Winter crops grow steadily. Spinach, kale, peas, beans, brassicas, roots produce regular harvest.

Start spring seedlings by August. Use quiet winter for planning."
St Kilda East,VIC,cool,9b,coastal,July,"Winter is cool but manageable. Occasional frosts, not constant.

Winter crops grow steadily. Spinach, kale, peas, beans, brassicas, roots produce regular harvest.

Start spring seedlings by August. Use quiet winter for planning."
St Kilda East,VIC,cool,9b,coastal,August,"Winter is cool but manageable. Occasional frosts, not constant.

Winter crops grow steadily. Spinach, kale, peas, beans, brassicas, roots produce regular harvest.

Start spring seedlings by August. Use quiet winter for planning."
St Kilda East,VIC,cool,9b,coastal,September,"Spring arrives progressively. Early spring carries frost risk but warmth increases.

Plant tender crops by late October after frost passes. Sow: carrots, lettuce, roots. Succession sow.

Growth accelerates week by week."
St Kilda East,VIC,cool,9b,coastal,October,"Spring arrives progressively. Early spring carries frost risk but warmth increases.

Plant tender crops by late October after frost passes. Sow: carrots, lettuce, roots. Succession sow.

Growth accelerates week by week."
St Kilda East,VIC,cool,9b,coastal,November,"Spring arrives progressively. Early spring carries frost risk but warmth increases.

Plant tender crops by late October after frost passes. Sow: carrots, lettuce, roots. Succession sow.

Growth accelerates week by week."
St Kilda East,VIC,cool,9b,coastal,December,"Summer is milder. Growth steady but cool nights limit heat-lovers. Keep picking.

Start brassica and lettuce seedlings indoors. Direct-sow carrots, beetroot, silverbeet, kale.

Water deeply morning. Mulch heavily."
Stawell,VIC,cool,9a,inland,January,"Summer is milder. Growth steady but cool nights limit heat-lovers. Keep picking.

Start brassica and lettuce seedlings indoors. Direct-sow carrots, beetroot, silverbeet, kale.

Water deeply morning. Mulch heavily."
Stawell,VIC,cool,9a,inland,February,"Summer is milder. Growth steady but cool nights limit heat-lovers. Keep picking.

Start brassica and lettuce seedlings indoors. Direct-sow carrots, beetroot, silverbeet, kale.

Water deeply morning. Mulch heavily."
Stawell,VIC,cool,9a,inland,March,"Autumn transitions fast. Cool nights arrive, autumn crops thrive.

Plant brassicas, lettuce, leeks, onions. Direct-sow roots, peas, spinach, beans. Garlic in April.

Clear summer crops promptly. Empty beds need compost."
Stawell,VIC,cool,9a,inland,April,"Autumn transitions fast. Cool nights arrive, autumn crops thrive.

Plant brassicas, lettuce, leeks, onions. Direct-sow roots, peas, spinach, beans. Garlic in April.

Clear summer crops promptly. Empty beds need compost."
Stawell,VIC,cool,9a,inland,May,"Autumn transitions fast. Cool nights arrive, autumn crops thrive.

Plant brassicas, lettuce, leeks, onions. Direct-sow roots, peas, spinach, beans. Garlic in April.

Clear summer crops promptly. Empty beds need compost."
Stawell,VIC,cool,9a,inland,June,"Winter is cool but manageable. Occasional frosts, not constant.

Winter crops grow steadily. Spinach, kale, peas, beans, brassicas, roots produce regular harvest.

Start spring seedlings by August. Use quiet winter for planning."
Stawell,VIC,cool,9a,inland,July,"Winter is cool but manageable. Occasional frosts, not constant.

Winter crops grow steadily. Spinach, kale, peas, beans, brassicas, roots produce regular harvest.

Start spring seedlings by August. Use quiet winter for planning."
Stawell,VIC,cool,9a,inland,August,"Winter is cool but manageable. Occasional frosts, not constant.

Winter crops grow steadily. Spinach, kale, peas, beans, brassicas, roots produce regular harvest.

Start spring seedlings by August. Use quiet winter for planning."
Stawell,VIC,cool,9a,inland,September,"Spring arrives progressively. Early spring carries frost risk but warmth increases.

Plant tender crops by late October after frost passes. Sow: carrots, lettuce, roots. Succession sow.

Growth accelerates week by week."
Stawell,VIC,cool,9a,inland,October,"Spring arrives progressively. Early spring carries frost risk but warmth increases.

Plant tender crops by late October after frost passes. Sow: carrots, lettuce, roots. Succession sow.

Growth accelerates week by week."
Stawell,VIC,cool,9a,inland,November,"Spring arrives progressively. Early spring carries frost risk but warmth increases.

Plant tender crops by late October after frost passes. Sow: carrots, lettuce, roots. Succession sow.

Growth accelerates week by week."
Stawell,VIC,cool,9a,inland,December,"Summer is milder. Growth steady but cool nights limit heat-lovers. Keep picking.

Start brassica and lettuce seedlings indoors. Direct-sow carrots, beetroot, silverbeet, kale.

Water deeply morning. Mulch heavily."
Sunbury,VIC,cool,9b,inland,January,"Summer is milder. Growth steady but cool nights limit heat-lovers. Keep picking.

Start brassica and lettuce seedlings indoors. Direct-sow carrots, beetroot, silverbeet, kale.

Water deeply morning. Mulch heavily."
Sunbury,VIC,cool,9b,inland,February,"Summer is milder. Growth steady but cool nights limit heat-lovers. Keep picking.

Start brassica and lettuce seedlings indoors. Direct-sow carrots, beetroot, silverbeet, kale.

Water deeply morning. Mulch heavily."
Sunbury,VIC,cool,9b,inland,March,"Autumn transitions fast. Cool nights arrive, autumn crops thrive.

Plant brassicas, lettuce, leeks, onions. Direct-sow roots, peas, spinach, beans. Garlic in April.

Clear summer crops promptly. Empty beds need compost."
Sunbury,VIC,cool,9b,inland,April,"Autumn transitions fast. Cool nights arrive, autumn crops thrive.

Plant brassicas, lettuce, leeks, onions. Direct-sow roots, peas, spinach, beans. Garlic in April.

Clear summer crops promptly. Empty beds need compost."
Sunbury,VIC,cool,9b,inland,May,"Autumn transitions fast. Cool nights arrive, autumn crops thrive.

Plant brassicas, lettuce, leeks, onions. Direct-sow roots, peas, spinach, beans. Garlic in April.

Clear summer crops promptly. Empty beds need compost."
Sunbury,VIC,cool,9b,inland,June,"Winter is cool but manageable. Occasional frosts, not constant.

Winter crops grow steadily. Spinach, kale, peas, beans, brassicas, roots produce regular harvest.

Start spring seedlings by August. Use quiet winter for planning."
Sunbury,VIC,cool,9b,inland,July,"Winter is cool but manageable. Occasional frosts, not constant.

Winter crops grow steadily. Spinach, kale, peas, beans, brassicas, roots produce regular harvest.

Start spring seedlings by August. Use quiet winter for planning."
Sunbury,VIC,cool,9b,inland,August,"Winter is cool but manageable. Occasional frosts, not constant.

Winter crops grow steadily. Spinach, kale, peas, beans, brassicas, roots produce regular harvest.

Start spring seedlings by August. Use quiet winter for planning."
Sunbury,VIC,cool,9b,inland,September,"Spring arrives progressively. Early spring carries frost risk but warmth increases.

Plant tender crops by late October after frost passes. Sow: carrots, lettuce, roots. Succession sow.

Growth accelerates week by week."
Sunbury,VIC,cool,9b,inland,October,"Spring arrives progressively. Early spring carries frost risk but warmth increases.

Plant tender crops by late October after frost passes. Sow: carrots, lettuce, roots. Succession sow.

Growth accelerates week by week."
Sunbury,VIC,cool,9b,inland,November,"Spring arrives progressively. Early spring carries frost risk but warmth increases.

Plant tender crops by late October after frost passes. Sow: carrots, lettuce, roots. Succession sow.

Growth accelerates week by week."
Sunbury,VIC,cool,9b,inland,December,"Summer is milder. Growth steady but cool nights limit heat-lovers. Keep picking.

Start brassica and lettuce seedlings indoors. Direct-sow carrots, beetroot, silverbeet, kale.

Water deeply morning. Mulch heavily."
Sunshine,VIC,cool,9b,inland,January,"Summer is milder. Growth steady but cool nights limit heat-lovers. Keep picking.

Start brassica and lettuce seedlings indoors. Direct-sow carrots, beetroot, silverbeet, kale.

Water deeply morning. Mulch heavily."
Sunshine,VIC,cool,9b,inland,February,"Summer is milder. Growth steady but cool nights limit heat-lovers. Keep picking.

Start brassica and lettuce seedlings indoors. Direct-sow carrots, beetroot, silverbeet, kale.

Water deeply morning. Mulch heavily."
Sunshine,VIC,cool,9b,inland,March,"Autumn transitions fast. Cool nights arrive, autumn crops thrive.

Plant brassicas, lettuce, leeks, onions. Direct-sow roots, peas, spinach, beans. Garlic in April.

Clear summer crops promptly. Empty beds need compost."
Sunshine,VIC,cool,9b,inland,April,"Autumn transitions fast. Cool nights arrive, autumn crops thrive.

Plant brassicas, lettuce, leeks, onions. Direct-sow roots, peas, spinach, beans. Garlic in April.

Clear summer crops promptly. Empty beds need compost."
Sunshine,VIC,cool,9b,inland,May,"Autumn transitions fast. Cool nights arrive, autumn crops thrive.

Plant brassicas, lettuce, leeks, onions. Direct-sow roots, peas, spinach, beans. Garlic in April.

Clear summer crops promptly. Empty beds need compost."
Sunshine,VIC,cool,9b,inland,June,"Winter is cool but manageable. Occasional frosts, not constant.

Winter crops grow steadily. Spinach, kale, peas, beans, brassicas, roots produce regular harvest.

Start spring seedlings by August. Use quiet winter for planning."
Sunshine,VIC,cool,9b,inland,July,"Winter is cool but manageable. Occasional frosts, not constant.

Winter crops grow steadily. Spinach, kale, peas, beans, brassicas, roots produce regular harvest.

Start spring seedlings by August. Use quiet winter for planning."
Sunshine,VIC,cool,9b,inland,August,"Winter is cool but manageable. Occasional frosts, not constant.

Winter crops grow steadily. Spinach, kale, peas, beans, brassicas, roots produce regular harvest.

Start spring seedlings by August. Use quiet winter for planning."
Sunshine,VIC,cool,9b,inland,September,"Spring arrives progressively. Early spring carries frost risk but warmth increases.

Plant tender crops by late October after frost passes. Sow: carrots, lettuce, roots. Succession sow.

Growth accelerates week by week."
Sunshine,VIC,cool,9b,inland,October,"Spring arrives progressively. Early spring carries frost risk but warmth increases.

Plant tender crops by late October after frost passes. Sow: carrots, lettuce, roots. Succession sow.

Growth accelerates week by week."
Sunshine,VIC,cool,9b,inland,November,"Spring arrives progressively. Early spring carries frost risk but warmth increases.

Plant tender crops by late October after frost passes. Sow: carrots, lettuce, roots. Succession sow.

Growth accelerates week by week."
Sunshine,VIC,cool,9b,inland,December,"Summer is milder. Growth steady but cool nights limit heat-lovers. Keep picking.

Start brassica and lettuce seedlings indoors. Direct-sow carrots, beetroot, silverbeet, kale.

Water deeply morning. Mulch heavily."
Swan Hill,VIC,temperate,10a,inland,January,"Summer production solid. Tomatoes, beans, cucumbers, zucchini, pumpkins grow well with consistent water. Pick regularly.

Sow autumn crops in warm soil: carrots, beets, brassicas, lettuce establish quickly.

Water deeply morning. Mulch moderates temperature."
Swan Hill,VIC,temperate,10a,inland,February,"Summer production solid. Tomatoes, beans, cucumbers, zucchini, pumpkins grow well with consistent water. Pick regularly.

Sow autumn crops in warm soil: carrots, beets, brassicas, lettuce establish quickly.

Water deeply morning. Mulch moderates temperature."
Swan Hill,VIC,temperate,10a,inland,March,"Autumn established. Prime time for cool-season crops: brassicas, lettuce, roots, peas, beans.

Plant seedlings and direct-sow freely. Garlic in April. Everything grows steadily as temperatures cool.

Clear summer crops. Empty beds should be mulched."
Swan Hill,VIC,temperate,10a,inland,April,"Autumn established. Prime time for cool-season crops: brassicas, lettuce, roots, peas, beans.

Plant seedlings and direct-sow freely. Garlic in April. Everything grows steadily as temperatures cool.

Clear summer crops. Empty beds should be mulched."
Swan Hill,VIC,temperate,10a,inland,May,"Autumn established. Prime time for cool-season crops: brassicas, lettuce, roots, peas, beans.

Plant seedlings and direct-sow freely. Garlic in April. Everything grows steadily as temperatures cool.

Clear summer crops. Empty beds should be mulched."
Swan Hill,VIC,temperate,10a,inland,June,"Winter is cool to cold. Frosts vary by location.

Winter crops provide steady harvest. Kale, spinach, peas, beans, roots produce. Protect tender plantings.

Start spring seedlings indoors. Prepare beds."
Swan Hill,VIC,temperate,10a,inland,July,"Winter is cool to cold. Frosts vary by location.

Winter crops provide steady harvest. Kale, spinach, peas, beans, roots produce. Protect tender plantings.

Start spring seedlings indoors. Prepare beds."
Swan Hill,VIC,temperate,10a,inland,August,"Winter is cool to cold. Frosts vary by location.

Winter crops provide steady harvest. Kale, spinach, peas, beans, roots produce. Protect tender plantings.

Start spring seedlings indoors. Prepare beds."
Swan Hill,VIC,temperate,10a,inland,September,"Spring arrives progressively. Frost risk decreases but may linger into early October.

Plant tender crops after last frost. Sow: carrots, lettuce, roots, herbs. Succession sow.

Growth accelerates through spring."
Swan Hill,VIC,temperate,10a,inland,October,"Spring arrives progressively. Frost risk decreases but may linger into early October.

Plant tender crops after last frost. Sow: carrots, lettuce, roots, herbs. Succession sow.

Growth accelerates through spring."
Swan Hill,VIC,temperate,10a,inland,November,"Spring arrives progressively. Frost risk decreases but may linger into early October.

Plant tender crops after last frost. Sow: carrots, lettuce, roots, herbs. Succession sow.

Growth accelerates through spring."
Swan Hill,VIC,temperate,10a,inland,December,"Summer production solid. Tomatoes, beans, cucumbers, zucchini, pumpkins grow well with consistent water. Pick regularly.

Sow autumn crops in warm soil: carrots, beets, brassicas, lettuce establish quickly.

Water deeply morning. Mulch moderates temperature."
Traralgon,VIC,cool,9b,inland,January,"Summer is milder. Growth steady but cool nights limit heat-lovers. Keep picking.

Start brassica and lettuce seedlings indoors. Direct-sow carrots, beetroot, silverbeet, kale.

Water deeply morning. Mulch heavily."
Traralgon,VIC,cool,9b,inland,February,"Summer is milder. Growth steady but cool nights limit heat-lovers. Keep picking.

Start brassica and lettuce seedlings indoors. Direct-sow carrots, beetroot, silverbeet, kale.

Water deeply morning. Mulch heavily."
Traralgon,VIC,cool,9b,inland,March,"Autumn transitions fast. Cool nights arrive, autumn crops thrive.

Plant brassicas, lettuce, leeks, onions. Direct-sow roots, peas, spinach, beans. Garlic in April.

Clear summer crops promptly. Empty beds need compost."
Traralgon,VIC,cool,9b,inland,April,"Autumn transitions fast. Cool nights arrive, autumn crops thrive.

Plant brassicas, lettuce, leeks, onions. Direct-sow roots, peas, spinach, beans. Garlic in April.

Clear summer crops promptly. Empty beds need compost."
Traralgon,VIC,cool,9b,inland,May,"Autumn transitions fast. Cool nights arrive, autumn crops thrive.

Plant brassicas, lettuce, leeks, onions. Direct-sow roots, peas, spinach, beans. Garlic in April.

Clear summer crops promptly. Empty beds need compost."
Traralgon,VIC,cool,9b,inland,June,"Winter is cool but manageable. Occasional frosts, not constant.

Winter crops grow steadily. Spinach, kale, peas, beans, brassicas, roots produce regular harvest.

Start spring seedlings by August. Use quiet winter for planning."
Traralgon,VIC,cool,9b,inland,July,"Winter is cool but manageable. Occasional frosts, not constant.

Winter crops grow steadily. Spinach, kale, peas, beans, brassicas, roots produce regular harvest.

Start spring seedlings by August. Use quiet winter for planning."
Traralgon,VIC,cool,9b,inland,August,"Winter is cool but manageable. Occasional frosts, not constant.

Winter crops grow steadily. Spinach, kale, peas, beans, brassicas, roots produce regular harvest.

Start spring seedlings by August. Use quiet winter for planning."
Traralgon,VIC,cool,9b,inland,September,"Spring arrives progressively. Early spring carries frost risk but warmth increases.

Plant tender crops by late October after frost passes. Sow: carrots, lettuce, roots. Succession sow.

Growth accelerates week by week."
Traralgon,VIC,cool,9b,inland,October,"Spring arrives progressively. Early spring carries frost risk but warmth increases.

Plant tender crops by late October after frost passes. Sow: carrots, lettuce, roots. Succession sow.

Growth accelerates week by week."
Traralgon,VIC,cool,9b,inland,November,"Spring arrives progressively. Early spring carries frost risk but warmth increases.

Plant tender crops by late October after frost passes. Sow: carrots, lettuce, roots. Succession sow.

Growth accelerates week by week."
Traralgon,VIC,cool,9b,inland,December,"Summer is milder. Growth steady but cool nights limit heat-lovers. Keep picking.

Start brassica and lettuce seedlings indoors. Direct-sow carrots, beetroot, silverbeet, kale.

Water deeply morning. Mulch heavily."
Warburton,VIC,cool,9a,alpine_highland|inland,January,"Summer is milder. Growth steady but cool nights limit heat-lovers. Keep picking.

Start brassica and lettuce seedlings indoors. Direct-sow carrots, beetroot, silverbeet, kale.

Water deeply morning. Mulch heavily."
Warburton,VIC,cool,9a,alpine_highland|inland,February,"Summer is milder. Growth steady but cool nights limit heat-lovers. Keep picking.

Start brassica and lettuce seedlings indoors. Direct-sow carrots, beetroot, silverbeet, kale.

Water deeply morning. Mulch heavily."
Warburton,VIC,cool,9a,alpine_highland|inland,March,"Autumn transitions fast. Cool nights arrive, autumn crops thrive.

Plant brassicas, lettuce, leeks, onions. Direct-sow roots, peas, spinach, beans. Garlic in April.

Clear summer crops promptly. Empty beds need compost."
Warburton,VIC,cool,9a,alpine_highland|inland,April,"Autumn transitions fast. Cool nights arrive, autumn crops thrive.

Plant brassicas, lettuce, leeks, onions. Direct-sow roots, peas, spinach, beans. Garlic in April.

Clear summer crops promptly. Empty beds need compost."
Warburton,VIC,cool,9a,alpine_highland|inland,May,"Autumn transitions fast. Cool nights arrive, autumn crops thrive.

Plant brassicas, lettuce, leeks, onions. Direct-sow roots, peas, spinach, beans. Garlic in April.

Clear summer crops promptly. Empty beds need compost."
Warburton,VIC,cool,9a,alpine_highland|inland,June,"Winter is cool but manageable. Occasional frosts, not constant.

Winter crops grow steadily. Spinach, kale, peas, beans, brassicas, roots produce regular harvest.

Start spring seedlings by August. Use quiet winter for planning."
Warburton,VIC,cool,9a,alpine_highland|inland,July,"Winter is cool but manageable. Occasional frosts, not constant.

Winter crops grow steadily. Spinach, kale, peas, beans, brassicas, roots produce regular harvest.

Start spring seedlings by August. Use quiet winter for planning."
Warburton,VIC,cool,9a,alpine_highland|inland,August,"Winter is cool but manageable. Occasional frosts, not constant.

Winter crops grow steadily. Spinach, kale, peas, beans, brassicas, roots produce regular harvest.

Start spring seedlings by August. Use quiet winter for planning."
Warburton,VIC,cool,9a,alpine_highland|inland,September,"Spring arrives progressively. Early spring carries frost risk but warmth increases.

Plant tender crops by late October after frost passes. Sow: carrots, lettuce, roots. Succession sow.

Growth accelerates week by week."
Warburton,VIC,cool,9a,alpine_highland|inland,October,"Spring arrives progressively. Early spring carries frost risk but warmth increases.

Plant tender crops by late October after frost passes. Sow: carrots, lettuce, roots. Succession sow.

Growth accelerates week by week."
Warburton,VIC,cool,9a,alpine_highland|inland,November,"Spring arrives progressively. Early spring carries frost risk but warmth increases.

Plant tender crops by late October after frost passes. Sow: carrots, lettuce, roots. Succession sow.

Growth accelerates week by week."
Warburton,VIC,cool,9a,alpine_highland|inland,December,"Summer is milder. Growth steady but cool nights limit heat-lovers. Keep picking.

Start brassica and lettuce seedlings indoors. Direct-sow carrots, beetroot, silverbeet, kale.

Water deeply morning. Mulch heavily."
Warragul,VIC,cool,9b,inland,January,"Summer is milder. Growth steady but cool nights limit heat-lovers. Keep picking.

Start brassica and lettuce seedlings indoors. Direct-sow carrots, beetroot, silverbeet, kale.

Water deeply morning. Mulch heavily."
Warragul,VIC,cool,9b,inland,February,"Summer is milder. Growth steady but cool nights limit heat-lovers. Keep picking.

Start brassica and lettuce seedlings indoors. Direct-sow carrots, beetroot, silverbeet, kale.

Water deeply morning. Mulch heavily."
Warragul,VIC,cool,9b,inland,March,"Autumn transitions fast. Cool nights arrive, autumn crops thrive.

Plant brassicas, lettuce, leeks, onions. Direct-sow roots, peas, spinach, beans. Garlic in April.

Clear summer crops promptly. Empty beds need compost."
Warragul,VIC,cool,9b,inland,April,"Autumn transitions fast. Cool nights arrive, autumn crops thrive.

Plant brassicas, lettuce, leeks, onions. Direct-sow roots, peas, spinach, beans. Garlic in April.

Clear summer crops promptly. Empty beds need compost."
Warragul,VIC,cool,9b,inland,May,"Autumn transitions fast. Cool nights arrive, autumn crops thrive.

Plant brassicas, lettuce, leeks, onions. Direct-sow roots, peas, spinach, beans. Garlic in April.

Clear summer crops promptly. Empty beds need compost."
Warragul,VIC,cool,9b,inland,June,"Winter is cool but manageable. Occasional frosts, not constant.

Winter crops grow steadily. Spinach, kale, peas, beans, brassicas, roots produce regular harvest.

Start spring seedlings by August. Use quiet winter for planning."
Warragul,VIC,cool,9b,inland,July,"Winter is cool but manageable. Occasional frosts, not constant.

Winter crops grow steadily. Spinach, kale, peas, beans, brassicas, roots produce regular harvest.

Start spring seedlings by August. Use quiet winter for planning."
Warragul,VIC,cool,9b,inland,August,"Winter is cool but manageable. Occasional frosts, not constant.

Winter crops grow steadily. Spinach, kale, peas, beans, brassicas, roots produce regular harvest.

Start spring seedlings by August. Use quiet winter for planning."
Warragul,VIC,cool,9b,inland,September,"Spring arrives progressively. Early spring carries frost risk but warmth increases.

Plant tender crops by late October after frost passes. Sow: carrots, lettuce, roots. Succession sow.

Growth accelerates week by week."
Warragul,VIC,cool,9b,inland,October,"Spring arrives progressively. Early spring carries frost risk but warmth increases.

Plant tender crops by late October after frost passes. Sow: carrots, lettuce, roots. Succession sow.

Growth accelerates week by week."
Warragul,VIC,cool,9b,inland,November,"Spring arrives progressively. Early spring carries frost risk but warmth increases.

Plant tender crops by late October after frost passes. Sow: carrots, lettuce, roots. Succession sow.

Growth accelerates week by week."
Warragul,VIC,cool,9b,inland,December,"Summer is milder. Growth steady but cool nights limit heat-lovers. Keep picking.

Start brassica and lettuce seedlings indoors. Direct-sow carrots, beetroot, silverbeet, kale.

Water deeply morning. Mulch heavily."
Warrnambool,VIC,cool,9a,coastal,January,"Summer is milder. Growth steady but cool nights limit heat-lovers. Keep picking.

Start brassica and lettuce seedlings indoors. Direct-sow carrots, beetroot, silverbeet, kale.

Water deeply morning. Mulch heavily."
Warrnambool,VIC,cool,9a,coastal,February,"Summer is milder. Growth steady but cool nights limit heat-lovers. Keep picking.

Start brassica and lettuce seedlings indoors. Direct-sow carrots, beetroot, silverbeet, kale.

Water deeply morning. Mulch heavily."
Warrnambool,VIC,cool,9a,coastal,March,"Autumn transitions fast. Cool nights arrive, autumn crops thrive.

Plant brassicas, lettuce, leeks, onions. Direct-sow roots, peas, spinach, beans. Garlic in April.

Clear summer crops promptly. Empty beds need compost."
Warrnambool,VIC,cool,9a,coastal,April,"Autumn transitions fast. Cool nights arrive, autumn crops thrive.

Plant brassicas, lettuce, leeks, onions. Direct-sow roots, peas, spinach, beans. Garlic in April.

Clear summer crops promptly. Empty beds need compost."
Warrnambool,VIC,cool,9a,coastal,May,"Autumn transitions fast. Cool nights arrive, autumn crops thrive.

Plant brassicas, lettuce, leeks, onions. Direct-sow roots, peas, spinach, beans. Garlic in April.

Clear summer crops promptly. Empty beds need compost."
Warrnambool,VIC,cool,9a,coastal,June,"Winter is cool but manageable. Occasional frosts, not constant.

Winter crops grow steadily. Spinach, kale, peas, beans, brassicas, roots produce regular harvest.

Start spring seedlings by August. Use quiet winter for planning."
Warrnambool,VIC,cool,9a,coastal,July,"Winter is cool but manageable. Occasional frosts, not constant.

Winter crops grow steadily. Spinach, kale, peas, beans, brassicas, roots produce regular harvest.

Start spring seedlings by August. Use quiet winter for planning."
Warrnambool,VIC,cool,9a,coastal,August,"Winter is cool but manageable. Occasional frosts, not constant.

Winter crops grow steadily. Spinach, kale, peas, beans, brassicas, roots produce regular harvest.

Start spring seedlings by August. Use quiet winter for planning."
Warrnambool,VIC,cool,9a,coastal,September,"Spring arrives progressively. Early spring carries frost risk but warmth increases.

Plant tender crops by late October after frost passes. Sow: carrots, lettuce, roots. Succession sow.

Growth accelerates week by week."
Warrnambool,VIC,cool,9a,coastal,October,"Spring arrives progressively. Early spring carries frost risk but warmth increases.

Plant tender crops by late October after frost passes. Sow: carrots, lettuce, roots. Succession sow.

Growth accelerates week by week."
Warrnambool,VIC,cool,9a,coastal,November,"Spring arrives progressively. Early spring carries frost risk but warmth increases.

Plant tender crops by late October after frost passes. Sow: carrots, lettuce, roots. Succession sow.

Growth accelerates week by week."
Warrnambool,VIC,cool,9a,coastal,December,"Summer is milder. Growth steady but cool nights limit heat-lovers. Keep picking.

Start brassica and lettuce seedlings indoors. Direct-sow carrots, beetroot, silverbeet, kale.

Water deeply morning. Mulch heavily."
Werribee,VIC,cool,9b,inland,January,"Summer is milder. Growth steady but cool nights limit heat-lovers. Keep picking.

Start brassica and lettuce seedlings indoors. Direct-sow carrots, beetroot, silverbeet, kale.

Water deeply morning. Mulch heavily."
Werribee,VIC,cool,9b,inland,February,"Summer is milder. Growth steady but cool nights limit heat-lovers. Keep picking.

Start brassica and lettuce seedlings indoors. Direct-sow carrots, beetroot, silverbeet, kale.

Water deeply morning. Mulch heavily."
Werribee,VIC,cool,9b,inland,March,"Autumn transitions fast. Cool nights arrive, autumn crops thrive.

Plant brassicas, lettuce, leeks, onions. Direct-sow roots, peas, spinach, beans. Garlic in April.

Clear summer crops promptly. Empty beds need compost."
Werribee,VIC,cool,9b,inland,April,"Autumn transitions fast. Cool nights arrive, autumn crops thrive.

Plant brassicas, lettuce, leeks, onions. Direct-sow roots, peas, spinach, beans. Garlic in April.

Clear summer crops promptly. Empty beds need compost."
Werribee,VIC,cool,9b,inland,May,"Autumn transitions fast. Cool nights arrive, autumn crops thrive.

Plant brassicas, lettuce, leeks, onions. Direct-sow roots, peas, spinach, beans. Garlic in April.

Clear summer crops promptly. Empty beds need compost."
Werribee,VIC,cool,9b,inland,June,"Winter is cool but manageable. Occasional frosts, not constant.

Winter crops grow steadily. Spinach, kale, peas, beans, brassicas, roots produce regular harvest.

Start spring seedlings by August. Use quiet winter for planning."
Werribee,VIC,cool,9b,inland,July,"Winter is cool but manageable. Occasional frosts, not constant.

Winter crops grow steadily. Spinach, kale, peas, beans, brassicas, roots produce regular harvest.

Start spring seedlings by August. Use quiet winter for planning."
Werribee,VIC,cool,9b,inland,August,"Winter is cool but manageable. Occasional frosts, not constant.

Winter crops grow steadily. Spinach, kale, peas, beans, brassicas, roots produce regular harvest.

Start spring seedlings by August. Use quiet winter for planning."
Werribee,VIC,cool,9b,inland,September,"Spring arrives progressively. Early spring carries frost risk but warmth increases.

Plant tender crops by late October after frost passes. Sow: carrots, lettuce, roots. Succession sow.

Growth accelerates week by week."
Werribee,VIC,cool,9b,inland,October,"Spring arrives progressively. Early spring carries frost risk but warmth increases.

Plant tender crops by late October after frost passes. Sow: carrots, lettuce, roots. Succession sow.

Growth accelerates week by week."
Werribee,VIC,cool,9b,inland,November,"Spring arrives progressively. Early spring carries frost risk but warmth increases.

Plant tender crops by late October after frost passes. Sow: carrots, lettuce, roots. Succession sow.

Growth accelerates week by week."
Werribee,VIC,cool,9b,inland,December,"Summer is milder. Growth steady but cool nights limit heat-lovers. Keep picking.

Start brassica and lettuce seedlings indoors. Direct-sow carrots, beetroot, silverbeet, kale.

Water deeply morning. Mulch heavily."
Williamstown,VIC,cool,9b,coastal,January,"Summer is milder. Growth steady but cool nights limit heat-lovers. Keep picking.

Start brassica and lettuce seedlings indoors. Direct-sow carrots, beetroot, silverbeet, kale.

Water deeply morning. Mulch heavily."
Williamstown,VIC,cool,9b,coastal,February,"Summer is milder. Growth steady but cool nights limit heat-lovers. Keep picking.

Start brassica and lettuce seedlings indoors. Direct-sow carrots, beetroot, silverbeet, kale.

Water deeply morning. Mulch heavily."
Williamstown,VIC,cool,9b,coastal,March,"Autumn transitions fast. Cool nights arrive, autumn crops thrive.

Plant brassicas, lettuce, leeks, onions. Direct-sow roots, peas, spinach, beans. Garlic in April.

Clear summer crops promptly. Empty beds need compost."
Williamstown,VIC,cool,9b,coastal,April,"Autumn transitions fast. Cool nights arrive, autumn crops thrive.

Plant brassicas, lettuce, leeks, onions. Direct-sow roots, peas, spinach, beans. Garlic in April.

Clear summer crops promptly. Empty beds need compost."
Williamstown,VIC,cool,9b,coastal,May,"Autumn transitions fast. Cool nights arrive, autumn crops thrive.

Plant brassicas, lettuce, leeks, onions. Direct-sow roots, peas, spinach, beans. Garlic in April.

Clear summer crops promptly. Empty beds need compost."
Williamstown,VIC,cool,9b,coastal,June,"Winter is cool but manageable. Occasional frosts, not constant.

Winter crops grow steadily. Spinach, kale, peas, beans, brassicas, roots produce regular harvest.

Start spring seedlings by August. Use quiet winter for planning."
Williamstown,VIC,cool,9b,coastal,July,"Winter is cool but manageable. Occasional frosts, not constant.

Winter crops grow steadily. Spinach, kale, peas, beans, brassicas, roots produce regular harvest.

Start spring seedlings by August. Use quiet winter for planning."
Williamstown,VIC,cool,9b,coastal,August,"Winter is cool but manageable. Occasional frosts, not constant.

Winter crops grow steadily. Spinach, kale, peas, beans, brassicas, roots produce regular harvest.

Start spring seedlings by August. Use quiet winter for planning."
Williamstown,VIC,cool,9b,coastal,September,"Spring arrives progressively. Early spring carries frost risk but warmth increases.

Plant tender crops by late October after frost passes. Sow: carrots, lettuce, roots. Succession sow.

Growth accelerates week by week."
Williamstown,VIC,cool,9b,coastal,October,"Spring arrives progressively. Early spring carries frost risk but warmth increases.

Plant tender crops by late October after frost passes. Sow: carrots, lettuce, roots. Succession sow.

Growth accelerates week by week."
Williamstown,VIC,cool,9b,coastal,November,"Spring arrives progressively. Early spring carries frost risk but warmth increases.

Plant tender crops by late October after frost passes. Sow: carrots, lettuce, roots. Succession sow.

Growth accelerates week by week."
Williamstown,VIC,cool,9b,coastal,December,"Summer is milder. Growth steady but cool nights limit heat-lovers. Keep picking.

Start brassica and lettuce seedlings indoors. Direct-sow carrots, beetroot, silverbeet, kale.

Water deeply morning. Mulch heavily."
Wodonga,VIC,cool,9b,inland,January,"Summer is milder. Growth steady but cool nights limit heat-lovers. Keep picking.

Start brassica and lettuce seedlings indoors. Direct-sow carrots, beetroot, silverbeet, kale.

Water deeply morning. Mulch heavily."
Wodonga,VIC,cool,9b,inland,February,"Summer is milder. Growth steady but cool nights limit heat-lovers. Keep picking.

Start brassica and lettuce seedlings indoors. Direct-sow carrots, beetroot, silverbeet, kale.

Water deeply morning. Mulch heavily."
Wodonga,VIC,cool,9b,inland,March,"Autumn transitions fast. Cool nights arrive, autumn crops thrive.

Plant brassicas, lettuce, leeks, onions. Direct-sow roots, peas, spinach, beans. Garlic in April.

Clear summer crops promptly. Empty beds need compost."
Wodonga,VIC,cool,9b,inland,April,"Autumn transitions fast. Cool nights arrive, autumn crops thrive.

Plant brassicas, lettuce, leeks, onions. Direct-sow roots, peas, spinach, beans. Garlic in April.

Clear summer crops promptly. Empty beds need compost."
Wodonga,VIC,cool,9b,inland,May,"Autumn transitions fast. Cool nights arrive, autumn crops thrive.

Plant brassicas, lettuce, leeks, onions. Direct-sow roots, peas, spinach, beans. Garlic in April.

Clear summer crops promptly. Empty beds need compost."
Wodonga,VIC,cool,9b,inland,June,"Winter is cool but manageable. Occasional frosts, not constant.

Winter crops grow steadily. Spinach, kale, peas, beans, brassicas, roots produce regular harvest.

Start spring seedlings by August. Use quiet winter for planning."
Wodonga,VIC,cool,9b,inland,July,"Winter is cool but manageable. Occasional frosts, not constant.

Winter crops grow steadily. Spinach, kale, peas, beans, brassicas, roots produce regular harvest.

Start spring seedlings by August. Use quiet winter for planning."
Wodonga,VIC,cool,9b,inland,August,"Winter is cool but manageable. Occasional frosts, not constant.

Winter crops grow steadily. Spinach, kale, peas, beans, brassicas, roots produce regular harvest.

Start spring seedlings by August. Use quiet winter for planning."
Wodonga,VIC,cool,9b,inland,September,"Spring arrives progressively. Early spring carries frost risk but warmth increases.

Plant tender crops by late October after frost passes. Sow: carrots, lettuce, roots. Succession sow.

Growth accelerates week by week."
Wodonga,VIC,cool,9b,inland,October,"Spring arrives progressively. Early spring carries frost risk but warmth increases.

Plant tender crops by late October after frost passes. Sow: carrots, lettuce, roots. Succession sow.

Growth accelerates week by week."
Wodonga,VIC,cool,9b,inland,November,"Spring arrives progressively. Early spring carries frost risk but warmth increases.

Plant tender crops by late October after frost passes. Sow: carrots, lettuce, roots. Succession sow.

Growth accelerates week by week."
Wodonga,VIC,cool,9b,inland,December,"Summer is milder. Growth steady but cool nights limit heat-lovers. Keep picking.

Start brassica and lettuce seedlings indoors. Direct-sow carrots, beetroot, silverbeet, kale.

Water deeply morning. Mulch heavily."
Wonthaggi,VIC,cool,9b,inland,January,"Summer is milder. Growth steady but cool nights limit heat-lovers. Keep picking.

Start brassica and lettuce seedlings indoors. Direct-sow carrots, beetroot, silverbeet, kale.

Water deeply morning. Mulch heavily."
Wonthaggi,VIC,cool,9b,inland,February,"Summer is milder. Growth steady but cool nights limit heat-lovers. Keep picking.

Start brassica and lettuce seedlings indoors. Direct-sow carrots, beetroot, silverbeet, kale.

Water deeply morning. Mulch heavily."
Wonthaggi,VIC,cool,9b,inland,March,"Autumn transitions fast. Cool nights arrive, autumn crops thrive.

Plant brassicas, lettuce, leeks, onions. Direct-sow roots, peas, spinach, beans. Garlic in April.

Clear summer crops promptly. Empty beds need compost."
Wonthaggi,VIC,cool,9b,inland,April,"Autumn transitions fast. Cool nights arrive, autumn crops thrive.

Plant brassicas, lettuce, leeks, onions. Direct-sow roots, peas, spinach, beans. Garlic in April.

Clear summer crops promptly. Empty beds need compost."
Wonthaggi,VIC,cool,9b,inland,May,"Autumn transitions fast. Cool nights arrive, autumn crops thrive.

Plant brassicas, lettuce, leeks, onions. Direct-sow roots, peas, spinach, beans. Garlic in April.

Clear summer crops promptly. Empty beds need compost."
Wonthaggi,VIC,cool,9b,inland,June,"Winter is cool but manageable. Occasional frosts, not constant.

Winter crops grow steadily. Spinach, kale, peas, beans, brassicas, roots produce regular harvest.

Start spring seedlings by August. Use quiet winter for planning."
Wonthaggi,VIC,cool,9b,inland,July,"Winter is cool but manageable. Occasional frosts, not constant.

Winter crops grow steadily. Spinach, kale, peas, beans, brassicas, roots produce regular harvest.

Start spring seedlings by August. Use quiet winter for planning."
Wonthaggi,VIC,cool,9b,inland,August,"Winter is cool but manageable. Occasional frosts, not constant.

Winter crops grow steadily. Spinach, kale, peas, beans, brassicas, roots produce regular harvest.

Start spring seedlings by August. Use quiet winter for planning."
Wonthaggi,VIC,cool,9b,inland,September,"Spring arrives progressively. Early spring carries frost risk but warmth increases.

Plant tender crops by late October after frost passes. Sow: carrots, lettuce, roots. Succession sow.

Growth accelerates week by week."
Wonthaggi,VIC,cool,9b,inland,October,"Spring arrives progressively. Early spring carries frost risk but warmth increases.

Plant tender crops by late October after frost passes. Sow: carrots, lettuce, roots. Succession sow.

Growth accelerates week by week."
Wonthaggi,VIC,cool,9b,inland,November,"Spring arrives progressively. Early spring carries frost risk but warmth increases.

Plant tender crops by late October after frost passes. Sow: carrots, lettuce, roots. Succession sow.

Growth accelerates week by week."
Wonthaggi,VIC,cool,9b,inland,December,"Summer is milder. Growth steady but cool nights limit heat-lovers. Keep picking.

Start brassica and lettuce seedlings indoors. Direct-sow carrots, beetroot, silverbeet, kale.

Water deeply morning. Mulch heavily."
Woodend,VIC,cool,9a,alpine_highland|inland,January,"Summer is milder. Growth steady but cool nights limit heat-lovers. Keep picking.

Start brassica and lettuce seedlings indoors. Direct-sow carrots, beetroot, silverbeet, kale.

Water deeply morning. Mulch heavily."
Woodend,VIC,cool,9a,alpine_highland|inland,February,"Summer is milder. Growth steady but cool nights limit heat-lovers. Keep picking.

Start brassica and lettuce seedlings indoors. Direct-sow carrots, beetroot, silverbeet, kale.

Water deeply morning. Mulch heavily."
Woodend,VIC,cool,9a,alpine_highland|inland,March,"Autumn transitions fast. Cool nights arrive, autumn crops thrive.

Plant brassicas, lettuce, leeks, onions. Direct-sow roots, peas, spinach, beans. Garlic in April.

Clear summer crops promptly. Empty beds need compost."
Woodend,VIC,cool,9a,alpine_highland|inland,April,"Autumn transitions fast. Cool nights arrive, autumn crops thrive.

Plant brassicas, lettuce, leeks, onions. Direct-sow roots, peas, spinach, beans. Garlic in April.

Clear summer crops promptly. Empty beds need compost."
Woodend,VIC,cool,9a,alpine_highland|inland,May,"Autumn transitions fast. Cool nights arrive, autumn crops thrive.

Plant brassicas, lettuce, leeks, onions. Direct-sow roots, peas, spinach, beans. Garlic in April.

Clear summer crops promptly. Empty beds need compost."
Woodend,VIC,cool,9a,alpine_highland|inland,June,"Winter is cool but manageable. Occasional frosts, not constant.

Winter crops grow steadily. Spinach, kale, peas, beans, brassicas, roots produce regular harvest.

Start spring seedlings by August. Use quiet winter for planning."
Woodend,VIC,cool,9a,alpine_highland|inland,July,"Winter is cool but manageable. Occasional frosts, not constant.

Winter crops grow steadily. Spinach, kale, peas, beans, brassicas, roots produce regular harvest.

Start spring seedlings by August. Use quiet winter for planning."
Woodend,VIC,cool,9a,alpine_highland|inland,August,"Winter is cool but manageable. Occasional frosts, not constant.

Winter crops grow steadily. Spinach, kale, peas, beans, brassicas, roots produce regular harvest.

Start spring seedlings by August. Use quiet winter for planning."
Woodend,VIC,cool,9a,alpine_highland|inland,September,"Spring arrives progressively. Early spring carries frost risk but warmth increases.

Plant tender crops by late October after frost passes. Sow: carrots, lettuce, roots. Succession sow.

Growth accelerates week by week."
Woodend,VIC,cool,9a,alpine_highland|inland,October,"Spring arrives progressively. Early spring carries frost risk but warmth increases.

Plant tender crops by late October after frost passes. Sow: carrots, lettuce, roots. Succession sow.

Growth accelerates week by week."
Woodend,VIC,cool,9a,alpine_highland|inland,November,"Spring arrives progressively. Early spring carries frost risk but warmth increases.

Plant tender crops by late October after frost passes. Sow: carrots, lettuce, roots. Succession sow.

Growth accelerates week by week."
Woodend,VIC,cool,9a,alpine_highland|inland,December,"Summer is milder. Growth steady but cool nights limit heat-lovers. Keep picking.

Start brassica and lettuce seedlings indoors. Direct-sow carrots, beetroot, silverbeet, kale.

Water deeply morning. Mulch heavily."
Albany,WA,cool,9a,coastal|mediterranean,January,"Summer is milder. Growth steady but cool nights limit heat-lovers. Keep picking.

Start brassica and lettuce seedlings indoors. Direct-sow carrots, beetroot, silverbeet, kale.

Water deeply morning. Mulch heavily."
Albany,WA,cool,9a,coastal|mediterranean,February,"Summer is milder. Growth steady but cool nights limit heat-lovers. Keep picking.

Start brassica and lettuce seedlings indoors. Direct-sow carrots, beetroot, silverbeet, kale.

Water deeply morning. Mulch heavily."
Albany,WA,cool,9a,coastal|mediterranean,March,"Autumn transitions fast. Cool nights arrive, autumn crops thrive.

Plant brassicas, lettuce, leeks, onions. Direct-sow roots, peas, spinach, beans. Garlic in April.

Clear summer crops promptly. Empty beds need compost."
Albany,WA,cool,9a,coastal|mediterranean,April,"Autumn transitions fast. Cool nights arrive, autumn crops thrive.

Plant brassicas, lettuce, leeks, onions. Direct-sow roots, peas, spinach, beans. Garlic in April.

Clear summer crops promptly. Empty beds need compost."
Albany,WA,cool,9a,coastal|mediterranean,May,"Autumn transitions fast. Cool nights arrive, autumn crops thrive.

Plant brassicas, lettuce, leeks, onions. Direct-sow roots, peas, spinach, beans. Garlic in April.

Clear summer crops promptly. Empty beds need compost."
Albany,WA,cool,9a,coastal|mediterranean,June,"Winter is cool but manageable. Occasional frosts, not constant.

Winter crops grow steadily. Spinach, kale, peas, beans, brassicas, roots produce regular harvest.

Start spring seedlings by August. Use quiet winter for planning."
Albany,WA,cool,9a,coastal|mediterranean,July,"Winter is cool but manageable. Occasional frosts, not constant.

Winter crops grow steadily. Spinach, kale, peas, beans, brassicas, roots produce regular harvest.

Start spring seedlings by August. Use quiet winter for planning."
Albany,WA,cool,9a,coastal|mediterranean,August,"Winter is cool but manageable. Occasional frosts, not constant.

Winter crops grow steadily. Spinach, kale, peas, beans, brassicas, roots produce regular harvest.

Start spring seedlings by August. Use quiet winter for planning."
Albany,WA,cool,9a,coastal|mediterranean,September,"Spring arrives progressively. Early spring carries frost risk but warmth increases.

Plant tender crops by late October after frost passes. Sow: carrots, lettuce, roots. Succession sow.

Growth accelerates week by week."
Albany,WA,cool,9a,coastal|mediterranean,October,"Spring arrives progressively. Early spring carries frost risk but warmth increases.

Plant tender crops by late October after frost passes. Sow: carrots, lettuce, roots. Succession sow.

Growth accelerates week by week."
Albany,WA,cool,9a,coastal|mediterranean,November,"Spring arrives progressively. Early spring carries frost risk but warmth increases.

Plant tender crops by late October after frost passes. Sow: carrots, lettuce, roots. Succession sow.

Growth accelerates week by week."
Albany,WA,cool,9a,coastal|mediterranean,December,"Summer is milder. Growth steady but cool nights limit heat-lovers. Keep picking.

Start brassica and lettuce seedlings indoors. Direct-sow carrots, beetroot, silverbeet, kale.

Water deeply morning. Mulch heavily."
Applecross,WA,temperate,10a,coastal,January,"Summer production solid. Tomatoes, beans, cucumbers, zucchini, pumpkins grow well with consistent water. Pick regularly.

Sow autumn crops in warm soil: carrots, beets, brassicas, lettuce establish quickly.

Water deeply morning. Mulch moderates temperature."
Applecross,WA,temperate,10a,coastal,February,"Summer production solid. Tomatoes, beans, cucumbers, zucchini, pumpkins grow well with consistent water. Pick regularly.

Sow autumn crops in warm soil: carrots, beets, brassicas, lettuce establish quickly.

Water deeply morning. Mulch moderates temperature."
Applecross,WA,temperate,10a,coastal,March,"Autumn established. Prime time for cool-season crops: brassicas, lettuce, roots, peas, beans.

Plant seedlings and direct-sow freely. Garlic in April. Everything grows steadily as temperatures cool.

Clear summer crops. Empty beds should be mulched."
Applecross,WA,temperate,10a,coastal,April,"Autumn established. Prime time for cool-season crops: brassicas, lettuce, roots, peas, beans.

Plant seedlings and direct-sow freely. Garlic in April. Everything grows steadily as temperatures cool.

Clear summer crops. Empty beds should be mulched."
Applecross,WA,temperate,10a,coastal,May,"Autumn established. Prime time for cool-season crops: brassicas, lettuce, roots, peas, beans.

Plant seedlings and direct-sow freely. Garlic in April. Everything grows steadily as temperatures cool.

Clear summer crops. Empty beds should be mulched."
Applecross,WA,temperate,10a,coastal,June,"Winter is cool to cold. Frosts vary by location.

Winter crops provide steady harvest. Kale, spinach, peas, beans, roots produce. Protect tender plantings.

Start spring seedlings indoors. Prepare beds."
Applecross,WA,temperate,10a,coastal,July,"Winter is cool to cold. Frosts vary by location.

Winter crops provide steady harvest. Kale, spinach, peas, beans, roots produce. Protect tender plantings.

Start spring seedlings indoors. Prepare beds."
Applecross,WA,temperate,10a,coastal,August,"Winter is cool to cold. Frosts vary by location.

Winter crops provide steady harvest. Kale, spinach, peas, beans, roots produce. Protect tender plantings.

Start spring seedlings indoors. Prepare beds."
Applecross,WA,temperate,10a,coastal,September,"Spring arrives progressively. Frost risk decreases but may linger into early October.

Plant tender crops after last frost. Sow: carrots, lettuce, roots, herbs. Succession sow.

Growth accelerates through spring."
Applecross,WA,temperate,10a,coastal,October,"Spring arrives progressively. Frost risk decreases but may linger into early October.

Plant tender crops after last frost. Sow: carrots, lettuce, roots, herbs. Succession sow.

Growth accelerates through spring."
Applecross,WA,temperate,10a,coastal,November,"Spring arrives progressively. Frost risk decreases but may linger into early October.

Plant tender crops after last frost. Sow: carrots, lettuce, roots, herbs. Succession sow.

Growth accelerates through spring."
Applecross,WA,temperate,10a,coastal,December,"Summer production solid. Tomatoes, beans, cucumbers, zucchini, pumpkins grow well with consistent water. Pick regularly.

Sow autumn crops in warm soil: carrots, beets, brassicas, lettuce establish quickly.

Water deeply morning. Mulch moderates temperature."
Armadale,WA,temperate,10a,mediterranean,January,"Summer production solid. Tomatoes, beans, cucumbers, zucchini, pumpkins grow well with consistent water. Pick regularly.

Sow autumn crops in warm soil: carrots, beets, brassicas, lettuce establish quickly.

Water deeply morning. Mulch moderates temperature."
Armadale,WA,temperate,10a,mediterranean,February,"Summer production solid. Tomatoes, beans, cucumbers, zucchini, pumpkins grow well with consistent water. Pick regularly.

Sow autumn crops in warm soil: carrots, beets, brassicas, lettuce establish quickly.

Water deeply morning. Mulch moderates temperature."
Armadale,WA,temperate,10a,mediterranean,March,"Autumn established. Prime time for cool-season crops: brassicas, lettuce, roots, peas, beans.

Plant seedlings and direct-sow freely. Garlic in April. Everything grows steadily as temperatures cool.

Clear summer crops. Empty beds should be mulched."
Armadale,WA,temperate,10a,mediterranean,April,"Autumn established. Prime time for cool-season crops: brassicas, lettuce, roots, peas, beans.

Plant seedlings and direct-sow freely. Garlic in April. Everything grows steadily as temperatures cool.

Clear summer crops. Empty beds should be mulched."
Armadale,WA,temperate,10a,mediterranean,May,"Autumn established. Prime time for cool-season crops: brassicas, lettuce, roots, peas, beans.

Plant seedlings and direct-sow freely. Garlic in April. Everything grows steadily as temperatures cool.

Clear summer crops. Empty beds should be mulched."
Armadale,WA,temperate,10a,mediterranean,June,"Winter is cool to cold. Frosts vary by location.

Winter crops provide steady harvest. Kale, spinach, peas, beans, roots produce. Protect tender plantings.

Start spring seedlings indoors. Prepare beds."
Armadale,WA,temperate,10a,mediterranean,July,"Winter is cool to cold. Frosts vary by location.

Winter crops provide steady harvest. Kale, spinach, peas, beans, roots produce. Protect tender plantings.

Start spring seedlings indoors. Prepare beds."
Armadale,WA,temperate,10a,mediterranean,August,"Winter is cool to cold. Frosts vary by location.

Winter crops provide steady harvest. Kale, spinach, peas, beans, roots produce. Protect tender plantings.

Start spring seedlings indoors. Prepare beds."
Armadale,WA,temperate,10a,mediterranean,September,"Spring arrives progressively. Frost risk decreases but may linger into early October.

Plant tender crops after last frost. Sow: carrots, lettuce, roots, herbs. Succession sow.

Growth accelerates through spring."
Armadale,WA,temperate,10a,mediterranean,October,"Spring arrives progressively. Frost risk decreases but may linger into early October.

Plant tender crops after last frost. Sow: carrots, lettuce, roots, herbs. Succession sow.

Growth accelerates through spring."
Armadale,WA,temperate,10a,mediterranean,November,"Spring arrives progressively. Frost risk decreases but may linger into early October.

Plant tender crops after last frost. Sow: carrots, lettuce, roots, herbs. Succession sow.

Growth accelerates through spring."
Armadale,WA,temperate,10a,mediterranean,December,"Summer production solid. Tomatoes, beans, cucumbers, zucchini, pumpkins grow well with consistent water. Pick regularly.

Sow autumn crops in warm soil: carrots, beets, brassicas, lettuce establish quickly.

Water deeply morning. Mulch moderates temperature."
Broome,WA,tropical,12a,tropical_wet_dry|coastal,January,"Wet season dominates. Humidity extreme, rain heavy, fungal disease intense.

Cool-season crops grow well. Lettuce, Asian greens, tomatoes, capsicums produce but need disease management.

Drainage critical. Succession plant rather than one heavy planting."
Broome,WA,tropical,12a,tropical_wet_dry|coastal,February,"Wet season dominates. Humidity extreme, rain heavy, fungal disease intense.

Cool-season crops grow well. Lettuce, Asian greens, tomatoes, capsicums produce but need disease management.

Drainage critical. Succession plant rather than one heavy planting."
Broome,WA,tropical,12a,tropical_wet_dry|coastal,March,"Wet season dominates. Humidity extreme, rain heavy, fungal disease intense.

Cool-season crops grow well. Lettuce, Asian greens, tomatoes, capsicums produce but need disease management.

Drainage critical. Succession plant rather than one heavy planting."
Broome,WA,tropical,12a,tropical_wet_dry|coastal,April,"Dry season is growing season. Consistent warmth and low humidity ideal.

Plant and sow everything: brassicas, lettuce, roots, tomatoes, capsicums, beans, squash.

Water essential—no dry-season rain. Dry season is productive heart."
Broome,WA,tropical,12a,tropical_wet_dry|coastal,May,"Dry season is growing season. Consistent warmth and low humidity ideal.

Plant and sow everything: brassicas, lettuce, roots, tomatoes, capsicums, beans, squash.

Water essential—no dry-season rain. Dry season is productive heart."
Broome,WA,tropical,12a,tropical_wet_dry|coastal,June,"Dry season is growing season. Consistent warmth and low humidity ideal.

Plant and sow everything: brassicas, lettuce, roots, tomatoes, capsicums, beans, squash.

Water essential—no dry-season rain. Dry season is productive heart."
Broome,WA,tropical,12a,tropical_wet_dry|coastal,July,"Dry season is growing season. Consistent warmth and low humidity ideal.

Plant and sow everything: brassicas, lettuce, roots, tomatoes, capsicums, beans, squash.

Water essential—no dry-season rain. Dry season is productive heart."
Broome,WA,tropical,12a,tropical_wet_dry|coastal,August,"Dry season is growing season. Consistent warmth and low humidity ideal.

Plant and sow everything: brassicas, lettuce, roots, tomatoes, capsicums, beans, squash.

Water essential—no dry-season rain. Dry season is productive heart."
Broome,WA,tropical,12a,tropical_wet_dry|coastal,September,"Dry season is growing season. Consistent warmth and low humidity ideal.

Plant and sow everything: brassicas, lettuce, roots, tomatoes, capsicums, beans, squash.

Water essential—no dry-season rain. Dry season is productive heart."
Broome,WA,tropical,12a,tropical_wet_dry|coastal,October,"Dry season is growing season. Consistent warmth and low humidity ideal.

Plant and sow everything: brassicas, lettuce, roots, tomatoes, capsicums, beans, squash.

Water essential—no dry-season rain. Dry season is productive heart."
Broome,WA,tropical,12a,tropical_wet_dry|coastal,November,"Dry season is growing season. Consistent warmth and low humidity ideal.

Plant and sow everything: brassicas, lettuce, roots, tomatoes, capsicums, beans, squash.

Water essential—no dry-season rain. Dry season is productive heart."
Broome,WA,tropical,12a,tropical_wet_dry|coastal,December,"Wet season dominates. Humidity extreme, rain heavy, fungal disease intense.

Cool-season crops grow well. Lettuce, Asian greens, tomatoes, capsicums produce but need disease management.

Drainage critical. Succession plant rather than one heavy planting."
Bunbury,WA,cool,9b,coastal|mediterranean,January,"Summer is milder. Growth steady but cool nights limit heat-lovers. Keep picking.

Start brassica and lettuce seedlings indoors. Direct-sow carrots, beetroot, silverbeet, kale.

Water deeply morning. Mulch heavily."
Bunbury,WA,cool,9b,coastal|mediterranean,February,"Summer is milder. Growth steady but cool nights limit heat-lovers. Keep picking.

Start brassica and lettuce seedlings indoors. Direct-sow carrots, beetroot, silverbeet, kale.

Water deeply morning. Mulch heavily."
Bunbury,WA,cool,9b,coastal|mediterranean,March,"Autumn transitions fast. Cool nights arrive, autumn crops thrive.

Plant brassicas, lettuce, leeks, onions. Direct-sow roots, peas, spinach, beans. Garlic in April.

Clear summer crops promptly. Empty beds need compost."
Bunbury,WA,cool,9b,coastal|mediterranean,April,"Autumn transitions fast. Cool nights arrive, autumn crops thrive.

Plant brassicas, lettuce, leeks, onions. Direct-sow roots, peas, spinach, beans. Garlic in April.

Clear summer crops promptly. Empty beds need compost."
Bunbury,WA,cool,9b,coastal|mediterranean,May,"Autumn transitions fast. Cool nights arrive, autumn crops thrive.

Plant brassicas, lettuce, leeks, onions. Direct-sow roots, peas, spinach, beans. Garlic in April.

Clear summer crops promptly. Empty beds need compost."
Bunbury,WA,cool,9b,coastal|mediterranean,June,"Winter is cool but manageable. Occasional frosts, not constant.

Winter crops grow steadily. Spinach, kale, peas, beans, brassicas, roots produce regular harvest.

Start spring seedlings by August. Use quiet winter for planning."
Bunbury,WA,cool,9b,coastal|mediterranean,July,"Winter is cool but manageable. Occasional frosts, not constant.

Winter crops grow steadily. Spinach, kale, peas, beans, brassicas, roots produce regular harvest.

Start spring seedlings by August. Use quiet winter for planning."
Bunbury,WA,cool,9b,coastal|mediterranean,August,"Winter is cool but manageable. Occasional frosts, not constant.

Winter crops grow steadily. Spinach, kale, peas, beans, brassicas, roots produce regular harvest.

Start spring seedlings by August. Use quiet winter for planning."
Bunbury,WA,cool,9b,coastal|mediterranean,September,"Spring arrives progressively. Early spring carries frost risk but warmth increases.

Plant tender crops by late October after frost passes. Sow: carrots, lettuce, roots. Succession sow.

Growth accelerates week by week."
Bunbury,WA,cool,9b,coastal|mediterranean,October,"Spring arrives progressively. Early spring carries frost risk but warmth increases.

Plant tender crops by late October after frost passes. Sow: carrots, lettuce, roots. Succession sow.

Growth accelerates week by week."
Bunbury,WA,cool,9b,coastal|mediterranean,November,"Spring arrives progressively. Early spring carries frost risk but warmth increases.

Plant tender crops by late October after frost passes. Sow: carrots, lettuce, roots. Succession sow.

Growth accelerates week by week."
Bunbury,WA,cool,9b,coastal|mediterranean,December,"Summer is milder. Growth steady but cool nights limit heat-lovers. Keep picking.

Start brassica and lettuce seedlings indoors. Direct-sow carrots, beetroot, silverbeet, kale.

Water deeply morning. Mulch heavily."
Busselton,WA,cool,9a,coastal,January,"Summer is milder. Growth steady but cool nights limit heat-lovers. Keep picking.

Start brassica and lettuce seedlings indoors. Direct-sow carrots, beetroot, silverbeet, kale.

Water deeply morning. Mulch heavily."
Busselton,WA,cool,9a,coastal,February,"Summer is milder. Growth steady but cool nights limit heat-lovers. Keep picking.

Start brassica and lettuce seedlings indoors. Direct-sow carrots, beetroot, silverbeet, kale.

Water deeply morning. Mulch heavily."
Busselton,WA,cool,9a,coastal,March,"Autumn transitions fast. Cool nights arrive, autumn crops thrive.

Plant brassicas, lettuce, leeks, onions. Direct-sow roots, peas, spinach, beans. Garlic in April.

Clear summer crops promptly. Empty beds need compost."
Busselton,WA,cool,9a,coastal,April,"Autumn transitions fast. Cool nights arrive, autumn crops thrive.

Plant brassicas, lettuce, leeks, onions. Direct-sow roots, peas, spinach, beans. Garlic in April.

Clear summer crops promptly. Empty beds need compost."
Busselton,WA,cool,9a,coastal,May,"Autumn transitions fast. Cool nights arrive, autumn crops thrive.

Plant brassicas, lettuce, leeks, onions. Direct-sow roots, peas, spinach, beans. Garlic in April.

Clear summer crops promptly. Empty beds need compost."
Busselton,WA,cool,9a,coastal,June,"Winter is cool but manageable. Occasional frosts, not constant.

Winter crops grow steadily. Spinach, kale, peas, beans, brassicas, roots produce regular harvest.

Start spring seedlings by August. Use quiet winter for planning."
Busselton,WA,cool,9a,coastal,July,"Winter is cool but manageable. Occasional frosts, not constant.

Winter crops grow steadily. Spinach, kale, peas, beans, brassicas, roots produce regular harvest.

Start spring seedlings by August. Use quiet winter for planning."
Busselton,WA,cool,9a,coastal,August,"Winter is cool but manageable. Occasional frosts, not constant.

Winter crops grow steadily. Spinach, kale, peas, beans, brassicas, roots produce regular harvest.

Start spring seedlings by August. Use quiet winter for planning."
Busselton,WA,cool,9a,coastal,September,"Spring arrives progressively. Early spring carries frost risk but warmth increases.

Plant tender crops by late October after frost passes. Sow: carrots, lettuce, roots. Succession sow.

Growth accelerates week by week."
Busselton,WA,cool,9a,coastal,October,"Spring arrives progressively. Early spring carries frost risk but warmth increases.

Plant tender crops by late October after frost passes. Sow: carrots, lettuce, roots. Succession sow.

Growth accelerates week by week."
Busselton,WA,cool,9a,coastal,November,"Spring arrives progressively. Early spring carries frost risk but warmth increases.

Plant tender crops by late October after frost passes. Sow: carrots, lettuce, roots. Succession sow.

Growth accelerates week by week."
Busselton,WA,cool,9a,coastal,December,"Summer is milder. Growth steady but cool nights limit heat-lovers. Keep picking.

Start brassica and lettuce seedlings indoors. Direct-sow carrots, beetroot, silverbeet, kale.

Water deeply morning. Mulch heavily."
Carnarvon,WA,warm,11a,mediterranean,January,"Summer warm but coastal moderation helps. Regular growth with good water management.

Sow autumn crops in warm soil. Carrots, beets, brassicas, lettuce establish quickly.

Deep early morning watering prevents stress."
Carnarvon,WA,warm,11a,mediterranean,February,"Summer warm but coastal moderation helps. Regular growth with good water management.

Sow autumn crops in warm soil. Carrots, beets, brassicas, lettuce establish quickly.

Deep early morning watering prevents stress."
Carnarvon,WA,warm,11a,mediterranean,March,"Autumn mild and extended by coastal protection. Excellent for cool-weather crops.

Plant brassicas, lettuce, onions, leeks, roots. Direct-sow peas, beans, Asian greens. Garlic in April.

Autumn is prime season."
Carnarvon,WA,warm,11a,mediterranean,April,"Autumn mild and extended by coastal protection. Excellent for cool-weather crops.

Plant brassicas, lettuce, onions, leeks, roots. Direct-sow peas, beans, Asian greens. Garlic in April.

Autumn is prime season."
Carnarvon,WA,warm,11a,mediterranean,May,"Autumn mild and extended by coastal protection. Excellent for cool-weather crops.

Plant brassicas, lettuce, onions, leeks, roots. Direct-sow peas, beans, Asian greens. Garlic in April.

Autumn is prime season."
Carnarvon,WA,warm,11a,mediterranean,June,"Winter mild. Frosts rare. Growth continues steadily.

Winter crops produce heavily. Brassicas, lettuce, spinach, peas, roots thrive.

Start spring seedlings by August."
Carnarvon,WA,warm,11a,mediterranean,July,"Winter mild. Frosts rare. Growth continues steadily.

Winter crops produce heavily. Brassicas, lettuce, spinach, peas, roots thrive.

Start spring seedlings by August."
Carnarvon,WA,warm,11a,mediterranean,August,"Winter mild. Frosts rare. Growth continues steadily.

Winter crops produce heavily. Brassicas, lettuce, spinach, peas, roots thrive.

Start spring seedlings by August."
Carnarvon,WA,warm,11a,mediterranean,September,"Spring arrives gradually, moderated by coast. Growth accelerates steadily.

Plant tender crops: tomatoes, capsicums, beans. Sow lettuce, herbs, quick crops. Succession sow.

Spring is extended and rewarding."
Carnarvon,WA,warm,11a,mediterranean,October,"Spring arrives gradually, moderated by coast. Growth accelerates steadily.

Plant tender crops: tomatoes, capsicums, beans. Sow lettuce, herbs, quick crops. Succession sow.

Spring is extended and rewarding."
Carnarvon,WA,warm,11a,mediterranean,November,"Spring arrives gradually, moderated by coast. Growth accelerates steadily.

Plant tender crops: tomatoes, capsicums, beans. Sow lettuce, herbs, quick crops. Succession sow.

Spring is extended and rewarding."
Carnarvon,WA,warm,11a,mediterranean,December,"Summer warm but coastal moderation helps. Regular growth with good water management.

Sow autumn crops in warm soil. Carrots, beets, brassicas, lettuce establish quickly.

Deep early morning watering prevents stress."
Claremont,WA,temperate,10a,coastal|mediterranean,January,"Summer production solid. Tomatoes, beans, cucumbers, zucchini, pumpkins grow well with consistent water. Pick regularly.

Sow autumn crops in warm soil: carrots, beets, brassicas, lettuce establish quickly.

Water deeply morning. Mulch moderates temperature."
Claremont,WA,temperate,10a,coastal|mediterranean,February,"Summer production solid. Tomatoes, beans, cucumbers, zucchini, pumpkins grow well with consistent water. Pick regularly.

Sow autumn crops in warm soil: carrots, beets, brassicas, lettuce establish quickly.

Water deeply morning. Mulch moderates temperature."
Claremont,WA,temperate,10a,coastal|mediterranean,March,"Autumn established. Prime time for cool-season crops: brassicas, lettuce, roots, peas, beans.

Plant seedlings and direct-sow freely. Garlic in April. Everything grows steadily as temperatures cool.

Clear summer crops. Empty beds should be mulched."
Claremont,WA,temperate,10a,coastal|mediterranean,April,"Autumn established. Prime time for cool-season crops: brassicas, lettuce, roots, peas, beans.

Plant seedlings and direct-sow freely. Garlic in April. Everything grows steadily as temperatures cool.

Clear summer crops. Empty beds should be mulched."
Claremont,WA,temperate,10a,coastal|mediterranean,May,"Autumn established. Prime time for cool-season crops: brassicas, lettuce, roots, peas, beans.

Plant seedlings and direct-sow freely. Garlic in April. Everything grows steadily as temperatures cool.

Clear summer crops. Empty beds should be mulched."
Claremont,WA,temperate,10a,coastal|mediterranean,June,"Winter is cool to cold. Frosts vary by location.

Winter crops provide steady harvest. Kale, spinach, peas, beans, roots produce. Protect tender plantings.

Start spring seedlings indoors. Prepare beds."
Claremont,WA,temperate,10a,coastal|mediterranean,July,"Winter is cool to cold. Frosts vary by location.

Winter crops provide steady harvest. Kale, spinach, peas, beans, roots produce. Protect tender plantings.

Start spring seedlings indoors. Prepare beds."
Claremont,WA,temperate,10a,coastal|mediterranean,August,"Winter is cool to cold. Frosts vary by location.

Winter crops provide steady harvest. Kale, spinach, peas, beans, roots produce. Protect tender plantings.

Start spring seedlings indoors. Prepare beds."
Claremont,WA,temperate,10a,coastal|mediterranean,September,"Spring arrives progressively. Frost risk decreases but may linger into early October.

Plant tender crops after last frost. Sow: carrots, lettuce, roots, herbs. Succession sow.

Growth accelerates through spring."
Claremont,WA,temperate,10a,coastal|mediterranean,October,"Spring arrives progressively. Frost risk decreases but may linger into early October.

Plant tender crops after last frost. Sow: carrots, lettuce, roots, herbs. Succession sow.

Growth accelerates through spring."
Claremont,WA,temperate,10a,coastal|mediterranean,November,"Spring arrives progressively. Frost risk decreases but may linger into early October.

Plant tender crops after last frost. Sow: carrots, lettuce, roots, herbs. Succession sow.

Growth accelerates through spring."
Claremont,WA,temperate,10a,coastal|mediterranean,December,"Summer production solid. Tomatoes, beans, cucumbers, zucchini, pumpkins grow well with consistent water. Pick regularly.

Sow autumn crops in warm soil: carrots, beets, brassicas, lettuce establish quickly.

Water deeply morning. Mulch moderates temperature."
Collie,WA,cool,9b,mediterranean,January,"Summer is milder. Growth steady but cool nights limit heat-lovers. Keep picking.

Start brassica and lettuce seedlings indoors. Direct-sow carrots, beetroot, silverbeet, kale.

Water deeply morning. Mulch heavily."
Collie,WA,cool,9b,mediterranean,February,"Summer is milder. Growth steady but cool nights limit heat-lovers. Keep picking.

Start brassica and lettuce seedlings indoors. Direct-sow carrots, beetroot, silverbeet, kale.

Water deeply morning. Mulch heavily."
Collie,WA,cool,9b,mediterranean,March,"Autumn transitions fast. Cool nights arrive, autumn crops thrive.

Plant brassicas, lettuce, leeks, onions. Direct-sow roots, peas, spinach, beans. Garlic in April.

Clear summer crops promptly. Empty beds need compost."
Collie,WA,cool,9b,mediterranean,April,"Autumn transitions fast. Cool nights arrive, autumn crops thrive.

Plant brassicas, lettuce, leeks, onions. Direct-sow roots, peas, spinach, beans. Garlic in April.

Clear summer crops promptly. Empty beds need compost."
Collie,WA,cool,9b,mediterranean,May,"Autumn transitions fast. Cool nights arrive, autumn crops thrive.

Plant brassicas, lettuce, leeks, onions. Direct-sow roots, peas, spinach, beans. Garlic in April.

Clear summer crops promptly. Empty beds need compost."
Collie,WA,cool,9b,mediterranean,June,"Winter is cool but manageable. Occasional frosts, not constant.

Winter crops grow steadily. Spinach, kale, peas, beans, brassicas, roots produce regular harvest.

Start spring seedlings by August. Use quiet winter for planning."
Collie,WA,cool,9b,mediterranean,July,"Winter is cool but manageable. Occasional frosts, not constant.

Winter crops grow steadily. Spinach, kale, peas, beans, brassicas, roots produce regular harvest.

Start spring seedlings by August. Use quiet winter for planning."
Collie,WA,cool,9b,mediterranean,August,"Winter is cool but manageable. Occasional frosts, not constant.

Winter crops grow steadily. Spinach, kale, peas, beans, brassicas, roots produce regular harvest.

Start spring seedlings by August. Use quiet winter for planning."
Collie,WA,cool,9b,mediterranean,September,"Spring arrives progressively. Early spring carries frost risk but warmth increases.

Plant tender crops by late October after frost passes. Sow: carrots, lettuce, roots. Succession sow.

Growth accelerates week by week."
Collie,WA,cool,9b,mediterranean,October,"Spring arrives progressively. Early spring carries frost risk but warmth increases.

Plant tender crops by late October after frost passes. Sow: carrots, lettuce, roots. Succession sow.

Growth accelerates week by week."
Collie,WA,cool,9b,mediterranean,November,"Spring arrives progressively. Early spring carries frost risk but warmth increases.

Plant tender crops by late October after frost passes. Sow: carrots, lettuce, roots. Succession sow.

Growth accelerates week by week."
Collie,WA,cool,9b,mediterranean,December,"Summer is milder. Growth steady but cool nights limit heat-lovers. Keep picking.

Start brassica and lettuce seedlings indoors. Direct-sow carrots, beetroot, silverbeet, kale.

Water deeply morning. Mulch heavily."
Cottesloe,WA,temperate,10a,coastal|mediterranean,January,"Summer production solid. Tomatoes, beans, cucumbers, zucchini, pumpkins grow well with consistent water. Pick regularly.

Sow autumn crops in warm soil: carrots, beets, brassicas, lettuce establish quickly.

Water deeply morning. Mulch moderates temperature."
Cottesloe,WA,temperate,10a,coastal|mediterranean,February,"Summer production solid. Tomatoes, beans, cucumbers, zucchini, pumpkins grow well with consistent water. Pick regularly.

Sow autumn crops in warm soil: carrots, beets, brassicas, lettuce establish quickly.

Water deeply morning. Mulch moderates temperature."
Cottesloe,WA,temperate,10a,coastal|mediterranean,March,"Autumn established. Prime time for cool-season crops: brassicas, lettuce, roots, peas, beans.

Plant seedlings and direct-sow freely. Garlic in April. Everything grows steadily as temperatures cool.

Clear summer crops. Empty beds should be mulched."
Cottesloe,WA,temperate,10a,coastal|mediterranean,April,"Autumn established. Prime time for cool-season crops: brassicas, lettuce, roots, peas, beans.

Plant seedlings and direct-sow freely. Garlic in April. Everything grows steadily as temperatures cool.

Clear summer crops. Empty beds should be mulched."
Cottesloe,WA,temperate,10a,coastal|mediterranean,May,"Autumn established. Prime time for cool-season crops: brassicas, lettuce, roots, peas, beans.

Plant seedlings and direct-sow freely. Garlic in April. Everything grows steadily as temperatures cool.

Clear summer crops. Empty beds should be mulched."
Cottesloe,WA,temperate,10a,coastal|mediterranean,June,"Winter is cool to cold. Frosts vary by location.

Winter crops provide steady harvest. Kale, spinach, peas, beans, roots produce. Protect tender plantings.

Start spring seedlings indoors. Prepare beds."
Cottesloe,WA,temperate,10a,coastal|mediterranean,July,"Winter is cool to cold. Frosts vary by location.

Winter crops provide steady harvest. Kale, spinach, peas, beans, roots produce. Protect tender plantings.

Start spring seedlings indoors. Prepare beds."
Cottesloe,WA,temperate,10a,coastal|mediterranean,August,"Winter is cool to cold. Frosts vary by location.

Winter crops provide steady harvest. Kale, spinach, peas, beans, roots produce. Protect tender plantings.

Start spring seedlings indoors. Prepare beds."
Cottesloe,WA,temperate,10a,coastal|mediterranean,September,"Spring arrives progressively. Frost risk decreases but may linger into early October.

Plant tender crops after last frost. Sow: carrots, lettuce, roots, herbs. Succession sow.

Growth accelerates through spring."
Cottesloe,WA,temperate,10a,coastal|mediterranean,October,"Spring arrives progressively. Frost risk decreases but may linger into early October.

Plant tender crops after last frost. Sow: carrots, lettuce, roots, herbs. Succession sow.

Growth accelerates through spring."
Cottesloe,WA,temperate,10a,coastal|mediterranean,November,"Spring arrives progressively. Frost risk decreases but may linger into early October.

Plant tender crops after last frost. Sow: carrots, lettuce, roots, herbs. Succession sow.

Growth accelerates through spring."
Cottesloe,WA,temperate,10a,coastal|mediterranean,December,"Summer production solid. Tomatoes, beans, cucumbers, zucchini, pumpkins grow well with consistent water. Pick regularly.

Sow autumn crops in warm soil: carrots, beets, brassicas, lettuce establish quickly.

Water deeply morning. Mulch moderates temperature."
Denmark,WA,cool,9a,mediterranean,January,"Summer is milder. Growth steady but cool nights limit heat-lovers. Keep picking.

Start brassica and lettuce seedlings indoors. Direct-sow carrots, beetroot, silverbeet, kale.

Water deeply morning. Mulch heavily."
Denmark,WA,cool,9a,mediterranean,February,"Summer is milder. Growth steady but cool nights limit heat-lovers. Keep picking.

Start brassica and lettuce seedlings indoors. Direct-sow carrots, beetroot, silverbeet, kale.

Water deeply morning. Mulch heavily."
Denmark,WA,cool,9a,mediterranean,March,"Autumn transitions fast. Cool nights arrive, autumn crops thrive.

Plant brassicas, lettuce, leeks, onions. Direct-sow roots, peas, spinach, beans. Garlic in April.

Clear summer crops promptly. Empty beds need compost."
Denmark,WA,cool,9a,mediterranean,April,"Autumn transitions fast. Cool nights arrive, autumn crops thrive.

Plant brassicas, lettuce, leeks, onions. Direct-sow roots, peas, spinach, beans. Garlic in April.

Clear summer crops promptly. Empty beds need compost."
Denmark,WA,cool,9a,mediterranean,May,"Autumn transitions fast. Cool nights arrive, autumn crops thrive.

Plant brassicas, lettuce, leeks, onions. Direct-sow roots, peas, spinach, beans. Garlic in April.

Clear summer crops promptly. Empty beds need compost."
Denmark,WA,cool,9a,mediterranean,June,"Winter is cool but manageable. Occasional frosts, not constant.

Winter crops grow steadily. Spinach, kale, peas, beans, brassicas, roots produce regular harvest.

Start spring seedlings by August. Use quiet winter for planning."
Denmark,WA,cool,9a,mediterranean,July,"Winter is cool but manageable. Occasional frosts, not constant.

Winter crops grow steadily. Spinach, kale, peas, beans, brassicas, roots produce regular harvest.

Start spring seedlings by August. Use quiet winter for planning."
Denmark,WA,cool,9a,mediterranean,August,"Winter is cool but manageable. Occasional frosts, not constant.

Winter crops grow steadily. Spinach, kale, peas, beans, brassicas, roots produce regular harvest.

Start spring seedlings by August. Use quiet winter for planning."
Denmark,WA,cool,9a,mediterranean,September,"Spring arrives progressively. Early spring carries frost risk but warmth increases.

Plant tender crops by late October after frost passes. Sow: carrots, lettuce, roots. Succession sow.

Growth accelerates week by week."
Denmark,WA,cool,9a,mediterranean,October,"Spring arrives progressively. Early spring carries frost risk but warmth increases.

Plant tender crops by late October after frost passes. Sow: carrots, lettuce, roots. Succession sow.

Growth accelerates week by week."
Denmark,WA,cool,9a,mediterranean,November,"Spring arrives progressively. Early spring carries frost risk but warmth increases.

Plant tender crops by late October after frost passes. Sow: carrots, lettuce, roots. Succession sow.

Growth accelerates week by week."
Denmark,WA,cool,9a,mediterranean,December,"Summer is milder. Growth steady but cool nights limit heat-lovers. Keep picking.

Start brassica and lettuce seedlings indoors. Direct-sow carrots, beetroot, silverbeet, kale.

Water deeply morning. Mulch heavily."
Esperance,WA,cool,9b,mediterranean,January,"Summer is milder. Growth steady but cool nights limit heat-lovers. Keep picking.

Start brassica and lettuce seedlings indoors. Direct-sow carrots, beetroot, silverbeet, kale.

Water deeply morning. Mulch heavily."
Esperance,WA,cool,9b,mediterranean,February,"Summer is milder. Growth steady but cool nights limit heat-lovers. Keep picking.

Start brassica and lettuce seedlings indoors. Direct-sow carrots, beetroot, silverbeet, kale.

Water deeply morning. Mulch heavily."
Esperance,WA,cool,9b,mediterranean,March,"Autumn transitions fast. Cool nights arrive, autumn crops thrive.

Plant brassicas, lettuce, leeks, onions. Direct-sow roots, peas, spinach, beans. Garlic in April.

Clear summer crops promptly. Empty beds need compost."
Esperance,WA,cool,9b,mediterranean,April,"Autumn transitions fast. Cool nights arrive, autumn crops thrive.

Plant brassicas, lettuce, leeks, onions. Direct-sow roots, peas, spinach, beans. Garlic in April.

Clear summer crops promptly. Empty beds need compost."
Esperance,WA,cool,9b,mediterranean,May,"Autumn transitions fast. Cool nights arrive, autumn crops thrive.

Plant brassicas, lettuce, leeks, onions. Direct-sow roots, peas, spinach, beans. Garlic in April.

Clear summer crops promptly. Empty beds need compost."
Esperance,WA,cool,9b,mediterranean,June,"Winter is cool but manageable. Occasional frosts, not constant.

Winter crops grow steadily. Spinach, kale, peas, beans, brassicas, roots produce regular harvest.

Start spring seedlings by August. Use quiet winter for planning."
Esperance,WA,cool,9b,mediterranean,July,"Winter is cool but manageable. Occasional frosts, not constant.

Winter crops grow steadily. Spinach, kale, peas, beans, brassicas, roots produce regular harvest.

Start spring seedlings by August. Use quiet winter for planning."
Esperance,WA,cool,9b,mediterranean,August,"Winter is cool but manageable. Occasional frosts, not constant.

Winter crops grow steadily. Spinach, kale, peas, beans, brassicas, roots produce regular harvest.

Start spring seedlings by August. Use quiet winter for planning."
Esperance,WA,cool,9b,mediterranean,September,"Spring arrives progressively. Early spring carries frost risk but warmth increases.

Plant tender crops by late October after frost passes. Sow: carrots, lettuce, roots. Succession sow.

Growth accelerates week by week."
Esperance,WA,cool,9b,mediterranean,October,"Spring arrives progressively. Early spring carries frost risk but warmth increases.

Plant tender crops by late October after frost passes. Sow: carrots, lettuce, roots. Succession sow.

Growth accelerates week by week."
Esperance,WA,cool,9b,mediterranean,November,"Spring arrives progressively. Early spring carries frost risk but warmth increases.

Plant tender crops by late October after frost passes. Sow: carrots, lettuce, roots. Succession sow.

Growth accelerates week by week."
Esperance,WA,cool,9b,mediterranean,December,"Summer is milder. Growth steady but cool nights limit heat-lovers. Keep picking.

Start brassica and lettuce seedlings indoors. Direct-sow carrots, beetroot, silverbeet, kale.

Water deeply morning. Mulch heavily."
Exmouth,WA,warm,11b,mediterranean,January,"Summer warm but coastal moderation helps. Regular growth with good water management.

Sow autumn crops in warm soil. Carrots, beets, brassicas, lettuce establish quickly.

Deep early morning watering prevents stress."
Exmouth,WA,warm,11b,mediterranean,February,"Summer warm but coastal moderation helps. Regular growth with good water management.

Sow autumn crops in warm soil. Carrots, beets, brassicas, lettuce establish quickly.

Deep early morning watering prevents stress."
Exmouth,WA,warm,11b,mediterranean,March,"Autumn mild and extended by coastal protection. Excellent for cool-weather crops.

Plant brassicas, lettuce, onions, leeks, roots. Direct-sow peas, beans, Asian greens. Garlic in April.

Autumn is prime season."
Exmouth,WA,warm,11b,mediterranean,April,"Autumn mild and extended by coastal protection. Excellent for cool-weather crops.

Plant brassicas, lettuce, onions, leeks, roots. Direct-sow peas, beans, Asian greens. Garlic in April.

Autumn is prime season."
Exmouth,WA,warm,11b,mediterranean,May,"Autumn mild and extended by coastal protection. Excellent for cool-weather crops.

Plant brassicas, lettuce, onions, leeks, roots. Direct-sow peas, beans, Asian greens. Garlic in April.

Autumn is prime season."
Exmouth,WA,warm,11b,mediterranean,June,"Winter mild. Frosts rare. Growth continues steadily.

Winter crops produce heavily. Brassicas, lettuce, spinach, peas, roots thrive.

Start spring seedlings by August."
Exmouth,WA,warm,11b,mediterranean,July,"Winter mild. Frosts rare. Growth continues steadily.

Winter crops produce heavily. Brassicas, lettuce, spinach, peas, roots thrive.

Start spring seedlings by August."
Exmouth,WA,warm,11b,mediterranean,August,"Winter mild. Frosts rare. Growth continues steadily.

Winter crops produce heavily. Brassicas, lettuce, spinach, peas, roots thrive.

Start spring seedlings by August."
Exmouth,WA,warm,11b,mediterranean,September,"Spring arrives gradually, moderated by coast. Growth accelerates steadily.

Plant tender crops: tomatoes, capsicums, beans. Sow lettuce, herbs, quick crops. Succession sow.

Spring is extended and rewarding."
Exmouth,WA,warm,11b,mediterranean,October,"Spring arrives gradually, moderated by coast. Growth accelerates steadily.

Plant tender crops: tomatoes, capsicums, beans. Sow lettuce, herbs, quick crops. Succession sow.

Spring is extended and rewarding."
Exmouth,WA,warm,11b,mediterranean,November,"Spring arrives gradually, moderated by coast. Growth accelerates steadily.

Plant tender crops: tomatoes, capsicums, beans. Sow lettuce, herbs, quick crops. Succession sow.

Spring is extended and rewarding."
Exmouth,WA,warm,11b,mediterranean,December,"Summer warm but coastal moderation helps. Regular growth with good water management.

Sow autumn crops in warm soil. Carrots, beets, brassicas, lettuce establish quickly.

Deep early morning watering prevents stress."
Fremantle,WA,temperate,10a,coastal,January,"Summer production solid. Tomatoes, beans, cucumbers, zucchini, pumpkins grow well with consistent water. Pick regularly.

Sow autumn crops in warm soil: carrots, beets, brassicas, lettuce establish quickly.

Water deeply morning. Mulch moderates temperature."
Fremantle,WA,temperate,10a,coastal,February,"Summer production solid. Tomatoes, beans, cucumbers, zucchini, pumpkins grow well with consistent water. Pick regularly.

Sow autumn crops in warm soil: carrots, beets, brassicas, lettuce establish quickly.

Water deeply morning. Mulch moderates temperature."
Fremantle,WA,temperate,10a,coastal,March,"Autumn established. Prime time for cool-season crops: brassicas, lettuce, roots, peas, beans.

Plant seedlings and direct-sow freely. Garlic in April. Everything grows steadily as temperatures cool.

Clear summer crops. Empty beds should be mulched."
Fremantle,WA,temperate,10a,coastal,April,"Autumn established. Prime time for cool-season crops: brassicas, lettuce, roots, peas, beans.

Plant seedlings and direct-sow freely. Garlic in April. Everything grows steadily as temperatures cool.

Clear summer crops. Empty beds should be mulched."
Fremantle,WA,temperate,10a,coastal,May,"Autumn established. Prime time for cool-season crops: brassicas, lettuce, roots, peas, beans.

Plant seedlings and direct-sow freely. Garlic in April. Everything grows steadily as temperatures cool.

Clear summer crops. Empty beds should be mulched."
Fremantle,WA,temperate,10a,coastal,June,"Winter is cool to cold. Frosts vary by location.

Winter crops provide steady harvest. Kale, spinach, peas, beans, roots produce. Protect tender plantings.

Start spring seedlings indoors. Prepare beds."
Fremantle,WA,temperate,10a,coastal,July,"Winter is cool to cold. Frosts vary by location.

Winter crops provide steady harvest. Kale, spinach, peas, beans, roots produce. Protect tender plantings.

Start spring seedlings indoors. Prepare beds."
Fremantle,WA,temperate,10a,coastal,August,"Winter is cool to cold. Frosts vary by location.

Winter crops provide steady harvest. Kale, spinach, peas, beans, roots produce. Protect tender plantings.

Start spring seedlings indoors. Prepare beds."
Fremantle,WA,temperate,10a,coastal,September,"Spring arrives progressively. Frost risk decreases but may linger into early October.

Plant tender crops after last frost. Sow: carrots, lettuce, roots, herbs. Succession sow.

Growth accelerates through spring."
Fremantle,WA,temperate,10a,coastal,October,"Spring arrives progressively. Frost risk decreases but may linger into early October.

Plant tender crops after last frost. Sow: carrots, lettuce, roots, herbs. Succession sow.

Growth accelerates through spring."
Fremantle,WA,temperate,10a,coastal,November,"Spring arrives progressively. Frost risk decreases but may linger into early October.

Plant tender crops after last frost. Sow: carrots, lettuce, roots, herbs. Succession sow.

Growth accelerates through spring."
Fremantle,WA,temperate,10a,coastal,December,"Summer production solid. Tomatoes, beans, cucumbers, zucchini, pumpkins grow well with consistent water. Pick regularly.

Sow autumn crops in warm soil: carrots, beets, brassicas, lettuce establish quickly.

Water deeply morning. Mulch moderates temperature."
Geraldton,WA,temperate,10b,mediterranean,January,"Summer production solid. Tomatoes, beans, cucumbers, zucchini, pumpkins grow well with consistent water. Pick regularly.

Sow autumn crops in warm soil: carrots, beets, brassicas, lettuce establish quickly.

Water deeply morning. Mulch moderates temperature."
Geraldton,WA,temperate,10b,mediterranean,February,"Summer production solid. Tomatoes, beans, cucumbers, zucchini, pumpkins grow well with consistent water. Pick regularly.

Sow autumn crops in warm soil: carrots, beets, brassicas, lettuce establish quickly.

Water deeply morning. Mulch moderates temperature."
Geraldton,WA,temperate,10b,mediterranean,March,"Autumn established. Prime time for cool-season crops: brassicas, lettuce, roots, peas, beans.

Plant seedlings and direct-sow freely. Garlic in April. Everything grows steadily as temperatures cool.

Clear summer crops. Empty beds should be mulched."
Geraldton,WA,temperate,10b,mediterranean,April,"Autumn established. Prime time for cool-season crops: brassicas, lettuce, roots, peas, beans.

Plant seedlings and direct-sow freely. Garlic in April. Everything grows steadily as temperatures cool.

Clear summer crops. Empty beds should be mulched."
Geraldton,WA,temperate,10b,mediterranean,May,"Autumn established. Prime time for cool-season crops: brassicas, lettuce, roots, peas, beans.

Plant seedlings and direct-sow freely. Garlic in April. Everything grows steadily as temperatures cool.

Clear summer crops. Empty beds should be mulched."
Geraldton,WA,temperate,10b,mediterranean,June,"Winter is cool to cold. Frosts vary by location.

Winter crops provide steady harvest. Kale, spinach, peas, beans, roots produce. Protect tender plantings.

Start spring seedlings indoors. Prepare beds."
Geraldton,WA,temperate,10b,mediterranean,July,"Winter is cool to cold. Frosts vary by location.

Winter crops provide steady harvest. Kale, spinach, peas, beans, roots produce. Protect tender plantings.

Start spring seedlings indoors. Prepare beds."
Geraldton,WA,temperate,10b,mediterranean,August,"Winter is cool to cold. Frosts vary by location.

Winter crops provide steady harvest. Kale, spinach, peas, beans, roots produce. Protect tender plantings.

Start spring seedlings indoors. Prepare beds."
Geraldton,WA,temperate,10b,mediterranean,September,"Spring arrives progressively. Frost risk decreases but may linger into early October.

Plant tender crops after last frost. Sow: carrots, lettuce, roots, herbs. Succession sow.

Growth accelerates through spring."
Geraldton,WA,temperate,10b,mediterranean,October,"Spring arrives progressively. Frost risk decreases but may linger into early October.

Plant tender crops after last frost. Sow: carrots, lettuce, roots, herbs. Succession sow.

Growth accelerates through spring."
Geraldton,WA,temperate,10b,mediterranean,November,"Spring arrives progressively. Frost risk decreases but may linger into early October.

Plant tender crops after last frost. Sow: carrots, lettuce, roots, herbs. Succession sow.

Growth accelerates through spring."
Geraldton,WA,temperate,10b,mediterranean,December,"Summer production solid. Tomatoes, beans, cucumbers, zucchini, pumpkins grow well with consistent water. Pick regularly.

Sow autumn crops in warm soil: carrots, beets, brassicas, lettuce establish quickly.

Water deeply morning. Mulch moderates temperature."
Joondalup,WA,temperate,10a,coastal|mediterranean,January,"Summer production solid. Tomatoes, beans, cucumbers, zucchini, pumpkins grow well with consistent water. Pick regularly.

Sow autumn crops in warm soil: carrots, beets, brassicas, lettuce establish quickly.

Water deeply morning. Mulch moderates temperature."
Joondalup,WA,temperate,10a,coastal|mediterranean,February,"Summer production solid. Tomatoes, beans, cucumbers, zucchini, pumpkins grow well with consistent water. Pick regularly.

Sow autumn crops in warm soil: carrots, beets, brassicas, lettuce establish quickly.

Water deeply morning. Mulch moderates temperature."
Joondalup,WA,temperate,10a,coastal|mediterranean,March,"Autumn established. Prime time for cool-season crops: brassicas, lettuce, roots, peas, beans.

Plant seedlings and direct-sow freely. Garlic in April. Everything grows steadily as temperatures cool.

Clear summer crops. Empty beds should be mulched."
Joondalup,WA,temperate,10a,coastal|mediterranean,April,"Autumn established. Prime time for cool-season crops: brassicas, lettuce, roots, peas, beans.

Plant seedlings and direct-sow freely. Garlic in April. Everything grows steadily as temperatures cool.

Clear summer crops. Empty beds should be mulched."
Joondalup,WA,temperate,10a,coastal|mediterranean,May,"Autumn established. Prime time for cool-season crops: brassicas, lettuce, roots, peas, beans.

Plant seedlings and direct-sow freely. Garlic in April. Everything grows steadily as temperatures cool.

Clear summer crops. Empty beds should be mulched."
Joondalup,WA,temperate,10a,coastal|mediterranean,June,"Winter is cool to cold. Frosts vary by location.

Winter crops provide steady harvest. Kale, spinach, peas, beans, roots produce. Protect tender plantings.

Start spring seedlings indoors. Prepare beds."
Joondalup,WA,temperate,10a,coastal|mediterranean,July,"Winter is cool to cold. Frosts vary by location.

Winter crops provide steady harvest. Kale, spinach, peas, beans, roots produce. Protect tender plantings.

Start spring seedlings indoors. Prepare beds."
Joondalup,WA,temperate,10a,coastal|mediterranean,August,"Winter is cool to cold. Frosts vary by location.

Winter crops provide steady harvest. Kale, spinach, peas, beans, roots produce. Protect tender plantings.

Start spring seedlings indoors. Prepare beds."
Joondalup,WA,temperate,10a,coastal|mediterranean,September,"Spring arrives progressively. Frost risk decreases but may linger into early October.

Plant tender crops after last frost. Sow: carrots, lettuce, roots, herbs. Succession sow.

Growth accelerates through spring."
Joondalup,WA,temperate,10a,coastal|mediterranean,October,"Spring arrives progressively. Frost risk decreases but may linger into early October.

Plant tender crops after last frost. Sow: carrots, lettuce, roots, herbs. Succession sow.

Growth accelerates through spring."
Joondalup,WA,temperate,10a,coastal|mediterranean,November,"Spring arrives progressively. Frost risk decreases but may linger into early October.

Plant tender crops after last frost. Sow: carrots, lettuce, roots, herbs. Succession sow.

Growth accelerates through spring."
Joondalup,WA,temperate,10a,coastal|mediterranean,December,"Summer production solid. Tomatoes, beans, cucumbers, zucchini, pumpkins grow well with consistent water. Pick regularly.

Sow autumn crops in warm soil: carrots, beets, brassicas, lettuce establish quickly.

Water deeply morning. Mulch moderates temperature."
Kalbarri,WA,temperate,10b,mediterranean,January,"Summer production solid. Tomatoes, beans, cucumbers, zucchini, pumpkins grow well with consistent water. Pick regularly.

Sow autumn crops in warm soil: carrots, beets, brassicas, lettuce establish quickly.

Water deeply morning. Mulch moderates temperature."
Kalbarri,WA,temperate,10b,mediterranean,February,"Summer production solid. Tomatoes, beans, cucumbers, zucchini, pumpkins grow well with consistent water. Pick regularly.

Sow autumn crops in warm soil: carrots, beets, brassicas, lettuce establish quickly.

Water deeply morning. Mulch moderates temperature."
Kalbarri,WA,temperate,10b,mediterranean,March,"Autumn established. Prime time for cool-season crops: brassicas, lettuce, roots, peas, beans.

Plant seedlings and direct-sow freely. Garlic in April. Everything grows steadily as temperatures cool.

Clear summer crops. Empty beds should be mulched."
Kalbarri,WA,temperate,10b,mediterranean,April,"Autumn established. Prime time for cool-season crops: brassicas, lettuce, roots, peas, beans.

Plant seedlings and direct-sow freely. Garlic in April. Everything grows steadily as temperatures cool.

Clear summer crops. Empty beds should be mulched."
Kalbarri,WA,temperate,10b,mediterranean,May,"Autumn established. Prime time for cool-season crops: brassicas, lettuce, roots, peas, beans.

Plant seedlings and direct-sow freely. Garlic in April. Everything grows steadily as temperatures cool.

Clear summer crops. Empty beds should be mulched."
Kalbarri,WA,temperate,10b,mediterranean,June,"Winter is cool to cold. Frosts vary by location.

Winter crops provide steady harvest. Kale, spinach, peas, beans, roots produce. Protect tender plantings.

Start spring seedlings indoors. Prepare beds."
Kalbarri,WA,temperate,10b,mediterranean,July,"Winter is cool to cold. Frosts vary by location.

Winter crops provide steady harvest. Kale, spinach, peas, beans, roots produce. Protect tender plantings.

Start spring seedlings indoors. Prepare beds."
Kalbarri,WA,temperate,10b,mediterranean,August,"Winter is cool to cold. Frosts vary by location.

Winter crops provide steady harvest. Kale, spinach, peas, beans, roots produce. Protect tender plantings.

Start spring seedlings indoors. Prepare beds."
Kalbarri,WA,temperate,10b,mediterranean,September,"Spring arrives progressively. Frost risk decreases but may linger into early October.

Plant tender crops after last frost. Sow: carrots, lettuce, roots, herbs. Succession sow.

Growth accelerates through spring."
Kalbarri,WA,temperate,10b,mediterranean,October,"Spring arrives progressively. Frost risk decreases but may linger into early October.

Plant tender crops after last frost. Sow: carrots, lettuce, roots, herbs. Succession sow.

Growth accelerates through spring."
Kalbarri,WA,temperate,10b,mediterranean,November,"Spring arrives progressively. Frost risk decreases but may linger into early October.

Plant tender crops after last frost. Sow: carrots, lettuce, roots, herbs. Succession sow.

Growth accelerates through spring."
Kalbarri,WA,temperate,10b,mediterranean,December,"Summer production solid. Tomatoes, beans, cucumbers, zucchini, pumpkins grow well with consistent water. Pick regularly.

Sow autumn crops in warm soil: carrots, beets, brassicas, lettuce establish quickly.

Water deeply morning. Mulch moderates temperature."
Kalgoorlie,WA,temperate,10b,arid_inland,January,"Summer production solid. Tomatoes, beans, cucumbers, zucchini, pumpkins grow well with consistent water. Pick regularly.

Sow autumn crops in warm soil: carrots, beets, brassicas, lettuce establish quickly.

Water deeply morning. Mulch moderates temperature."
Kalgoorlie,WA,temperate,10b,arid_inland,February,"Summer production solid. Tomatoes, beans, cucumbers, zucchini, pumpkins grow well with consistent water. Pick regularly.

Sow autumn crops in warm soil: carrots, beets, brassicas, lettuce establish quickly.

Water deeply morning. Mulch moderates temperature."
Kalgoorlie,WA,temperate,10b,arid_inland,March,"Autumn established. Prime time for cool-season crops: brassicas, lettuce, roots, peas, beans.

Plant seedlings and direct-sow freely. Garlic in April. Everything grows steadily as temperatures cool.

Clear summer crops. Empty beds should be mulched."
Kalgoorlie,WA,temperate,10b,arid_inland,April,"Autumn established. Prime time for cool-season crops: brassicas, lettuce, roots, peas, beans.

Plant seedlings and direct-sow freely. Garlic in April. Everything grows steadily as temperatures cool.

Clear summer crops. Empty beds should be mulched."
Kalgoorlie,WA,temperate,10b,arid_inland,May,"Autumn established. Prime time for cool-season crops: brassicas, lettuce, roots, peas, beans.

Plant seedlings and direct-sow freely. Garlic in April. Everything grows steadily as temperatures cool.

Clear summer crops. Empty beds should be mulched."
Kalgoorlie,WA,temperate,10b,arid_inland,June,"Winter is cool to cold. Frosts vary by location.

Winter crops provide steady harvest. Kale, spinach, peas, beans, roots produce. Protect tender plantings.

Start spring seedlings indoors. Prepare beds."
Kalgoorlie,WA,temperate,10b,arid_inland,July,"Winter is cool to cold. Frosts vary by location.

Winter crops provide steady harvest. Kale, spinach, peas, beans, roots produce. Protect tender plantings.

Start spring seedlings indoors. Prepare beds."
Kalgoorlie,WA,temperate,10b,arid_inland,August,"Winter is cool to cold. Frosts vary by location.

Winter crops provide steady harvest. Kale, spinach, peas, beans, roots produce. Protect tender plantings.

Start spring seedlings indoors. Prepare beds."
Kalgoorlie,WA,temperate,10b,arid_inland,September,"Spring arrives progressively. Frost risk decreases but may linger into early October.

Plant tender crops after last frost. Sow: carrots, lettuce, roots, herbs. Succession sow.

Growth accelerates through spring."
Kalgoorlie,WA,temperate,10b,arid_inland,October,"Spring arrives progressively. Frost risk decreases but may linger into early October.

Plant tender crops after last frost. Sow: carrots, lettuce, roots, herbs. Succession sow.

Growth accelerates through spring."
Kalgoorlie,WA,temperate,10b,arid_inland,November,"Spring arrives progressively. Frost risk decreases but may linger into early October.

Plant tender crops after last frost. Sow: carrots, lettuce, roots, herbs. Succession sow.

Growth accelerates through spring."
Kalgoorlie,WA,temperate,10b,arid_inland,December,"Summer production solid. Tomatoes, beans, cucumbers, zucchini, pumpkins grow well with consistent water. Pick regularly.

Sow autumn crops in warm soil: carrots, beets, brassicas, lettuce establish quickly.

Water deeply morning. Mulch moderates temperature."
Karratha,WA,warm,11b,mediterranean,January,"Summer warm but coastal moderation helps. Regular growth with good water management.

Sow autumn crops in warm soil. Carrots, beets, brassicas, lettuce establish quickly.

Deep early morning watering prevents stress."
Karratha,WA,warm,11b,mediterranean,February,"Summer warm but coastal moderation helps. Regular growth with good water management.

Sow autumn crops in warm soil. Carrots, beets, brassicas, lettuce establish quickly.

Deep early morning watering prevents stress."
Karratha,WA,warm,11b,mediterranean,March,"Autumn mild and extended by coastal protection. Excellent for cool-weather crops.

Plant brassicas, lettuce, onions, leeks, roots. Direct-sow peas, beans, Asian greens. Garlic in April.

Autumn is prime season."
Karratha,WA,warm,11b,mediterranean,April,"Autumn mild and extended by coastal protection. Excellent for cool-weather crops.

Plant brassicas, lettuce, onions, leeks, roots. Direct-sow peas, beans, Asian greens. Garlic in April.

Autumn is prime season."
Karratha,WA,warm,11b,mediterranean,May,"Autumn mild and extended by coastal protection. Excellent for cool-weather crops.

Plant brassicas, lettuce, onions, leeks, roots. Direct-sow peas, beans, Asian greens. Garlic in April.

Autumn is prime season."
Karratha,WA,warm,11b,mediterranean,June,"Winter mild. Frosts rare. Growth continues steadily.

Winter crops produce heavily. Brassicas, lettuce, spinach, peas, roots thrive.

Start spring seedlings by August."
Karratha,WA,warm,11b,mediterranean,July,"Winter mild. Frosts rare. Growth continues steadily.

Winter crops produce heavily. Brassicas, lettuce, spinach, peas, roots thrive.

Start spring seedlings by August."
Karratha,WA,warm,11b,mediterranean,August,"Winter mild. Frosts rare. Growth continues steadily.

Winter crops produce heavily. Brassicas, lettuce, spinach, peas, roots thrive.

Start spring seedlings by August."
Karratha,WA,warm,11b,mediterranean,September,"Spring arrives gradually, moderated by coast. Growth accelerates steadily.

Plant tender crops: tomatoes, capsicums, beans. Sow lettuce, herbs, quick crops. Succession sow.

Spring is extended and rewarding."
Karratha,WA,warm,11b,mediterranean,October,"Spring arrives gradually, moderated by coast. Growth accelerates steadily.

Plant tender crops: tomatoes, capsicums, beans. Sow lettuce, herbs, quick crops. Succession sow.

Spring is extended and rewarding."
Karratha,WA,warm,11b,mediterranean,November,"Spring arrives gradually, moderated by coast. Growth accelerates steadily.

Plant tender crops: tomatoes, capsicums, beans. Sow lettuce, herbs, quick crops. Succession sow.

Spring is extended and rewarding."
Karratha,WA,warm,11b,mediterranean,December,"Summer warm but coastal moderation helps. Regular growth with good water management.

Sow autumn crops in warm soil. Carrots, beets, brassicas, lettuce establish quickly.

Deep early morning watering prevents stress."
Kwinana,WA,temperate,10a,mediterranean,January,"Summer production solid. Tomatoes, beans, cucumbers, zucchini, pumpkins grow well with consistent water. Pick regularly.

Sow autumn crops in warm soil: carrots, beets, brassicas, lettuce establish quickly.

Water deeply morning. Mulch moderates temperature."
Kwinana,WA,temperate,10a,mediterranean,February,"Summer production solid. Tomatoes, beans, cucumbers, zucchini, pumpkins grow well with consistent water. Pick regularly.

Sow autumn crops in warm soil: carrots, beets, brassicas, lettuce establish quickly.

Water deeply morning. Mulch moderates temperature."
Kwinana,WA,temperate,10a,mediterranean,March,"Autumn established. Prime time for cool-season crops: brassicas, lettuce, roots, peas, beans.

Plant seedlings and direct-sow freely. Garlic in April. Everything grows steadily as temperatures cool.

Clear summer crops. Empty beds should be mulched."
Kwinana,WA,temperate,10a,mediterranean,April,"Autumn established. Prime time for cool-season crops: brassicas, lettuce, roots, peas, beans.

Plant seedlings and direct-sow freely. Garlic in April. Everything grows steadily as temperatures cool.

Clear summer crops. Empty beds should be mulched."
Kwinana,WA,temperate,10a,mediterranean,May,"Autumn established. Prime time for cool-season crops: brassicas, lettuce, roots, peas, beans.

Plant seedlings and direct-sow freely. Garlic in April. Everything grows steadily as temperatures cool.

Clear summer crops. Empty beds should be mulched."
Kwinana,WA,temperate,10a,mediterranean,June,"Winter is cool to cold. Frosts vary by location.

Winter crops provide steady harvest. Kale, spinach, peas, beans, roots produce. Protect tender plantings.

Start spring seedlings indoors. Prepare beds."
Kwinana,WA,temperate,10a,mediterranean,July,"Winter is cool to cold. Frosts vary by location.

Winter crops provide steady harvest. Kale, spinach, peas, beans, roots produce. Protect tender plantings.

Start spring seedlings indoors. Prepare beds."
Kwinana,WA,temperate,10a,mediterranean,August,"Winter is cool to cold. Frosts vary by location.

Winter crops provide steady harvest. Kale, spinach, peas, beans, roots produce. Protect tender plantings.

Start spring seedlings indoors. Prepare beds."
Kwinana,WA,temperate,10a,mediterranean,September,"Spring arrives progressively. Frost risk decreases but may linger into early October.

Plant tender crops after last frost. Sow: carrots, lettuce, roots, herbs. Succession sow.

Growth accelerates through spring."
Kwinana,WA,temperate,10a,mediterranean,October,"Spring arrives progressively. Frost risk decreases but may linger into early October.

Plant tender crops after last frost. Sow: carrots, lettuce, roots, herbs. Succession sow.

Growth accelerates through spring."
Kwinana,WA,temperate,10a,mediterranean,November,"Spring arrives progressively. Frost risk decreases but may linger into early October.

Plant tender crops after last frost. Sow: carrots, lettuce, roots, herbs. Succession sow.

Growth accelerates through spring."
Kwinana,WA,temperate,10a,mediterranean,December,"Summer production solid. Tomatoes, beans, cucumbers, zucchini, pumpkins grow well with consistent water. Pick regularly.

Sow autumn crops in warm soil: carrots, beets, brassicas, lettuce establish quickly.

Water deeply morning. Mulch moderates temperature."
Mandurah,WA,temperate,10a,coastal|mediterranean,January,"Summer production solid. Tomatoes, beans, cucumbers, zucchini, pumpkins grow well with consistent water. Pick regularly.

Sow autumn crops in warm soil: carrots, beets, brassicas, lettuce establish quickly.

Water deeply morning. Mulch moderates temperature."
Mandurah,WA,temperate,10a,coastal|mediterranean,February,"Summer production solid. Tomatoes, beans, cucumbers, zucchini, pumpkins grow well with consistent water. Pick regularly.

Sow autumn crops in warm soil: carrots, beets, brassicas, lettuce establish quickly.

Water deeply morning. Mulch moderates temperature."
Mandurah,WA,temperate,10a,coastal|mediterranean,March,"Autumn established. Prime time for cool-season crops: brassicas, lettuce, roots, peas, beans.

Plant seedlings and direct-sow freely. Garlic in April. Everything grows steadily as temperatures cool.

Clear summer crops. Empty beds should be mulched."
Mandurah,WA,temperate,10a,coastal|mediterranean,April,"Autumn established. Prime time for cool-season crops: brassicas, lettuce, roots, peas, beans.

Plant seedlings and direct-sow freely. Garlic in April. Everything grows steadily as temperatures cool.

Clear summer crops. Empty beds should be mulched."
Mandurah,WA,temperate,10a,coastal|mediterranean,May,"Autumn established. Prime time for cool-season crops: brassicas, lettuce, roots, peas, beans.

Plant seedlings and direct-sow freely. Garlic in April. Everything grows steadily as temperatures cool.

Clear summer crops. Empty beds should be mulched."
Mandurah,WA,temperate,10a,coastal|mediterranean,June,"Winter is cool to cold. Frosts vary by location.

Winter crops provide steady harvest. Kale, spinach, peas, beans, roots produce. Protect tender plantings.

Start spring seedlings indoors. Prepare beds."
Mandurah,WA,temperate,10a,coastal|mediterranean,July,"Winter is cool to cold. Frosts vary by location.

Winter crops provide steady harvest. Kale, spinach, peas, beans, roots produce. Protect tender plantings.

Start spring seedlings indoors. Prepare beds."
Mandurah,WA,temperate,10a,coastal|mediterranean,August,"Winter is cool to cold. Frosts vary by location.

Winter crops provide steady harvest. Kale, spinach, peas, beans, roots produce. Protect tender plantings.

Start spring seedlings indoors. Prepare beds."
Mandurah,WA,temperate,10a,coastal|mediterranean,September,"Spring arrives progressively. Frost risk decreases but may linger into early October.

Plant tender crops after last frost. Sow: carrots, lettuce, roots, herbs. Succession sow.

Growth accelerates through spring."
Mandurah,WA,temperate,10a,coastal|mediterranean,October,"Spring arrives progressively. Frost risk decreases but may linger into early October.

Plant tender crops after last frost. Sow: carrots, lettuce, roots, herbs. Succession sow.

Growth accelerates through spring."
Mandurah,WA,temperate,10a,coastal|mediterranean,November,"Spring arrives progressively. Frost risk decreases but may linger into early October.

Plant tender crops after last frost. Sow: carrots, lettuce, roots, herbs. Succession sow.

Growth accelerates through spring."
Mandurah,WA,temperate,10a,coastal|mediterranean,December,"Summer production solid. Tomatoes, beans, cucumbers, zucchini, pumpkins grow well with consistent water. Pick regularly.

Sow autumn crops in warm soil: carrots, beets, brassicas, lettuce establish quickly.

Water deeply morning. Mulch moderates temperature."
Manjimup,WA,cool,9a,mediterranean,January,"Summer is milder. Growth steady but cool nights limit heat-lovers. Keep picking.

Start brassica and lettuce seedlings indoors. Direct-sow carrots, beetroot, silverbeet, kale.

Water deeply morning. Mulch heavily."
Manjimup,WA,cool,9a,mediterranean,February,"Summer is milder. Growth steady but cool nights limit heat-lovers. Keep picking.

Start brassica and lettuce seedlings indoors. Direct-sow carrots, beetroot, silverbeet, kale.

Water deeply morning. Mulch heavily."
Manjimup,WA,cool,9a,mediterranean,March,"Autumn transitions fast. Cool nights arrive, autumn crops thrive.

Plant brassicas, lettuce, leeks, onions. Direct-sow roots, peas, spinach, beans. Garlic in April.

Clear summer crops promptly. Empty beds need compost."
Manjimup,WA,cool,9a,mediterranean,April,"Autumn transitions fast. Cool nights arrive, autumn crops thrive.

Plant brassicas, lettuce, leeks, onions. Direct-sow roots, peas, spinach, beans. Garlic in April.

Clear summer crops promptly. Empty beds need compost."
Manjimup,WA,cool,9a,mediterranean,May,"Autumn transitions fast. Cool nights arrive, autumn crops thrive.

Plant brassicas, lettuce, leeks, onions. Direct-sow roots, peas, spinach, beans. Garlic in April.

Clear summer crops promptly. Empty beds need compost."
Manjimup,WA,cool,9a,mediterranean,June,"Winter is cool but manageable. Occasional frosts, not constant.

Winter crops grow steadily. Spinach, kale, peas, beans, brassicas, roots produce regular harvest.

Start spring seedlings by August. Use quiet winter for planning."
Manjimup,WA,cool,9a,mediterranean,July,"Winter is cool but manageable. Occasional frosts, not constant.

Winter crops grow steadily. Spinach, kale, peas, beans, brassicas, roots produce regular harvest.

Start spring seedlings by August. Use quiet winter for planning."
Manjimup,WA,cool,9a,mediterranean,August,"Winter is cool but manageable. Occasional frosts, not constant.

Winter crops grow steadily. Spinach, kale, peas, beans, brassicas, roots produce regular harvest.

Start spring seedlings by August. Use quiet winter for planning."
Manjimup,WA,cool,9a,mediterranean,September,"Spring arrives progressively. Early spring carries frost risk but warmth increases.

Plant tender crops by late October after frost passes. Sow: carrots, lettuce, roots. Succession sow.

Growth accelerates week by week."
Manjimup,WA,cool,9a,mediterranean,October,"Spring arrives progressively. Early spring carries frost risk but warmth increases.

Plant tender crops by late October after frost passes. Sow: carrots, lettuce, roots. Succession sow.

Growth accelerates week by week."
Manjimup,WA,cool,9a,mediterranean,November,"Spring arrives progressively. Early spring carries frost risk but warmth increases.

Plant tender crops by late October after frost passes. Sow: carrots, lettuce, roots. Succession sow.

Growth accelerates week by week."
Manjimup,WA,cool,9a,mediterranean,December,"Summer is milder. Growth steady but cool nights limit heat-lovers. Keep picking.

Start brassica and lettuce seedlings indoors. Direct-sow carrots, beetroot, silverbeet, kale.

Water deeply morning. Mulch heavily."
Margaret River,WA,cool,9a,coastal,January,"Summer is milder. Growth steady but cool nights limit heat-lovers. Keep picking.

Start brassica and lettuce seedlings indoors. Direct-sow carrots, beetroot, silverbeet, kale.

Water deeply morning. Mulch heavily."
Margaret River,WA,cool,9a,coastal,February,"Summer is milder. Growth steady but cool nights limit heat-lovers. Keep picking.

Start brassica and lettuce seedlings indoors. Direct-sow carrots, beetroot, silverbeet, kale.

Water deeply morning. Mulch heavily."
Margaret River,WA,cool,9a,coastal,March,"Autumn transitions fast. Cool nights arrive, autumn crops thrive.

Plant brassicas, lettuce, leeks, onions. Direct-sow roots, peas, spinach, beans. Garlic in April.

Clear summer crops promptly. Empty beds need compost."
Margaret River,WA,cool,9a,coastal,April,"Autumn transitions fast. Cool nights arrive, autumn crops thrive.

Plant brassicas, lettuce, leeks, onions. Direct-sow roots, peas, spinach, beans. Garlic in April.

Clear summer crops promptly. Empty beds need compost."
Margaret River,WA,cool,9a,coastal,May,"Autumn transitions fast. Cool nights arrive, autumn crops thrive.

Plant brassicas, lettuce, leeks, onions. Direct-sow roots, peas, spinach, beans. Garlic in April.

Clear summer crops promptly. Empty beds need compost."
Margaret River,WA,cool,9a,coastal,June,"Winter is cool but manageable. Occasional frosts, not constant.

Winter crops grow steadily. Spinach, kale, peas, beans, brassicas, roots produce regular harvest.

Start spring seedlings by August. Use quiet winter for planning."
Margaret River,WA,cool,9a,coastal,July,"Winter is cool but manageable. Occasional frosts, not constant.

Winter crops grow steadily. Spinach, kale, peas, beans, brassicas, roots produce regular harvest.

Start spring seedlings by August. Use quiet winter for planning."
Margaret River,WA,cool,9a,coastal,August,"Winter is cool but manageable. Occasional frosts, not constant.

Winter crops grow steadily. Spinach, kale, peas, beans, brassicas, roots produce regular harvest.

Start spring seedlings by August. Use quiet winter for planning."
Margaret River,WA,cool,9a,coastal,September,"Spring arrives progressively. Early spring carries frost risk but warmth increases.

Plant tender crops by late October after frost passes. Sow: carrots, lettuce, roots. Succession sow.

Growth accelerates week by week."
Margaret River,WA,cool,9a,coastal,October,"Spring arrives progressively. Early spring carries frost risk but warmth increases.

Plant tender crops by late October after frost passes. Sow: carrots, lettuce, roots. Succession sow.

Growth accelerates week by week."
Margaret River,WA,cool,9a,coastal,November,"Spring arrives progressively. Early spring carries frost risk but warmth increases.

Plant tender crops by late October after frost passes. Sow: carrots, lettuce, roots. Succession sow.

Growth accelerates week by week."
Margaret River,WA,cool,9a,coastal,December,"Summer is milder. Growth steady but cool nights limit heat-lovers. Keep picking.

Start brassica and lettuce seedlings indoors. Direct-sow carrots, beetroot, silverbeet, kale.

Water deeply morning. Mulch heavily."
Midland,WA,temperate,10a,mediterranean,January,"Summer production solid. Tomatoes, beans, cucumbers, zucchini, pumpkins grow well with consistent water. Pick regularly.

Sow autumn crops in warm soil: carrots, beets, brassicas, lettuce establish quickly.

Water deeply morning. Mulch moderates temperature."
Midland,WA,temperate,10a,mediterranean,February,"Summer production solid. Tomatoes, beans, cucumbers, zucchini, pumpkins grow well with consistent water. Pick regularly.

Sow autumn crops in warm soil: carrots, beets, brassicas, lettuce establish quickly.

Water deeply morning. Mulch moderates temperature."
Midland,WA,temperate,10a,mediterranean,March,"Autumn established. Prime time for cool-season crops: brassicas, lettuce, roots, peas, beans.

Plant seedlings and direct-sow freely. Garlic in April. Everything grows steadily as temperatures cool.

Clear summer crops. Empty beds should be mulched."
Midland,WA,temperate,10a,mediterranean,April,"Autumn established. Prime time for cool-season crops: brassicas, lettuce, roots, peas, beans.

Plant seedlings and direct-sow freely. Garlic in April. Everything grows steadily as temperatures cool.

Clear summer crops. Empty beds should be mulched."
Midland,WA,temperate,10a,mediterranean,May,"Autumn established. Prime time for cool-season crops: brassicas, lettuce, roots, peas, beans.

Plant seedlings and direct-sow freely. Garlic in April. Everything grows steadily as temperatures cool.

Clear summer crops. Empty beds should be mulched."
Midland,WA,temperate,10a,mediterranean,June,"Winter is cool to cold. Frosts vary by location.

Winter crops provide steady harvest. Kale, spinach, peas, beans, roots produce. Protect tender plantings.

Start spring seedlings indoors. Prepare beds."
Midland,WA,temperate,10a,mediterranean,July,"Winter is cool to cold. Frosts vary by location.

Winter crops provide steady harvest. Kale, spinach, peas, beans, roots produce. Protect tender plantings.

Start spring seedlings indoors. Prepare beds."
Midland,WA,temperate,10a,mediterranean,August,"Winter is cool to cold. Frosts vary by location.

Winter crops provide steady harvest. Kale, spinach, peas, beans, roots produce. Protect tender plantings.

Start spring seedlings indoors. Prepare beds."
Midland,WA,temperate,10a,mediterranean,September,"Spring arrives progressively. Frost risk decreases but may linger into early October.

Plant tender crops after last frost. Sow: carrots, lettuce, roots, herbs. Succession sow.

Growth accelerates through spring."
Midland,WA,temperate,10a,mediterranean,October,"Spring arrives progressively. Frost risk decreases but may linger into early October.

Plant tender crops after last frost. Sow: carrots, lettuce, roots, herbs. Succession sow.

Growth accelerates through spring."
Midland,WA,temperate,10a,mediterranean,November,"Spring arrives progressively. Frost risk decreases but may linger into early October.

Plant tender crops after last frost. Sow: carrots, lettuce, roots, herbs. Succession sow.

Growth accelerates through spring."
Midland,WA,temperate,10a,mediterranean,December,"Summer production solid. Tomatoes, beans, cucumbers, zucchini, pumpkins grow well with consistent water. Pick regularly.

Sow autumn crops in warm soil: carrots, beets, brassicas, lettuce establish quickly.

Water deeply morning. Mulch moderates temperature."
Narrogin,WA,cool,9b,mediterranean,January,"Summer is milder. Growth steady but cool nights limit heat-lovers. Keep picking.

Start brassica and lettuce seedlings indoors. Direct-sow carrots, beetroot, silverbeet, kale.

Water deeply morning. Mulch heavily."
Narrogin,WA,cool,9b,mediterranean,February,"Summer is milder. Growth steady but cool nights limit heat-lovers. Keep picking.

Start brassica and lettuce seedlings indoors. Direct-sow carrots, beetroot, silverbeet, kale.

Water deeply morning. Mulch heavily."
Narrogin,WA,cool,9b,mediterranean,March,"Autumn transitions fast. Cool nights arrive, autumn crops thrive.

Plant brassicas, lettuce, leeks, onions. Direct-sow roots, peas, spinach, beans. Garlic in April.

Clear summer crops promptly. Empty beds need compost."
Narrogin,WA,cool,9b,mediterranean,April,"Autumn transitions fast. Cool nights arrive, autumn crops thrive.

Plant brassicas, lettuce, leeks, onions. Direct-sow roots, peas, spinach, beans. Garlic in April.

Clear summer crops promptly. Empty beds need compost."
Narrogin,WA,cool,9b,mediterranean,May,"Autumn transitions fast. Cool nights arrive, autumn crops thrive.

Plant brassicas, lettuce, leeks, onions. Direct-sow roots, peas, spinach, beans. Garlic in April.

Clear summer crops promptly. Empty beds need compost."
Narrogin,WA,cool,9b,mediterranean,June,"Winter is cool but manageable. Occasional frosts, not constant.

Winter crops grow steadily. Spinach, kale, peas, beans, brassicas, roots produce regular harvest.

Start spring seedlings by August. Use quiet winter for planning."
Narrogin,WA,cool,9b,mediterranean,July,"Winter is cool but manageable. Occasional frosts, not constant.

Winter crops grow steadily. Spinach, kale, peas, beans, brassicas, roots produce regular harvest.

Start spring seedlings by August. Use quiet winter for planning."
Narrogin,WA,cool,9b,mediterranean,August,"Winter is cool but manageable. Occasional frosts, not constant.

Winter crops grow steadily. Spinach, kale, peas, beans, brassicas, roots produce regular harvest.

Start spring seedlings by August. Use quiet winter for planning."
Narrogin,WA,cool,9b,mediterranean,September,"Spring arrives progressively. Early spring carries frost risk but warmth increases.

Plant tender crops by late October after frost passes. Sow: carrots, lettuce, roots. Succession sow.

Growth accelerates week by week."
Narrogin,WA,cool,9b,mediterranean,October,"Spring arrives progressively. Early spring carries frost risk but warmth increases.

Plant tender crops by late October after frost passes. Sow: carrots, lettuce, roots. Succession sow.

Growth accelerates week by week."
Narrogin,WA,cool,9b,mediterranean,November,"Spring arrives progressively. Early spring carries frost risk but warmth increases.

Plant tender crops by late October after frost passes. Sow: carrots, lettuce, roots. Succession sow.

Growth accelerates week by week."
Narrogin,WA,cool,9b,mediterranean,December,"Summer is milder. Growth steady but cool nights limit heat-lovers. Keep picking.

Start brassica and lettuce seedlings indoors. Direct-sow carrots, beetroot, silverbeet, kale.

Water deeply morning. Mulch heavily."
Northam,WA,temperate,10a,mediterranean,January,"Summer production solid. Tomatoes, beans, cucumbers, zucchini, pumpkins grow well with consistent water. Pick regularly.

Sow autumn crops in warm soil: carrots, beets, brassicas, lettuce establish quickly.

Water deeply morning. Mulch moderates temperature."
Northam,WA,temperate,10a,mediterranean,February,"Summer production solid. Tomatoes, beans, cucumbers, zucchini, pumpkins grow well with consistent water. Pick regularly.

Sow autumn crops in warm soil: carrots, beets, brassicas, lettuce establish quickly.

Water deeply morning. Mulch moderates temperature."
Northam,WA,temperate,10a,mediterranean,March,"Autumn established. Prime time for cool-season crops: brassicas, lettuce, roots, peas, beans.

Plant seedlings and direct-sow freely. Garlic in April. Everything grows steadily as temperatures cool.

Clear summer crops. Empty beds should be mulched."
Northam,WA,temperate,10a,mediterranean,April,"Autumn established. Prime time for cool-season crops: brassicas, lettuce, roots, peas, beans.

Plant seedlings and direct-sow freely. Garlic in April. Everything grows steadily as temperatures cool.

Clear summer crops. Empty beds should be mulched."
Northam,WA,temperate,10a,mediterranean,May,"Autumn established. Prime time for cool-season crops: brassicas, lettuce, roots, peas, beans.

Plant seedlings and direct-sow freely. Garlic in April. Everything grows steadily as temperatures cool.

Clear summer crops. Empty beds should be mulched."
Northam,WA,temperate,10a,mediterranean,June,"Winter is cool to cold. Frosts vary by location.

Winter crops provide steady harvest. Kale, spinach, peas, beans, roots produce. Protect tender plantings.

Start spring seedlings indoors. Prepare beds."
Northam,WA,temperate,10a,mediterranean,July,"Winter is cool to cold. Frosts vary by location.

Winter crops provide steady harvest. Kale, spinach, peas, beans, roots produce. Protect tender plantings.

Start spring seedlings indoors. Prepare beds."
Northam,WA,temperate,10a,mediterranean,August,"Winter is cool to cold. Frosts vary by location.

Winter crops provide steady harvest. Kale, spinach, peas, beans, roots produce. Protect tender plantings.

Start spring seedlings indoors. Prepare beds."
Northam,WA,temperate,10a,mediterranean,September,"Spring arrives progressively. Frost risk decreases but may linger into early October.

Plant tender crops after last frost. Sow: carrots, lettuce, roots, herbs. Succession sow.

Growth accelerates through spring."
Northam,WA,temperate,10a,mediterranean,October,"Spring arrives progressively. Frost risk decreases but may linger into early October.

Plant tender crops after last frost. Sow: carrots, lettuce, roots, herbs. Succession sow.

Growth accelerates through spring."
Northam,WA,temperate,10a,mediterranean,November,"Spring arrives progressively. Frost risk decreases but may linger into early October.

Plant tender crops after last frost. Sow: carrots, lettuce, roots, herbs. Succession sow.

Growth accelerates through spring."
Northam,WA,temperate,10a,mediterranean,December,"Summer production solid. Tomatoes, beans, cucumbers, zucchini, pumpkins grow well with consistent water. Pick regularly.

Sow autumn crops in warm soil: carrots, beets, brassicas, lettuce establish quickly.

Water deeply morning. Mulch moderates temperature."
Perth,WA,temperate,10a,coastal|mediterranean,January,"Summer production solid. Tomatoes, beans, cucumbers, zucchini, pumpkins grow well with consistent water. Pick regularly.

Sow autumn crops in warm soil: carrots, beets, brassicas, lettuce establish quickly.

Water deeply morning. Mulch moderates temperature."
Perth,WA,temperate,10a,coastal|mediterranean,February,"Summer production solid. Tomatoes, beans, cucumbers, zucchini, pumpkins grow well with consistent water. Pick regularly.

Sow autumn crops in warm soil: carrots, beets, brassicas, lettuce establish quickly.

Water deeply morning. Mulch moderates temperature."
Perth,WA,temperate,10a,coastal|mediterranean,March,"Autumn established. Prime time for cool-season crops: brassicas, lettuce, roots, peas, beans.

Plant seedlings and direct-sow freely. Garlic in April. Everything grows steadily as temperatures cool.

Clear summer crops. Empty beds should be mulched."
Perth,WA,temperate,10a,coastal|mediterranean,April,"Autumn established. Prime time for cool-season crops: brassicas, lettuce, roots, peas, beans.

Plant seedlings and direct-sow freely. Garlic in April. Everything grows steadily as temperatures cool.

Clear summer crops. Empty beds should be mulched."
Perth,WA,temperate,10a,coastal|mediterranean,May,"Autumn established. Prime time for cool-season crops: brassicas, lettuce, roots, peas, beans.

Plant seedlings and direct-sow freely. Garlic in April. Everything grows steadily as temperatures cool.

Clear summer crops. Empty beds should be mulched."
Perth,WA,temperate,10a,coastal|mediterranean,June,"Winter is cool to cold. Frosts vary by location.

Winter crops provide steady harvest. Kale, spinach, peas, beans, roots produce. Protect tender plantings.

Start spring seedlings indoors. Prepare beds."
Perth,WA,temperate,10a,coastal|mediterranean,July,"Winter is cool to cold. Frosts vary by location.

Winter crops provide steady harvest. Kale, spinach, peas, beans, roots produce. Protect tender plantings.

Start spring seedlings indoors. Prepare beds."
Perth,WA,temperate,10a,coastal|mediterranean,August,"Winter is cool to cold. Frosts vary by location.

Winter crops provide steady harvest. Kale, spinach, peas, beans, roots produce. Protect tender plantings.

Start spring seedlings indoors. Prepare beds."
Perth,WA,temperate,10a,coastal|mediterranean,September,"Spring arrives progressively. Frost risk decreases but may linger into early October.

Plant tender crops after last frost. Sow: carrots, lettuce, roots, herbs. Succession sow.

Growth accelerates through spring."
Perth,WA,temperate,10a,coastal|mediterranean,October,"Spring arrives progressively. Frost risk decreases but may linger into early October.

Plant tender crops after last frost. Sow: carrots, lettuce, roots, herbs. Succession sow.

Growth accelerates through spring."
Perth,WA,temperate,10a,coastal|mediterranean,November,"Spring arrives progressively. Frost risk decreases but may linger into early October.

Plant tender crops after last frost. Sow: carrots, lettuce, roots, herbs. Succession sow.

Growth accelerates through spring."
Perth,WA,temperate,10a,coastal|mediterranean,December,"Summer production solid. Tomatoes, beans, cucumbers, zucchini, pumpkins grow well with consistent water. Pick regularly.

Sow autumn crops in warm soil: carrots, beets, brassicas, lettuce establish quickly.

Water deeply morning. Mulch moderates temperature."
Port Hedland,WA,warm,11b,mediterranean,January,"Summer warm but coastal moderation helps. Regular growth with good water management.

Sow autumn crops in warm soil. Carrots, beets, brassicas, lettuce establish quickly.

Deep early morning watering prevents stress."
Port Hedland,WA,warm,11b,mediterranean,February,"Summer warm but coastal moderation helps. Regular growth with good water management.

Sow autumn crops in warm soil. Carrots, beets, brassicas, lettuce establish quickly.

Deep early morning watering prevents stress."
Port Hedland,WA,warm,11b,mediterranean,March,"Autumn mild and extended by coastal protection. Excellent for cool-weather crops.

Plant brassicas, lettuce, onions, leeks, roots. Direct-sow peas, beans, Asian greens. Garlic in April.

Autumn is prime season."
Port Hedland,WA,warm,11b,mediterranean,April,"Autumn mild and extended by coastal protection. Excellent for cool-weather crops.

Plant brassicas, lettuce, onions, leeks, roots. Direct-sow peas, beans, Asian greens. Garlic in April.

Autumn is prime season."
Port Hedland,WA,warm,11b,mediterranean,May,"Autumn mild and extended by coastal protection. Excellent for cool-weather crops.

Plant brassicas, lettuce, onions, leeks, roots. Direct-sow peas, beans, Asian greens. Garlic in April.

Autumn is prime season."
Port Hedland,WA,warm,11b,mediterranean,June,"Winter mild. Frosts rare. Growth continues steadily.

Winter crops produce heavily. Brassicas, lettuce, spinach, peas, roots thrive.

Start spring seedlings by August."
Port Hedland,WA,warm,11b,mediterranean,July,"Winter mild. Frosts rare. Growth continues steadily.

Winter crops produce heavily. Brassicas, lettuce, spinach, peas, roots thrive.

Start spring seedlings by August."
Port Hedland,WA,warm,11b,mediterranean,August,"Winter mild. Frosts rare. Growth continues steadily.

Winter crops produce heavily. Brassicas, lettuce, spinach, peas, roots thrive.

Start spring seedlings by August."
Port Hedland,WA,warm,11b,mediterranean,September,"Spring arrives gradually, moderated by coast. Growth accelerates steadily.

Plant tender crops: tomatoes, capsicums, beans. Sow lettuce, herbs, quick crops. Succession sow.

Spring is extended and rewarding."
Port Hedland,WA,warm,11b,mediterranean,October,"Spring arrives gradually, moderated by coast. Growth accelerates steadily.

Plant tender crops: tomatoes, capsicums, beans. Sow lettuce, herbs, quick crops. Succession sow.

Spring is extended and rewarding."
Port Hedland,WA,warm,11b,mediterranean,November,"Spring arrives gradually, moderated by coast. Growth accelerates steadily.

Plant tender crops: tomatoes, capsicums, beans. Sow lettuce, herbs, quick crops. Succession sow.

Spring is extended and rewarding."
Port Hedland,WA,warm,11b,mediterranean,December,"Summer warm but coastal moderation helps. Regular growth with good water management.

Sow autumn crops in warm soil. Carrots, beets, brassicas, lettuce establish quickly.

Deep early morning watering prevents stress."
Rockingham,WA,temperate,10a,coastal|mediterranean,January,"Summer production solid. Tomatoes, beans, cucumbers, zucchini, pumpkins grow well with consistent water. Pick regularly.

Sow autumn crops in warm soil: carrots, beets, brassicas, lettuce establish quickly.

Water deeply morning. Mulch moderates temperature."
Rockingham,WA,temperate,10a,coastal|mediterranean,February,"Summer production solid. Tomatoes, beans, cucumbers, zucchini, pumpkins grow well with consistent water. Pick regularly.

Sow autumn crops in warm soil: carrots, beets, brassicas, lettuce establish quickly.

Water deeply morning. Mulch moderates temperature."
Rockingham,WA,temperate,10a,coastal|mediterranean,March,"Autumn established. Prime time for cool-season crops: brassicas, lettuce, roots, peas, beans.

Plant seedlings and direct-sow freely. Garlic in April. Everything grows steadily as temperatures cool.

Clear summer crops. Empty beds should be mulched."
Rockingham,WA,temperate,10a,coastal|mediterranean,April,"Autumn established. Prime time for cool-season crops: brassicas, lettuce, roots, peas, beans.

Plant seedlings and direct-sow freely. Garlic in April. Everything grows steadily as temperatures cool.

Clear summer crops. Empty beds should be mulched."
Rockingham,WA,temperate,10a,coastal|mediterranean,May,"Autumn established. Prime time for cool-season crops: brassicas, lettuce, roots, peas, beans.

Plant seedlings and direct-sow freely. Garlic in April. Everything grows steadily as temperatures cool.

Clear summer crops. Empty beds should be mulched."
Rockingham,WA,temperate,10a,coastal|mediterranean,June,"Winter is cool to cold. Frosts vary by location.

Winter crops provide steady harvest. Kale, spinach, peas, beans, roots produce. Protect tender plantings.

Start spring seedlings indoors. Prepare beds."
Rockingham,WA,temperate,10a,coastal|mediterranean,July,"Winter is cool to cold. Frosts vary by location.

Winter crops provide steady harvest. Kale, spinach, peas, beans, roots produce. Protect tender plantings.

Start spring seedlings indoors. Prepare beds."
Rockingham,WA,temperate,10a,coastal|mediterranean,August,"Winter is cool to cold. Frosts vary by location.

Winter crops provide steady harvest. Kale, spinach, peas, beans, roots produce. Protect tender plantings.

Start spring seedlings indoors. Prepare beds."
Rockingham,WA,temperate,10a,coastal|mediterranean,September,"Spring arrives progressively. Frost risk decreases but may linger into early October.

Plant tender crops after last frost. Sow: carrots, lettuce, roots, herbs. Succession sow.

Growth accelerates through spring."
Rockingham,WA,temperate,10a,coastal|mediterranean,October,"Spring arrives progressively. Frost risk decreases but may linger into early October.

Plant tender crops after last frost. Sow: carrots, lettuce, roots, herbs. Succession sow.

Growth accelerates through spring."
Rockingham,WA,temperate,10a,coastal|mediterranean,November,"Spring arrives progressively. Frost risk decreases but may linger into early October.

Plant tender crops after last frost. Sow: carrots, lettuce, roots, herbs. Succession sow.

Growth accelerates through spring."
Rockingham,WA,temperate,10a,coastal|mediterranean,December,"Summer production solid. Tomatoes, beans, cucumbers, zucchini, pumpkins grow well with consistent water. Pick regularly.

Sow autumn crops in warm soil: carrots, beets, brassicas, lettuce establish quickly.

Water deeply morning. Mulch moderates temperature."
Scarborough,WA,temperate,10a,coastal|mediterranean,January,"Summer production solid. Tomatoes, beans, cucumbers, zucchini, pumpkins grow well with consistent water. Pick regularly.

Sow autumn crops in warm soil: carrots, beets, brassicas, lettuce establish quickly.

Water deeply morning. Mulch moderates temperature."
Scarborough,WA,temperate,10a,coastal|mediterranean,February,"Summer production solid. Tomatoes, beans, cucumbers, zucchini, pumpkins grow well with consistent water. Pick regularly.

Sow autumn crops in warm soil: carrots, beets, brassicas, lettuce establish quickly.

Water deeply morning. Mulch moderates temperature."
Scarborough,WA,temperate,10a,coastal|mediterranean,March,"Autumn established. Prime time for cool-season crops: brassicas, lettuce, roots, peas, beans.

Plant seedlings and direct-sow freely. Garlic in April. Everything grows steadily as temperatures cool.

Clear summer crops. Empty beds should be mulched."
Scarborough,WA,temperate,10a,coastal|mediterranean,April,"Autumn established. Prime time for cool-season crops: brassicas, lettuce, roots, peas, beans.

Plant seedlings and direct-sow freely. Garlic in April. Everything grows steadily as temperatures cool.

Clear summer crops. Empty beds should be mulched."
Scarborough,WA,temperate,10a,coastal|mediterranean,May,"Autumn established. Prime time for cool-season crops: brassicas, lettuce, roots, peas, beans.

Plant seedlings and direct-sow freely. Garlic in April. Everything grows steadily as temperatures cool.

Clear summer crops. Empty beds should be mulched."
Scarborough,WA,temperate,10a,coastal|mediterranean,June,"Winter is cool to cold. Frosts vary by location.

Winter crops provide steady harvest. Kale, spinach, peas, beans, roots produce. Protect tender plantings.

Start spring seedlings indoors. Prepare beds."
Scarborough,WA,temperate,10a,coastal|mediterranean,July,"Winter is cool to cold. Frosts vary by location.

Winter crops provide steady harvest. Kale, spinach, peas, beans, roots produce. Protect tender plantings.

Start spring seedlings indoors. Prepare beds."
Scarborough,WA,temperate,10a,coastal|mediterranean,August,"Winter is cool to cold. Frosts vary by location.

Winter crops provide steady harvest. Kale, spinach, peas, beans, roots produce. Protect tender plantings.

Start spring seedlings indoors. Prepare beds."
Scarborough,WA,temperate,10a,coastal|mediterranean,September,"Spring arrives progressively. Frost risk decreases but may linger into early October.

Plant tender crops after last frost. Sow: carrots, lettuce, roots, herbs. Succession sow.

Growth accelerates through spring."
Scarborough,WA,temperate,10a,coastal|mediterranean,October,"Spring arrives progressively. Frost risk decreases but may linger into early October.

Plant tender crops after last frost. Sow: carrots, lettuce, roots, herbs. Succession sow.

Growth accelerates through spring."
Scarborough,WA,temperate,10a,coastal|mediterranean,November,"Spring arrives progressively. Frost risk decreases but may linger into early October.

Plant tender crops after last frost. Sow: carrots, lettuce, roots, herbs. Succession sow.

Growth accelerates through spring."
Scarborough,WA,temperate,10a,coastal|mediterranean,December,"Summer production solid. Tomatoes, beans, cucumbers, zucchini, pumpkins grow well with consistent water. Pick regularly.

Sow autumn crops in warm soil: carrots, beets, brassicas, lettuce establish quickly.

Water deeply morning. Mulch moderates temperature."
Subiaco,WA,temperate,10a,coastal|mediterranean,January,"Summer production solid. Tomatoes, beans, cucumbers, zucchini, pumpkins grow well with consistent water. Pick regularly.

Sow autumn crops in warm soil: carrots, beets, brassicas, lettuce establish quickly.

Water deeply morning. Mulch moderates temperature."
Subiaco,WA,temperate,10a,coastal|mediterranean,February,"Summer production solid. Tomatoes, beans, cucumbers, zucchini, pumpkins grow well with consistent water. Pick regularly.

Sow autumn crops in warm soil: carrots, beets, brassicas, lettuce establish quickly.

Water deeply morning. Mulch moderates temperature."
Subiaco,WA,temperate,10a,coastal|mediterranean,March,"Autumn established. Prime time for cool-season crops: brassicas, lettuce, roots, peas, beans.

Plant seedlings and direct-sow freely. Garlic in April. Everything grows steadily as temperatures cool.

Clear summer crops. Empty beds should be mulched."
Subiaco,WA,temperate,10a,coastal|mediterranean,April,"Autumn established. Prime time for cool-season crops: brassicas, lettuce, roots, peas, beans.

Plant seedlings and direct-sow freely. Garlic in April. Everything grows steadily as temperatures cool.

Clear summer crops. Empty beds should be mulched."
Subiaco,WA,temperate,10a,coastal|mediterranean,May,"Autumn established. Prime time for cool-season crops: brassicas, lettuce, roots, peas, beans.

Plant seedlings and direct-sow freely. Garlic in April. Everything grows steadily as temperatures cool.

Clear summer crops. Empty beds should be mulched."
Subiaco,WA,temperate,10a,coastal|mediterranean,June,"Winter is cool to cold. Frosts vary by location.

Winter crops provide steady harvest. Kale, spinach, peas, beans, roots produce. Protect tender plantings.

Start spring seedlings indoors. Prepare beds."
Subiaco,WA,temperate,10a,coastal|mediterranean,July,"Winter is cool to cold. Frosts vary by location.

Winter crops provide steady harvest. Kale, spinach, peas, beans, roots produce. Protect tender plantings.

Start spring seedlings indoors. Prepare beds."
Subiaco,WA,temperate,10a,coastal|mediterranean,August,"Winter is cool to cold. Frosts vary by location.

Winter crops provide steady harvest. Kale, spinach, peas, beans, roots produce. Protect tender plantings.

Start spring seedlings indoors. Prepare beds."
Subiaco,WA,temperate,10a,coastal|mediterranean,September,"Spring arrives progressively. Frost risk decreases but may linger into early October.

Plant tender crops after last frost. Sow: carrots, lettuce, roots, herbs. Succession sow.

Growth accelerates through spring."
Subiaco,WA,temperate,10a,coastal|mediterranean,October,"Spring arrives progressively. Frost risk decreases but may linger into early October.

Plant tender crops after last frost. Sow: carrots, lettuce, roots, herbs. Succession sow.

Growth accelerates through spring."
Subiaco,WA,temperate,10a,coastal|mediterranean,November,"Spring arrives progressively. Frost risk decreases but may linger into early October.

Plant tender crops after last frost. Sow: carrots, lettuce, roots, herbs. Succession sow.

Growth accelerates through spring."
Subiaco,WA,temperate,10a,coastal|mediterranean,December,"Summer production solid. Tomatoes, beans, cucumbers, zucchini, pumpkins grow well with consistent water. Pick regularly.

Sow autumn crops in warm soil: carrots, beets, brassicas, lettuce establish quickly.

Water deeply morning. Mulch moderates temperature."
